"Type","Name","File","Hits"
"Class","ClipboardUtil","src\main\java\networktool\filter\ClipboardUtil.java","0"
"Class","HostResultFilter","src\main\java\networktool\filter\HostResultFilter.java","0"
"Class","HostResultPrinter","src\main\java\networktool\filter\HostResultPrinter.java","0"
"Class","JsonExporter","src\main\java\networktool\filter\JsonExporter.java","0"
"Class","OutputRenderer","src\main\java\networktool\filter\OutputRenderer.java","0"
"Class","OutputRendererRegistry","src\main\java\networktool\filter\OutputRendererRegistry.java","0"
"Class","ScanFilter","src\main\java\networktool\filter\ScanFilter.java","0"
"Class","TablePrinter","src\main\java\networktool\filter\TablePrinter.java","0"
"Class","GuiNetworkBar","src\main\java\networktool\gui\components\GuiNetworkBar.java","0"
"Class","GuiProgressBar","src\main\java\networktool\gui\components\GuiProgressBar.java","0"
"Class","RoundedProgressBarUI","src\main\java\networktool\gui\components\GuiProgressBar.java","0"
"Class","GuiSidebar","src\main\java\networktool\gui\components\GuiSidebar.java","0"
"Class","GuiStatusBar","src\main\java\networktool\gui\components\GuiStatusBar.java","0"
"Class","PingGraphRenderer","src\main\java\networktool\gui\components\PingGraphRenderer.java","0"
"Class","SidebarAccordion","src\main\java\networktool\gui\components\SidebarAccordion.java","0"
"Class","AccessLevel","src\main\java\networktool\gui\components\SidebarAccordion.java","0"
"Class","SectionKind","src\main\java\networktool\gui\components\SidebarAccordion.java","0"
"Class","GroupEntry","src\main\java\networktool\gui\components\SidebarAccordion.java","0"
"Class","SidebarPowerMenu","src\main\java\networktool\gui\components\SidebarPowerMenu.java","0"
"Class","StatusDot","src\main\java\networktool\gui\components\SidebarPowerMenu.java","0"
"Class","TrafficSpectrogramPanel","src\main\java\networktool\gui\components\TrafficSpectrogramPanel.java","0"
"Class","TrafficSpectrogramRenderer","src\main\java\networktool\gui\components\TrafficSpectrogramRenderer.java","0"
"Class","TrafficVisualizerPanel","src\main\java\networktool\gui\components\TrafficVisualizerPanel.java","0"
"Class","TrafficWaveformRenderer","src\main\java\networktool\gui\components\TrafficWaveformRenderer.java","0"
"Class","BarDirection","src\main\java\networktool\gui\components\TrafficWaveformRenderer.java","0"
"Class","GuiContextMenu","src\main\java\networktool\gui\components\actions\GuiContextMenu.java","0"
"Class","GuiDataIOActions","src\main\java\networktool\gui\components\actions\GuiDataIOActions.java","0"
"Class","GuiDiagnosticsActions","src\main\java\networktool\gui\components\actions\GuiDiagnosticsActions.java","0"
"Class","GuiRemoteActions","src\main\java\networktool\gui\components\actions\GuiRemoteActions.java","0"
"Class","WebPort","src\main\java\networktool\gui\components\actions\GuiRemoteActions.java","0"
"Class","NtfyTopicPrompt","src\main\java\networktool\gui\components\actions\NtfyTopicPrompt.java","0"
"Class","RemoteDeviceDialogs","src\main\java\networktool\gui\components\actions\RemoteDeviceDialogs.java","0"
"Class","GuiNetworkMap","src\main\java\networktool\gui\components\map\GuiNetworkMap.java","0"
"Class","NodeType","src\main\java\networktool\gui\components\map\GuiNetworkMap.java","0"
"Class","EdgeType","src\main\java\networktool\gui\components\map\GuiNetworkMap.java","0"
"Class","Node","src\main\java\networktool\gui\components\map\GuiNetworkMap.java","0"
"Class","Edge","src\main\java\networktool\gui\components\map\GuiNetworkMap.java","0"
"Class","GuiNetworkMapChrome","src\main\java\networktool\gui\components\map\GuiNetworkMapChrome.java","0"
"Class","GuiNetworkMapScanTasks","src\main\java\networktool\gui\components\map\GuiNetworkMapScanTasks.java","0"
"Class","GuiForeignNetActions","src\main\java\networktool\gui\components\scan\GuiForeignNetActions.java","0"
"Class","GuiHopAnalysis","src\main\java\networktool\gui\components\scan\GuiHopAnalysis.java","0"
"Class","GuiScanActions","src\main\java\networktool\gui\components\scan\GuiScanActions.java","0"
"Class","GuiScanCompareActions","src\main\java\networktool\gui\components\scan\GuiScanCompareActions.java","0"
"Class","GuiScanProfileActions","src\main\java\networktool\gui\components\scan\GuiScanProfileActions.java","0"
"Class","GuiSchedulerActions","src\main\java\networktool\gui\components\scan\GuiSchedulerActions.java","0"
"Class","GuiSonifyActions","src\main\java\networktool\gui\components\scan\GuiSonifyActions.java","0"
"Class","GuiTrafficSpectrogramActions","src\main\java\networktool\gui\components\scan\GuiTrafficSpectrogramActions.java","0"
"Class","GuiTrafficVisualizerActions","src\main\java\networktool\gui\components\scan\GuiTrafficVisualizerActions.java","0"
"Class","GuiSearchBar","src\main\java\networktool\gui\components\table\GuiSearchBar.java","0"
"Class","GuiTableRenderer","src\main\java\networktool\gui\components\table\GuiTableRenderer.java","0"
"Class","SearchResultRow","src\main\java\networktool\gui\components\table\SearchResultRow.java","0"
"Class","GuiSshTerminal","src\main\java\networktool\gui\components\terminal\GuiSshTerminal.java","0"
"Class","SshConnectionWorker","src\main\java\networktool\gui\components\terminal\SshConnectionWorker.java","0"
"Class","SshTerminalWindowBuilder","src\main\java\networktool\gui\components\terminal\SshTerminalWindowBuilder.java","0"
"Class","TerminalChrome","src\main\java\networktool\gui\components\terminal\TerminalChrome.java","0"
"Class","GUI","src\main\java\networktool\gui\core\GUI.java","0"
"Class","GuiFrameLayout","src\main\java\networktool\gui\core\GuiFrameLayout.java","0"
"Class","GuiMenuDispatch","src\main\java\networktool\gui\core\GuiMenuDispatch.java","0"
"Class","GuiMenuHandler","src\main\java\networktool\gui\core\GuiMenuHandler.java","0"
"Class","GuiMenuRegistry","src\main\java\networktool\gui\core\GuiMenuRegistry.java","0"
"Class","GuiRestartFlow","src\main\java\networktool\gui\core\GuiRestartFlow.java","0"
"Class","GuiStartupTasks","src\main\java\networktool\gui\core\GuiStartupTasks.java","0"
"Class","GuiWindowActions","src\main\java\networktool\gui\core\GuiWindowActions.java","0"
"Class","HostDetailRows","src\main\java\networktool\gui\hostdetails\HostDetailRows.java","0"
"Class","HostDetailsPanel","src\main\java\networktool\gui\hostdetails\HostDetailsPanel.java","0"
"Class","HostInfoTab","src\main\java\networktool\gui\hostdetails\HostInfoTab.java","0"
"Class","HostNotesTab","src\main\java\networktool\gui\hostdetails\HostNotesTab.java","0"
"Class","HostPingTab","src\main\java\networktool\gui\hostdetails\HostPingTab.java","0"
"Class","HostPortsTab","src\main\java\networktool\gui\hostdetails\HostPortsTab.java","0"
"Class","HostSaveDialog","src\main\java\networktool\gui\hostdetails\HostSaveDialog.java","0"
"Class","GuiLoginRateLimiter","src\main\java\networktool\gui\login\GuiLoginRateLimiter.java","0"
"Class","LoginButtons","src\main\java\networktool\gui\login\LoginButtons.java","0"
"Class","LoginChoiceScreen","src\main\java\networktool\gui\login\LoginChoiceScreen.java","0"
"Class","LoginFormBuilder","src\main\java\networktool\gui\login\LoginFormBuilder.java","0"
"Class","LoginFormLayout","src\main\java\networktool\gui\login\LoginFormLayout.java","0"
"Class","LoginInputs","src\main\java\networktool\gui\login\LoginInputs.java","0"
"Class","LoginLockoutWatcher","src\main\java\networktool\gui\login\LoginLockoutWatcher.java","0"
"Class","LoginScreens","src\main\java\networktool\gui\login\LoginScreens.java","0"
"Class","LoginShakeEffect","src\main\java\networktool\gui\login\LoginShakeEffect.java","0"
"Class","RegisterScreen","src\main\java\networktool\gui\login\RegisterScreen.java","0"
"Class","RegisterAttempt","src\main\java\networktool\gui\login\RegisterScreen.java","0"
"Class","MapCanvas","src\main\java\networktool\gui\map\MapCanvas.java","0"
"Class","MapContextMenu","src\main\java\networktool\gui\map\MapContextMenu.java","0"
"Class","MapDeviceSignatures","src\main\java\networktool\gui\map\MapDeviceSignatures.java","0"
"Class","MapEdgeBuilder","src\main\java\networktool\gui\map\MapEdgeBuilder.java","0"
"Class","MapHopDiscovery","src\main\java\networktool\gui\map\MapHopDiscovery.java","0"
"Class","MapLayout","src\main\java\networktool\gui\map\MapLayout.java","0"
"Class","MapLegend","src\main\java\networktool\gui\map\MapLegend.java","0"
"Class","MapNodeCollector","src\main\java\networktool\gui\map\MapNodeCollector.java","0"
"Class","MapNodeStyle","src\main\java\networktool\gui\map\MapNodeStyle.java","0"
"Class","MapRenderer","src\main\java\networktool\gui\map\MapRenderer.java","0"
"Class","MapSwitchStore","src\main\java\networktool\gui\map\MapSwitchStore.java","0"
"Class","MapTopology","src\main\java\networktool\gui\map\MapTopology.java","0"
"Class","LocalToast","src\main\java\networktool\gui\notification\LocalToast.java","0"
"Class","NotificationListener","src\main\java\networktool\gui\notification\NotificationListener.java","0"
"Class","NotificationTcpServer","src\main\java\networktool\gui\notification\NotificationTcpServer.java","0"
"Class","NtfyJsonParser","src\main\java\networktool\gui\notification\NtfyJsonParser.java","0"
"Class","NtfyEvent","src\main\java\networktool\gui\notification\NtfyJsonParser.java","0"
"Class","NtfySubscriptionManager","src\main\java\networktool\gui\notification\NtfySubscriptionManager.java","0"
"Class","NtfySubscriptions","src\main\java\networktool\gui\notification\NtfySubscriptions.java","0"
"Class","GuiInputPanel","src\main\java\networktool\gui\panels\GuiInputPanel.java","0"
"Class","InputCallback","src\main\java\networktool\gui\panels\GuiInputPanel.java","0"
"Class","GuiNetworkDialogs","src\main\java\networktool\gui\panels\GuiNetworkDialogs.java","0"
"Class","GuiOutputPanel","src\main\java\networktool\gui\panels\GuiOutputPanel.java","0"
"Class","OutputStreamRedirector","src\main\java\networktool\gui\panels\OutputStreamRedirector.java","0"
"Class","GuiAuditLegend","src\main\java\networktool\gui\panels\audit\GuiAuditLegend.java","0"
"Class","GuiAuditPanel","src\main\java\networktool\gui\panels\audit\GuiAuditPanel.java","0"
"Class","ToolbarRefs","src\main\java\networktool\gui\panels\audit\GuiAuditPanel.java","0"
"Class","GuiAuditTable","src\main\java\networktool\gui\panels\audit\GuiAuditTable.java","0"
"Class","GuiPrivacyPanel","src\main\java\networktool\gui\panels\privacy\GuiPrivacyPanel.java","0"
"Class","PrivacyNetworkActions","src\main\java\networktool\gui\panels\privacy\PrivacyNetworkActions.java","0"
"Class","PrivacyPanelStyle","src\main\java\networktool\gui\panels\privacy\PrivacyPanelStyle.java","0"
"Class","GuiSavedHostsPanel","src\main\java\networktool\gui\panels\saved\GuiSavedHostsPanel.java","0"
"Class","SavedHostsBulkActions","src\main\java\networktool\gui\panels\saved\SavedHostsBulkActions.java","0"
"Class","SavedHostsManualAdd","src\main\java\networktool\gui\panels\saved\SavedHostsManualAdd.java","0"
"Class","SavedHostsMoveMenu","src\main\java\networktool\gui\panels\saved\SavedHostsMoveMenu.java","0"
"Class","SavedHostsStyle","src\main\java\networktool\gui\panels\saved\SavedHostsStyle.java","0"
"Class","NoteDecryptionException","src\main\java\networktool\gui\security\NoteDecryptionException.java","0"
"Class","NoteEncryption","src\main\java\networktool\gui\security\NoteEncryption.java","0"
"Class","DebugLogEntry","src\main\java\networktool\logging\DebugLogEntry.java","0"
"Class","DebugLogFile","src\main\java\networktool\logging\DebugLogFile.java","0"
"Class","DebugLogger","src\main\java\networktool\logging\DebugLogger.java","0"
"Class","Holder","src\main\java\networktool\logging\DebugLogger.java","0"
"Class","LogEntry","src\main\java\networktool\logging\LogEntry.java","0"
"Class","LogFileBase","src\main\java\networktool\logging\LogFileBase.java","0"
"Class","TimeoutConfig","src\main\java\networktool\logic\TimeoutConfig.java","0"
"Class","ArpMonitor","src\main\java\networktool\logic\analysis\discovery\ArpMonitor.java","0"
"Class","Holder","src\main\java\networktool\logic\analysis\discovery\ArpMonitor.java","0"
"Class","DhcpOptionAnalyzer","src\main\java\networktool\logic\analysis\discovery\DhcpOptionAnalyzer.java","0"
"Class","Result","src\main\java\networktool\logic\analysis\discovery\DhcpOptionAnalyzer.java","0"
"Class","MdnsDiscovery","src\main\java\networktool\logic\analysis\discovery\MdnsDiscovery.java","0"
"Class","ServiceRecord","src\main\java\networktool\logic\analysis\discovery\MdnsDiscovery.java","0"
"Class","UpnpDiscovery","src\main\java\networktool\logic\analysis\discovery\UpnpDiscovery.java","0"
"Class","Device","src\main\java\networktool\logic\analysis\discovery\UpnpDiscovery.java","0"
"Class","ExtendedOsDetector","src\main\java\networktool\logic\analysis\os\ExtendedOsDetector.java","0"
"Class","OsBannerAnalyzer","src\main\java\networktool\logic\analysis\os\OsBannerAnalyzer.java","0"
"Class","OsDetectionLogger","src\main\java\networktool\logic\analysis\os\OsDetectionLogger.java","0"
"Class","OsDetectionPipeline","src\main\java\networktool\logic\analysis\os\OsDetectionPipeline.java","0"
"Class","Step","src\main\java\networktool\logic\analysis\os\OsDetectionPipeline.java","0"
"Class","OsDetectionStepRunner","src\main\java\networktool\logic\analysis\os\OsDetectionStepRunner.java","0"
"Class","OsDetector","src\main\java\networktool\logic\analysis\os\OsDetector.java","0"
"Class","Confidence","src\main\java\networktool\logic\analysis\os\OsDetector.java","0"
"Class","OsResult","src\main\java\networktool\logic\analysis\os\OsDetector.java","0"
"Class","OsDetectorArp","src\main\java\networktool\logic\analysis\os\OsDetectorArp.java","0"
"Class","OsDetectorHostname","src\main\java\networktool\logic\analysis\os\OsDetectorHostname.java","0"
"Class","OsDetectorPorts","src\main\java\networktool\logic\analysis\os\OsDetectorPorts.java","0"
"Class","OsFingerprint","src\main\java\networktool\logic\analysis\os\OsFingerprint.java","0"
"Class","OsParallelStepRunner","src\main\java\networktool\logic\analysis\os\OsParallelStepRunner.java","0"
"Class","NamedStep","src\main\java\networktool\logic\analysis\os\OsParallelStepRunner.java","0"
"Class","OsPortClassifier","src\main\java\networktool\logic\analysis\os\OsPortClassifier.java","0"
"Class","OsProbeUdp","src\main\java\networktool\logic\analysis\os\OsProbeUdp.java","0"
"Class","OsSignature","src\main\java\networktool\logic\analysis\os\OsSignature.java","0"
"Class","ScanDepth","src\main\java\networktool\logic\analysis\os\ScanDepth.java","0"
"Class","IcmpAnalyzer","src\main\java\networktool\logic\analysis\probe\IcmpAnalyzer.java","0"
"Class","Result","src\main\java\networktool\logic\analysis\probe\IcmpAnalyzer.java","0"
"Class","IpInspector","src\main\java\networktool\logic\analysis\probe\IpInspector.java","0"
"Class","OuiDatabase","src\main\java\networktool\logic\analysis\probe\OuiDatabase.java","0"
"Class","OuiUpdater","src\main\java\networktool\logic\analysis\probe\OuiUpdater.java","0"
"Class","PingMonitor","src\main\java\networktool\logic\analysis\probe\PingMonitor.java","0"
"Class","PingUtil","src\main\java\networktool\logic\analysis\probe\PingUtil.java","0"
"Class","TracerouteRenderer","src\main\java\networktool\logic\analysis\probe\TracerouteRenderer.java","0"
"Class","TracerouteRunner","src\main\java\networktool\logic\analysis\probe\TracerouteRunner.java","0"
"Class","HopInfo","src\main\java\networktool\logic\analysis\probe\TracerouteRunner.java","0"
"Class","WakeOnLan","src\main\java\networktool\logic\analysis\probe\WakeOnLan.java","0"
"Class","MessageDelivery","src\main\java\networktool\logic\messaging\MessageDelivery.java","0"
"Class","MessageDeliverySsh","src\main\java\networktool\logic\messaging\MessageDeliverySsh.java","0"
"Class","MessageDeliveryWinRm","src\main\java\networktool\logic\messaging\MessageDeliveryWinRm.java","0"
"Class","MessageSender","src\main\java\networktool\logic\messaging\MessageSender.java","0"
"Class","BannerGrabber","src\main\java\networktool\logic\ports\BannerGrabber.java","0"
"Class","PortScanner","src\main\java\networktool\logic\ports\PortScanner.java","0"
"Class","PortState","src\main\java\networktool\logic\ports\PortScanner.java","0"
"Class","HostAliveChecker","src\main\java\networktool\logic\scan\host\HostAliveChecker.java","0"
"Class","NetworkDiscoverySweep","src\main\java\networktool\logic\scan\host\NetworkDiscoverySweep.java","0"
"Class","NetworkHostArpResolver","src\main\java\networktool\logic\scan\host\NetworkHostArpResolver.java","0"
"Class","NetworkHostnameResolver","src\main\java\networktool\logic\scan\host\NetworkHostnameResolver.java","0"
"Class","NetworkHostScanner","src\main\java\networktool\logic\scan\host\NetworkHostScanner.java","0"
"Class","NetworkHostScanOrchestrator","src\main\java\networktool\logic\scan\host\NetworkHostScanOrchestrator.java","0"
"Class","NetworkInfo","src\main\java\networktool\logic\scan\host\NetworkInfo.java","0"
"Class","NetworkScanner","src\main\java\networktool\logic\scan\host\NetworkScanner.java","0"
"Class","NetworkScannerIpScan","src\main\java\networktool\logic\scan\host\NetworkScannerIpScan.java","0"
"Class","PingSweep","src\main\java\networktool\logic\scan\host\PingSweep.java","0"
"Class","ScanProgress","src\main\java\networktool\logic\scan\host\ScanProgress.java","0"
"Class","SubnetDetector","src\main\java\networktool\logic\scan\host\SubnetDetector.java","0"
"Class","RemoteNetGateway","src\main\java\networktool\logic\scan\remote\RemoteNetGateway.java","0"
"Class","RemoteNetProbe","src\main\java\networktool\logic\scan\remote\RemoteNetProbe.java","0"
"Class","RemoteNetScanner","src\main\java\networktool\logic\scan\remote\RemoteNetScanner.java","0"
"Class","ReachResult","src\main\java\networktool\logic\scan\remote\RemoteNetScanner.java","0"
"Class","AdaptiveTimeoutEstimator","src\main\java\networktool\logic\scan\schedule\AdaptiveTimeoutEstimator.java","0"
"Class","Holder","src\main\java\networktool\logic\scan\schedule\AdaptiveTimeoutEstimator.java","0"
"Class","ArpCacheEntry","src\main\java\networktool\logic\scan\schedule\ArpCacheEntry.java","0"
"Class","ArpCachePersistence","src\main\java\networktool\logic\scan\schedule\ArpCachePersistence.java","0"
"Class","LastScanCache","src\main\java\networktool\logic\scan\schedule\LastScanCache.java","0"
"Class","CachedHost","src\main\java\networktool\logic\scan\schedule\LastScanCache.java","0"
"Class","MapTrafficObserver","src\main\java\networktool\logic\scan\schedule\MapTrafficObserver.java","0"
"Class","NodeRole","src\main\java\networktool\logic\scan\schedule\MapTrafficObserver.java","0"
"Class","PortChangeMonitor","src\main\java\networktool\logic\scan\schedule\PortChangeMonitor.java","0"
"Class","Holder","src\main\java\networktool\logic\scan\schedule\PortChangeMonitor.java","0"
"Class","ScanDelta","src\main\java\networktool\logic\scan\schedule\ScanDelta.java","0"
"Class","ChangeType","src\main\java\networktool\logic\scan\schedule\ScanDelta.java","0"
"Class","DeltaEntry","src\main\java\networktool\logic\scan\schedule\ScanDelta.java","0"
"Class","ScanHistory","src\main\java\networktool\logic\scan\schedule\ScanHistory.java","0"
"Class","Holder","src\main\java\networktool\logic\scan\schedule\ScanHistory.java","0"
"Class","Entry","src\main\java\networktool\logic\scan\schedule\ScanHistory.java","0"
"Class","ScanRateLimiter","src\main\java\networktool\logic\scan\schedule\ScanRateLimiter.java","0"
"Class","Holder","src\main\java\networktool\logic\scan\schedule\ScanRateLimiter.java","0"
"Class","ScanScheduler","src\main\java\networktool\logic\scan\schedule\ScanScheduler.java","0"
"Class","Holder","src\main\java\networktool\logic\scan\schedule\ScanScheduler.java","0"
"Class","SubnetStats","src\main\java\networktool\logic\scan\schedule\SubnetStats.java","0"
"Class","ActiveInterfaceDetector","src\main\java\networktool\logic\sonify\ActiveInterfaceDetector.java","0"
"Class","BitEncoder","src\main\java\networktool\logic\sonify\BitEncoder.java","0"
"Class","InterfaceStatsReader","src\main\java\networktool\logic\sonify\InterfaceStatsReader.java","0"
"Class","PlainTone","src\main\java\networktool\logic\sonify\PlainTone.java","0"
"Class","SonifyConfig","src\main\java\networktool\logic\sonify\SonifyConfig.java","0"
"Class","SonifyConfigStore","src\main\java\networktool\logic\sonify\SonifyConfigStore.java","0"
"Class","ToneDuration","src\main\java\networktool\logic\sonify\ToneDuration.java","0"
"Class","ToneFrequency","src\main\java\networktool\logic\sonify\ToneFrequency.java","0"
"Class","ToneGenerator","src\main\java\networktool\logic\sonify\ToneGenerator.java","0"
"Class","TrafficSonifier","src\main\java\networktool\logic\sonify\TrafficSonifier.java","0"
"Class","TrafficTone","src\main\java\networktool\logic\sonify\TrafficTone.java","0"
"Class","TrafficSample","src\main\java\networktool\logic\visualize\TrafficSample.java","0"
"Class","TrafficVisualizer","src\main\java\networktool\logic\visualize\TrafficVisualizer.java","0"
"Class","PowerShellRunner","src\main\java\networktool\logic\windows\PowerShellRunner.java","0"
"Class","PsArpResolver","src\main\java\networktool\logic\windows\PsArpResolver.java","0"
"Class","PsCidrResolver","src\main\java\networktool\logic\windows\PsCidrResolver.java","0"
"Class","PsInterfaceStatsResolver","src\main\java\networktool\logic\windows\PsInterfaceStatsResolver.java","0"
"Class","PsNetScanResolver","src\main\java\networktool\logic\windows\PsNetScanResolver.java","0"
"Class","PsPortScanResolver","src\main\java\networktool\logic\windows\PsPortScanResolver.java","0"
"Class","HostResult","src\main\java\networktool\model\HostResult.java","0"
"Class","ScanProfile","src\main\java\networktool\model\ScanProfile.java","0"
"Class","ScanResult","src\main\java\networktool\model\ScanResult.java","0"
"Class","AuditLogEntry","src\main\java\networktool\security\AuditLogEntry.java","0"
"Class","AuditLogFile","src\main\java\networktool\security\AuditLogFile.java","0"
"Class","AuditLogger","src\main\java\networktool\security\AuditLogger.java","0"
"Class","Holder","src\main\java\networktool\security\AuditLogger.java","0"
"Class","LogEntry","src\main\java\networktool\security\AuditLogger.java","0"
"Class","LoginDialog","src\main\java\networktool\security\LoginDialog.java","0"
"Class","SecurityMonitor","src\main\java\networktool\security\SecurityMonitor.java","0"
"Class","Holder","src\main\java\networktool\security\SecurityMonitor.java","0"
"Class","UserAuth","src\main\java\networktool\security\UserAuth.java","0"
"Class","Holder","src\main\java\networktool\security\UserAuth.java","0"
"Class","UserAuthPersistence","src\main\java\networktool\security\UserAuthPersistence.java","0"
"Class","JsonCodec","src\main\java\networktool\storage\JsonCodec.java","0"
"Class","JsonHelper","src\main\java\networktool\storage\JsonHelper.java","0"
"Class","NotificationHistory","src\main\java\networktool\storage\NotificationHistory.java","0"
"Class","Holder","src\main\java\networktool\storage\NotificationHistory.java","0"
"Class","Entry","src\main\java\networktool\storage\NotificationHistory.java","0"
"Class","SavedHostsStore","src\main\java\networktool\storage\SavedHostsStore.java","0"
"Class","Holder","src\main\java\networktool\storage\SavedHostsStore.java","0"
"Class","StorageLocations","src\main\java\networktool\storage\StorageLocations.java","0"
"Class","StorageLocationsResolver","src\main\java\networktool\storage\StorageLocationsResolver.java","0"
"Class","StorageUtils","src\main\java\networktool\storage\StorageUtils.java","0"
"Class","TestConstants","src\main\java\networktool\storage\TestConstants.java","0"
"Class","CacheCrypto","src\main\java\networktool\storage\backup\CacheCrypto.java","0"
"Class","DataExporter","src\main\java\networktool\storage\export\DataExporter.java","0"
"Class","HostConsumer","src\main\java\networktool\storage\export\DataExporter.java","0"
"Class","DataExportFormatters","src\main\java\networktool\storage\export\DataExportFormatters.java","0"
"Class","HostConsumer","src\main\java\networktool\storage\export\DataExportFormatters.java","0"
"Class","DataExportImport","src\main\java\networktool\storage\export\DataExportImport.java","0"
"Class","DataImporter","src\main\java\networktool\storage\export\DataImporter.java","0"
"Class","HtmlReportBuilder","src\main\java\networktool\storage\export\HtmlReportBuilder.java","0"
"Class","HostJsonBuilder","src\main\java\networktool\storage\network\HostJsonBuilder.java","0"
"Class","HostSchemaMigration","src\main\java\networktool\storage\network\HostSchemaMigration.java","0"
"Class","NetworkRegistry","src\main\java\networktool\storage\network\NetworkRegistry.java","0"
"Class","NetworkStore","src\main\java\networktool\storage\network\NetworkStore.java","0"
"Class","Holder","src\main\java\networktool\storage\network\NetworkStore.java","0"
"Class","SortField","src\main\java\networktool\storage\network\NetworkStore.java","0"
"Class","NetworkStoreHostOps","src\main\java\networktool\storage\network\NetworkStoreHostOps.java","0"
"Class","NetworkStoreNtfy","src\main\java\networktool\storage\network\NetworkStoreNtfy.java","0"
"Class","NetworkStorePersistence","src\main\java\networktool\storage\network\NetworkStorePersistence.java","0"
"Class","ScanProfileStore","src\main\java\networktool\storage\profile\ScanProfileStore.java","0"
"Class","Holder","src\main\java\networktool\storage\profile\ScanProfileStore.java","0"
"Class","GuiColorPalette","src\main\java\networktool\theme\GuiColorPalette.java","0"
"Class","GuiTheme","src\main\java\networktool\theme\GuiTheme.java","0"
"Class","GuiThemeDark","src\main\java\networktool\theme\GuiThemeDark.java","0"
"Class","GuiThemeLight","src\main\java\networktool\theme\GuiThemeLight.java","0"
"Class","GuiThemePalette","src\main\java\networktool\theme\GuiThemePalette.java","0"
"Class","BandwidthHttpProbe","src\main\java\networktool\transfer\BandwidthHttpProbe.java","0"
"Class","Result","src\main\java\networktool\transfer\BandwidthHttpProbe.java","0"
"Class","BandwidthTester","src\main\java\networktool\transfer\BandwidthTester.java","0"
"Class","FileClient","src\main\java\networktool\transfer\FileClient.java","0"
"Class","FileReceiver","src\main\java\networktool\transfer\FileReceiver.java","0"
"Class","FileServer","src\main\java\networktool\transfer\FileServer.java","0"
"Class","LatencyProbe","src\main\java\networktool\transfer\LatencyProbe.java","0"
"Class","Result","src\main\java\networktool\transfer\LatencyProbe.java","0"
"Class","AppIcon","src\main\java\networktool\util\AppIcon.java","0"
"Class","ButtonFactory","src\main\java\networktool\util\ButtonFactory.java","0"
"Class","CIDRUtils","src\main\java\networktool\util\CIDRUtils.java","0"
"Class","ContextMenuActions","src\main\java\networktool\util\ContextMenuActions.java","0"
"Class","IpValidator","src\main\java\networktool\util\IpValidator.java","0"
"Class","PlatformSupport","src\main\java\networktool\util\PlatformSupport.java","0"
"Class","PlatformUtils","src\main\java\networktool\util\PlatformUtils.java","0"
"Class","SafeCommand","src\main\java\networktool\util\SafeCommand.java","0"
"Class","StatusTags","src\main\java\networktool\util\StatusTags.java","0"
"Class","TableConfig","src\main\java\networktool\util\TableConfig.java","0"
"Class","MainTest","test\main\java\networktool\MainTest.java","0"
"Class","TrafficSpectrogramRendererTest","test\main\java\networktool\gui\components\TrafficSpectrogramRendererTest.java","0"
"Class","TrafficWaveformRendererTest","test\main\java\networktool\gui\components\TrafficWaveformRendererTest.java","0"
"Class","GuiTrafficSpectrogramActionsTest","test\main\java\networktool\gui\components\scan\GuiTrafficSpectrogramActionsTest.java","0"
"Class","GuiTrafficVisualizerActionsTest","test\main\java\networktool\gui\components\scan\GuiTrafficVisualizerActionsTest.java","0"
"Class","SearchResultRowTest","test\main\java\networktool\gui\components\table\SearchResultRowTest.java","0"
"Class","GuiMenuRegistryTest","test\main\java\networktool\gui\core\GuiMenuRegistryTest.java","0"
"Class","GuiWindowActionsTest","test\main\java\networktool\gui\core\GuiWindowActionsTest.java","0"
"Class","GuiNetworkMapTest","test\main\java\networktool\gui\map\GuiNetworkMapTest.java","0"
"Class","MapContextMenuTest","test\main\java\networktool\gui\map\MapContextMenuTest.java","0"
"Class","MapDeviceSignaturesTest","test\main\java\networktool\gui\map\MapDeviceSignaturesTest.java","0"
"Class","MapEdgeBuilderTest","test\main\java\networktool\gui\map\MapEdgeBuilderTest.java","0"
"Class","MapLegendTest","test\main\java\networktool\gui\map\MapLegendTest.java","0"
"Class","MapNodeStyleTest","test\main\java\networktool\gui\map\MapNodeStyleTest.java","0"
"Class","MapTopologyTest","test\main\java\networktool\gui\map\MapTopologyTest.java","0"
"Class","NetworkMapTest","test\main\java\networktool\gui\map\NetworkMapTest.java","0"
"Class","MapTopologyTest","test\main\java\networktool\gui\map\NetworkMapTest.java","0"
"Class","MapHopDiscoveryTest","test\main\java\networktool\gui\map\NetworkMapTest.java","0"
"Class","MapTrafficObserverTest","test\main\java\networktool\gui\map\NetworkMapTest.java","0"
"Class","MapSwitchStoreTest","test\main\java\networktool\gui\map\NetworkMapTest.java","0"
"Class","HopParentTest","test\main\java\networktool\gui\map\NetworkMapTest.java","0"
"Class","NotificationListenerPackageTest","test\main\java\networktool\gui\notification\NotificationListenerPackageTest.java","0"
"Class","NtfyJsonParserTest","test\main\java\networktool\gui\notification\NtfyJsonParserTest.java","0"
"Class","GuiAuditPanelTest","test\main\java\networktool\gui\panels\audit\GuiAuditPanelTest.java","0"
"Class","GuiAuditTableTest","test\main\java\networktool\gui\panels\audit\GuiAuditPanelTest.java","0"
"Class","AuditLoggerParseTest","test\main\java\networktool\gui\panels\audit\GuiAuditPanelTest.java","0"
"Class","SavedHostsBulkActionsTest","test\main\java\networktool\gui\panels\saved\SavedHostsBulkActionsTest.java","0"
"Class","NoteEncryptionExceptionTest","test\main\java\networktool\gui\security\NoteEncyptionExceptionTest.java","0"
"Class","DebugLoggerTest","test\main\java\networktool\logging\DebugLoggerTest.java","0"
"Class","DebugLogEntryTest","test\main\java\networktool\logging\DebugLoggerTest.java","0"
"Class","DebugLogFileTest","test\main\java\networktool\logging\DebugLoggerTest.java","0"
"Class","DebugLoggerApiTest","test\main\java\networktool\logging\DebugLoggerTest.java","0"
"Class","LogEntryTest","test\main\java\networktool\logging\LogEntryTest.java","0"
"Class","LogFileBaseTest","test\main\java\networktool\logging\LogFileBaseTest.java","0"
"Class","ArpMonitorLoggingTest","test\main\java\networktool\logic\analysis\discovery\ArpMonitorLoggingTest.java","0"
"Class","NetworkDiscoveryTest","test\main\java\networktool\logic\analysis\discovery\NetworkDiscoveryTest.java","0"
"Class","IcmpAnalyzerTest","test\main\java\networktool\logic\analysis\discovery\NetworkDiscoveryTest.java","0"
"Class","DhcpOptionAnalyzerTest","test\main\java\networktool\logic\analysis\discovery\NetworkDiscoveryTest.java","0"
"Class","UpnpDiscoveryTest","test\main\java\networktool\logic\analysis\discovery\NetworkDiscoveryTest.java","0"
"Class","MdnsDiscoveryTest","test\main\java\networktool\logic\analysis\discovery\NetworkDiscoveryTest.java","0"
"Class","ExtendedOsDetectorTest","test\main\java\networktool\logic\analysis\os\ExtendedOsDetectorTest.java","0"
"Class","OsBannerAnalyzerTest","test\main\java\networktool\logic\analysis\os\OsBannerAnalyzerTest.java","0"
"Class","OsDetectionLoggerTest","test\main\java\networktool\logic\analysis\os\OsDetectionLoggerTest.java","0"
"Class","OsDetectionPipelineDepthTest","test\main\java\networktool\logic\analysis\os\OsDetectionPipelineDepthTest.java","0"
"Class","OsDetectionPipelineTest","test\main\java\networktool\logic\analysis\os\OsDetectionPipelineTest.java","0"
"Class","OsDetectionStepRunnerTest","test\main\java\networktool\logic\analysis\os\OsDetectionStepRunnerTest.java","0"
"Class","OsDetectorDelegationTest","test\main\java\networktool\logic\analysis\os\OsDetectorDelegationTest.java","0"
"Class","OsDetectorDepthOverloadTest","test\main\java\networktool\logic\analysis\os\OsDetectorDepthOverloadTest.java","0"
"Class","OsDetectorFixTest","test\main\java\networktool\logic\analysis\os\OsDetectorFixTest.java","0"
"Class","OsDetectorHostnameTest","test\main\java\networktool\logic\analysis\os\OsDetectorHostnameTest.java","0"
"Class","OsDetectorPackageTest","test\main\java\networktool\logic\analysis\os\OsDetectorPackageTest.java","0"
"Class","OsDetectorPortsTest","test\main\java\networktool\logic\analysis\os\OsDetectorPortsTest.java","0"
"Class","OsFingerprintTest","test\main\java\networktool\logic\analysis\os\OsFingerprintTest.java","0"
"Class","OsParallelStepRunnerTest","test\main\java\networktool\logic\analysis\os\OsParallelStepRunnerTest.java","0"
"Class","OsPortClassifierTest","test\main\java\networktool\logic\analysis\os\OsPortClassifierTest.java","0"
"Class","OsProbeUdpTest","test\main\java\networktool\logic\analysis\os\OsProbeUdpTest.java","0"
"Class","OsSignatureTest","test\main\java\networktool\logic\analysis\os\OsSignatureTest.java","0"
"Class","ScanDepthTest","test\main\java\networktool\logic\analysis\os\ScanDepthTest.java","0"
"Class","IpInspectorExtTest","test\main\java\networktool\logic\analysis\probe\IpInspectorExtTest.java","0"
"Class","TracerouteRunnerFixTest","test\main\java\networktool\logic\analysis\probe\TracerouteRunnerFixTest.java","0"
"Class","TracerouteRunnerPackageTest","test\main\java\networktool\logic\analysis\probe\TracerouteRunnerPackageTest.java","0"
"Class","MessageDeliveryInjectionTest","test\main\java\networktool\logic\messaging\MessageDeliveryInjectionTest.java","0"
"Class","MessageDeliverySshTest","test\main\java\networktool\logic\messaging\MessageDeliverySshTest.java","0"
"Class","MessageDeliveryWinRmTest","test\main\java\networktool\logic\messaging\MessageDeliveryWinRmTest.java","0"
"Class","MessagingPackageTest","test\main\java\networktool\logic\messaging\MessagingPackageTest.java","0"
"Class","PortScannerFixTest","test\main\java\networktool\logic\ports\PortScannerFixTest.java","0"
"Class","PortsPackageTest","test\main\java\networktool\logic\ports\PortsPackageTest.java","0"
"Class","BannerGrabberTest","test\main\java\networktool\logic\ports\PortsPackageTest.java","0"
"Class","PortScannerProbeTest","test\main\java\networktool\logic\ports\PortsPackageTest.java","0"
"Class","HostAliveCheckerRateLimitTest","test\main\java\networktool\logic\scan\host\HostAliveCheckerRateLimitTest.java","0"
"Class","NetworkDiscoverySweepTest","test\main\java\networktool\logic\scan\host\NetworkDiscoverySweepTest.java","0"
"Class","NetworkHostScannerPackageTest","test\main\java\networktool\logic\scan\host\NetworkHostScannerPackageTest.java","0"
"Class","NetworkTimeoutTestBase","test\main\java\networktool\logic\scan\host\NetworkTimeoutTestBase.java","0"
"Class","SubnetDetectorTest","test\main\java\networktool\logic\scan\host\SubnetDetectorTest.java","0"
"Class","RemoteNetScannerPackageTest","test\main\java\networktool\logic\scan\remote\RemoteNetScannerPackageTest.java","0"
"Class","AdaptiveTimeoutEstimatorTest","test\main\java\networktool\logic\scan\schedule\AdaptiveTimeoutEstimatorTest.java","0"
"Class","ArpCacheEntryTest","test\main\java\networktool\logic\scan\schedule\ArpCacheEntryTest.java","0"
"Class","MapTrafficObserverTest","test\main\java\networktool\logic\scan\schedule\MapTrafficObserverTest.java","0"
"Class","ScanRateLimiterTest","test\main\java\networktool\logic\scan\schedule\ScanRateLimiterTest.java","0"
"Class","ScanSchedulerFixTest","test\main\java\networktool\logic\scan\schedule\ScanSchedulerFixTest.java","0"
"Class","ScanSchedulerPackageTest","test\main\java\networktool\logic\scan\schedule\ScanSchedulerPackageTest.java","0"
"Class","BitEncoderTest","test\main\java\networktool\logic\sonify\BitEncoderTest.java","0"
"Class","InterfaceStatsReaderTest","test\main\java\networktool\logic\sonify\InterfaceStatsReaderTest.java","0"
"Class","PlainToneTest","test\main\java\networktool\logic\sonify\PlainToneTest.java","0"
"Class","SonifyConfigStoreTest","test\main\java\networktool\logic\sonify\SonifyConfigStoreTest.java","0"
"Class","SonifyConfigTest","test\main\java\networktool\logic\sonify\SonifyConfigTest.java","0"
"Class","ToneGeneratorTest","test\main\java\networktool\logic\sonify\ToneGeneratorTest.java","0"
"Class","TrafficSonifierConfigTest","test\main\java\networktool\logic\sonify\TrafficSonifierConfigTest.java","0"
"Class","TrafficSonifierTest","test\main\java\networktool\logic\sonify\TrafficSonifierTest.java","0"
"Class","TrafficToneTest","test\main\java\networktool\logic\sonify\TrafficToneTest.java","0"
"Class","TrafficSampleTest","test\main\java\networktool\logic\visualize\TrafficSampleTest.java","0"
"Class","TrafficVisualizerTest","test\main\java\networktool\logic\visualize\TrafficVisualizerTest.java","0"
"Class","PowerShellRunnerTest","test\main\java\networktool\logic\windows\PowerShellRunnerTest.java","0"
"Class","PsArpResolverTest","test\main\java\networktool\logic\windows\PsArpResolverTest.java","0"
"Class","PsCidrResolverTest","test\main\java\networktool\logic\windows\PsCidrResolverTest.java","0"
"Class","PsNetScanResolverTest","test\main\java\networktool\logic\windows\PsNetScanResolverTest.java","0"
"Class","PsPortScanResolverTest","test\main\java\networktool\logic\windows\PsPortScanResolverTest.java","0"
"Class","PsResolverInjectionTest","test\main\java\networktool\logic\windows\PsResolverInjectionTest.java","0"
"Class","AuditLoggerTest","test\main\java\networktool\security\AuditLoggerTest.java","0"
"Class","AuditLogEntryTest","test\main\java\networktool\security\AuditLoggerTest.java","0"
"Class","AuditLogFileParseTest","test\main\java\networktool\security\AuditLoggerTest.java","0"
"Class","AuditLogFileIoTest","test\main\java\networktool\security\AuditLoggerTest.java","0"
"Class","AuditLoggerApiTest","test\main\java\networktool\security\AuditLoggerTest.java","0"
"Class","LogEntryCompatTest","test\main\java\networktool\security\AuditLoggerTest.java","0"
"Class","UserAuthDefaultWarningTest","test\main\java\networktool\security\UserAuthDefaultWarningTest.java","0"
"Class","UserAuthPasswordPolicyTest","test\main\java\networktool\security\UserAuthPasswordPolicyTest.java","0"
"Class","JsonCodecFuzzTest","test\main\java\networktool\storage\JsonCodecFuzzTest.java","0"
"Class","JsonHelperFuzzTest","test\main\java\networktool\storage\JsonHelperFuzzTest.java","0"
"Class","DataExporterPackageTest","test\main\java\networktool\storage\export\DataExporterPackageTest.java","0"
"Class","DataImporterFixTest","test\main\java\networktool\storage\export\DataImporterFixTest.java","0"
"Class","ExportImportTest","test\main\java\networktool\storage\export\ExportImportTest.java","0"
"Class","DataExporterTest","test\main\java\networktool\storage\export\ExportImportTest.java","0"
"Class","DataImporterTest","test\main\java\networktool\storage\export\ExportImportTest.java","0"
"Class","HostJsonBuilderTest","test\main\java\networktool\storage\network\HostJsonBuilderTest.java","0"
"Class","HostSchemaMigrationV2Test","test\main\java\networktool\storage\network\HostSchemaMigrationV2Test.java","0"
"Class","HostSchemaVersionTest","test\main\java\networktool\storage\network\HostSchemaVersionTest.java","0"
"Class","NetworkRegistryTest","test\main\java\networktool\storage\network\NetworkRegistryTest.java","0"
"Class","RegistryTest","test\main\java\networktool\storage\network\NetworkRegistryTest.java","0"
"Class","NtfyTest","test\main\java\networktool\storage\network\NetworkRegistryTest.java","0"
"Class","NetworkStoreFixTest","test\main\java\networktool\storage\network\NetworkStoreFixTest.java","0"
"Class","NetworkStoreIsolationTest","test\main\java\networktool\storage\network\NetworkStoreIsolationTest.java","0"
"Class","NetworkStorePersistencePackageTest","test\main\java\networktool\storage\network\NetworkStorePersistencePackageTest.java","0"
"Class","GuiThemePackageTest","test\main\java\networktool\theme\GuiThemePackageTest.java","0"
"Class","GuiThemePaletteImplTest","test\main\java\networktool\theme\GuiThemePaletteImplTest.java","0"
"Class","BandwidthTesterActiveTest","test\main\java\networktool\transfer\BandwidthTesterActiveTest.java","0"
"Class","CIDRUtilsExtTest","test\main\java\networktool\util\CIDRUtilsExtTest.java","0"
"Class","PlatformSupportSubnetTest","test\main\java\networktool\util\PlatformSupportSubnetTest.java","0"
"Class","PlatformUtilsSubnetTest","test\main\java\networktool\util\PlatformUtilsSubnetTest.java","0"
"Class","SafeCommandTest","test\main\java\networktool\util\SafeCommandTest.java","0"
"Class","TableConfigFixTest","test\main\java\networktool\util\TableConfigFixTest.java","0"
"Class","CliTest","test\networktool\cli\CliTest.java","0"
"Class","JsonExporterTest","test\networktool\cli\CliTest.java","0"
"Class","ClipboardUtilTest","test\networktool\cli\CliTest.java","0"
"Class","LocalToastTest","test\networktool\cli\CliTest.java","0"
"Class","FilterExtTest","test\networktool\filter\FilterExtTest.java","0"
"Class","HostResultPrinterTest","test\networktool\filter\FilterExtTest.java","0"
"Class","FilterTest","test\networktool\filter\FilterTest.java","0"
"Class","HostResultFilterTest","test\networktool\filter\FilterTest.java","0"
"Class","ScanFilterTest","test\networktool\filter\FilterTest.java","0"
"Class","GuiLoginRateLimiterPackageTest","test\networktool\gui\GuiLoginRateLimiterPackageTest.java","0"
"Class","GuiThemeFixTest","test\networktool\gui\GuiThemeFixTest.java","0"
"Class","PrivacyNetworkActionsTest","test\networktool\gui\panels\PrivacyNetworkActionsTest.java","0"
"Class","AnalysisTest","test\networktool\logic\AnalysisTest.java","0"
"Class","ArpMonitorTest","test\networktool\logic\AnalysisTest.java","0"
"Class","IpInspectorTest","test\networktool\logic\AnalysisTest.java","0"
"Class","OsDetectorPublicTest","test\networktool\logic\AnalysisTest.java","0"
"Class","OuiUpdaterTest","test\networktool\logic\AnalysisTest.java","0"
"Class","PingUtilTest","test\networktool\logic\AnalysisTest.java","0"
"Class","LogicTest","test\networktool\logic\LogicTest.java","0"
"Class","CIDRUtilsTest","test\networktool\logic\LogicTest.java","0"
"Class","ScanDeltaTest","test\networktool\logic\LogicTest.java","0"
"Class","ScanHistoryTest","test\networktool\logic\LogicTest.java","0"
"Class","WakeOnLanTest","test\networktool\logic\LogicTest.java","0"
"Class","MessagingTest","test\networktool\logic\MessagingTest.java","0"
"Class","ScanInfraTest","test\networktool\logic\ScanInfraTest.java","0"
"Class","HostAliveCheckerTest","test\networktool\logic\ScanInfraTest.java","0"
"Class","SubnetDetectorTest","test\networktool\logic\ScanInfraTest.java","0"
"Class","PingSweepTest","test\networktool\logic\ScanInfraTest.java","0"
"Class","LastScanCacheTest","test\networktool\logic\ScanInfraTest.java","0"
"Class","ScanProgressTest","test\networktool\logic\ScanInfraTest.java","0"
"Class","NetworkInfoTest","test\networktool\logic\ScanInfraTest.java","0"
"Class","PortChangeMonitorTest","test\networktool\logic\ScanInfraTest.java","0"
"Class","ScanSchedulerTest","test\networktool\logic\ScanInfraTest.java","0"
"Class","ScanNetworkTest","test\networktool\logic\ScanNetworkTest.java","0"
"Class","NetworkScannerTest","test\networktool\logic\ScanNetworkTest.java","0"
"Class","NetworkHostScannerTest","test\networktool\logic\ScanNetworkTest.java","0"
"Class","ReachResultTest","test\networktool\logic\ScanNetworkTest.java","0"
"Class","TrafficVisualizerIntegrationTest","test\networktool\logic\TrafficVisualizerIntegrationTest.java","0"
"Class","HostAliveCheckerTest","test\networktool\logic\scan\host\HostAliveCheckerTest.java","0"
"Class","SubnetDetectorExtTest","test\networktool\logic\scan\host\SubnetDetectorExtTest.java","0"
"Class","LastScanCacheFixTest","test\networktool\logic\scan\schedule\LastScanCacheFixTest.java","0"
"Class","MiscTest","test\networktool\misc\MiscTest.java","0"
"Class","GuiThemeTest","test\networktool\misc\MiscTest.java","0"
"Class","NoteEncryptionTest","test\networktool\misc\MiscTest.java","0"
"Class","StorageLocationsResolverTest","test\networktool\misc\MiscTest.java","0"
"Class","DataExportImportTest","test\networktool\misc\MiscTest.java","0"
"Class","ScanProfileStoreTest","test\networktool\misc\MiscTest.java","0"
"Class","ModelTest","test\networktool\model\ModelTest.java","0"
"Class","HostResultTest","test\networktool\model\ModelTest.java","0"
"Class","ScanResultTest","test\networktool\model\ModelTest.java","0"
"Class","ScanProfileTest","test\networktool\model\ModelTest.java","0"
"Class","NetworkTest","test\networktool\network\NetworkTest.java","0"
"Class","OuiDatabaseTest","test\networktool\network\NetworkTest.java","0"
"Class","NetworkStoreCrudTest","test\networktool\network\NetworkTest.java","0"
"Class","PortScannerStaticTest","test\networktool\network\NetworkTest.java","0"
"Class","SecurityMonitorTest","test\networktool\security\SecurityMonitorTest.java","0"
"Class","SecurityTest","test\networktool\security\SecurityTest.java","0"
"Class","UserAuthTest","test\networktool\security\SecurityTest.java","0"
"Class","AuditLoggerTest","test\networktool\security\SecurityTest.java","0"
"Class","ScanProfileStoreExtTest","test\networktool\storage\ScanProfileStoreExtTest.java","0"
"Class","StorageExtTest","test\networktool\storage\StorageExtTest.java","0"
"Class","SavedHostsStoreTest","test\networktool\storage\StorageExtTest.java","0"
"Class","StorageTest","test\networktool\storage\StorageTest.java","0"
"Class","JsonCodecTest","test\networktool\storage\StorageTest.java","0"
"Class","NotificationHistoryTest","test\networktool\storage\StorageTest.java","0"
"Class","TransferTest","test\networktool\transfer\TransferTest.java","0"
"Class","BandwidthTesterTest","test\networktool\transfer\TransferTest.java","0"
"Class","FileTransferTest","test\networktool\transfer\TransferTest.java","0"
"Class","PollHelper","test\networktool\util\PollHelper.java","0"
"Class","UtilTest","test\networktool\util\UtilTest.java","0"
"Class","PlatformSupportTest","test\networktool\util\UtilTest.java","0"
"Class","IpValidatorTest","test\networktool\util\UtilTest.java","0"
"Class","GuiLoginRateLimiterTest","test\networktool\util\UtilTest.java","0"
"Method","runGui","src\main\java\networktool\Main.java","0"
"Method","runGui","src\main\java\networktool\Main.java","0"
"Method","applySystemLookAndFeel","src\main\java\networktool\Main.java","0"
"Method","GUI","src\main\java\networktool\Main.java","0"
"Method","applySystemLookAndFeel","src\main\java\networktool\Main.java","0"
"Method","ClipboardUtil","src\main\java\networktool\filter\ClipboardUtil.java","0"
"Method","copy","src\main\java\networktool\filter\ClipboardUtil.java","0"
"Method","HostResultFilter","src\main\java\networktool\filter\HostResultFilter.java","0"
"Method","filter","src\main\java\networktool\filter\HostResultFilter.java","0"
"Method","buildLabel","src\main\java\networktool\filter\HostResultFilter.java","0"
"Method","matchesHostname","src\main\java\networktool\filter\HostResultFilter.java","0"
"Method","isActive","src\main\java\networktool\filter\HostResultFilter.java","0"
"Method","HostResultPrinter","src\main\java\networktool\filter\HostResultPrinter.java","0"
"Method","print","src\main\java\networktool\filter\HostResultPrinter.java","0"
"Method","printCli","src\main\java\networktool\filter\HostResultPrinter.java","0"
"Method","printCli","src\main\java\networktool\filter\HostResultPrinter.java","0"
"Method","ipToInt","src\main\java\networktool\filter\HostResultPrinter.java","0"
"Method","JsonExporter","src\main\java\networktool\filter\JsonExporter.java","0"
"Method","save","src\main\java\networktool\filter\JsonExporter.java","0"
"Method","try","src\main\java\networktool\filter\JsonExporter.java","0"
"Method","toJson","src\main\java\networktool\filter\JsonExporter.java","0"
"Method","toJsonObject","src\main\java\networktool\filter\JsonExporter.java","0"
"Method","isActive","src\main\java\networktool\filter\OutputRenderer.java","0"
"Method","showHostTable","src\main\java\networktool\filter\OutputRenderer.java","0"
"Method","showScanTable","src\main\java\networktool\filter\OutputRenderer.java","0"
"Method","OutputRendererRegistry","src\main\java\networktool\filter\OutputRendererRegistry.java","0"
"Method","register","src\main\java\networktool\filter\OutputRendererRegistry.java","0"
"Method","unregister","src\main\java\networktool\filter\OutputRendererRegistry.java","0"
"Method","ScanFilter","src\main\java\networktool\filter\ScanFilter.java","0"
"Method","filterByOS","src\main\java\networktool\filter\ScanFilter.java","0"
"Method","filterByPort","src\main\java\networktool\filter\ScanFilter.java","0"
"Method","filterByHostnameRegex","src\main\java\networktool\filter\ScanFilter.java","0"
"Method","filterCombined","src\main\java\networktool\filter\ScanFilter.java","0"
"Method","TablePrinter","src\main\java\networktool\filter\TablePrinter.java","0"
"Method","print","src\main\java\networktool\filter\TablePrinter.java","0"
"Method","printCli","src\main\java\networktool\filter\TablePrinter.java","0"
"Method","printCli","src\main\java\networktool\filter\TablePrinter.java","0"
"Method","GuiNetworkBar","src\main\java\networktool\gui\components\GuiNetworkBar.java","0"
"Method","build","src\main\java\networktool\gui\components\GuiNetworkBar.java","0"
"Method","MatteBorder","src\main\java\networktool\gui\components\GuiNetworkBar.java","0"
"Method","buildActiveTab","src\main\java\networktool\gui\components\GuiNetworkBar.java","0"
"Method","buildInactiveTab","src\main\java\networktool\gui\components\GuiNetworkBar.java","0"
"Method","baseTab","src\main\java\networktool\gui\components\GuiNetworkBar.java","0"
"Method","iconBtn","src\main\java\networktool\gui\components\GuiNetworkBar.java","0"
"Method","LineBorder","src\main\java\networktool\gui\components\GuiNetworkBar.java","0"
"Method","mouseEntered","src\main\java\networktool\gui\components\GuiNetworkBar.java","0"
"Method","LineBorder","src\main\java\networktool\gui\components\GuiNetworkBar.java","0"
"Method","mouseExited","src\main\java\networktool\gui\components\GuiNetworkBar.java","0"
"Method","LineBorder","src\main\java\networktool\gui\components\GuiNetworkBar.java","0"
"Method","GuiProgressBar","src\main\java\networktool\gui\components\GuiProgressBar.java","0"
"Method","assemblePanel","src\main\java\networktool\gui\components\GuiProgressBar.java","0"
"Method","getPanel","src\main\java\networktool\gui\components\GuiProgressBar.java","0"
"Method","showProgress","src\main\java\networktool\gui\components\GuiProgressBar.java","0"
"Method","startRefreshTimer","src\main\java\networktool\gui\components\GuiProgressBar.java","0"
"Method","updateProgress","src\main\java\networktool\gui\components\GuiProgressBar.java","0"
"Method","startRefreshTimer","src\main\java\networktool\gui\components\GuiProgressBar.java","0"
"Method","refreshUi","src\main\java\networktool\gui\components\GuiProgressBar.java","0"
"Method","finishProgress","src\main\java\networktool\gui\components\GuiProgressBar.java","0"
"Method","finishProgress","src\main\java\networktool\gui\components\GuiProgressBar.java","0"
"Method","assemblePanel","src\main\java\networktool\gui\components\GuiProgressBar.java","0"
"Method","MatteBorder","src\main\java\networktool\gui\components\GuiProgressBar.java","0"
"Method","buildProgressBar","src\main\java\networktool\gui\components\GuiProgressBar.java","0"
"Method","getSelectionBackground","src\main\java\networktool\gui\components\GuiProgressBar.java","0"
"Method","getSelectionForeground","src\main\java\networktool\gui\components\GuiProgressBar.java","0"
"Method","paint","src\main\java\networktool\gui\components\GuiProgressBar.java","0"
"Method","GuiSidebar","src\main\java\networktool\gui\components\GuiSidebar.java","0"
"Method","build","src\main\java\networktool\gui\components\GuiSidebar.java","0"
"Method","build","src\main\java\networktool\gui\components\GuiSidebar.java","0"
"Method","buildLogo","src\main\java\networktool\gui\components\GuiSidebar.java","0"
"Method","MatteBorder","src\main\java\networktool\gui\components\GuiSidebar.java","0"
"Method","buildAccordion","src\main\java\networktool\gui\components\GuiSidebar.java","0"
"Method","GuiStatusBar","src\main\java\networktool\gui\components\GuiStatusBar.java","0"
"Method","buildPanel","src\main\java\networktool\gui\components\GuiStatusBar.java","0"
"Method","MatteBorder","src\main\java\networktool\gui\components\GuiStatusBar.java","0"
"Method","getLabel","src\main\java\networktool\gui\components\GuiStatusBar.java","0"
"Method","PingGraphRenderer","src\main\java\networktool\gui\components\PingGraphRenderer.java","0"
"Method","paint","src\main\java\networktool\gui\components\PingGraphRenderer.java","0"
"Method","SidebarAccordion","src\main\java\networktool\gui\components\SidebarAccordion.java","0"
"Method","build","src\main\java\networktool\gui\components\SidebarAccordion.java","0"
"Method","mouseClicked","src\main\java\networktool\gui\components\SidebarAccordion.java","0"
"Method","buildGroups","src\main\java\networktool\gui\components\SidebarAccordion.java","0"
"Method","GroupEntry","src\main\java\networktool\gui\components\SidebarAccordion.java","0"
"Method","addButton","src\main\java\networktool\gui\components\SidebarAccordion.java","0"
"Method","isOpen","src\main\java\networktool\gui\components\SidebarAccordion.java","0"
"Method","setOpen","src\main\java\networktool\gui\components\SidebarAccordion.java","0"
"Method","buildHeader","src\main\java\networktool\gui\components\SidebarAccordion.java","0"
"Method","buildStandardHeader","src\main\java\networktool\gui\components\SidebarAccordion.java","0"
"Method","assembleHeader","src\main\java\networktool\gui\components\SidebarAccordion.java","0"
"Method","buildTestSuiteHeader","src\main\java\networktool\gui\components\SidebarAccordion.java","0"
"Method","assembleHeader","src\main\java\networktool\gui\components\SidebarAccordion.java","0"
"Method","assembleHeader","src\main\java\networktool\gui\components\SidebarAccordion.java","0"
"Method","MatteBorder","src\main\java\networktool\gui\components\SidebarAccordion.java","0"
"Method","mouseEntered","src\main\java\networktool\gui\components\SidebarAccordion.java","0"
"Method","mouseExited","src\main\java\networktool\gui\components\SidebarAccordion.java","0"
"Method","buildMenuBtn","src\main\java\networktool\gui\components\SidebarAccordion.java","0"
"Method","assembleMenuBtn","src\main\java\networktool\gui\components\SidebarAccordion.java","0"
"Method","assembleMenuBtn","src\main\java\networktool\gui\components\SidebarAccordion.java","0"
"Method","mouseEntered","src\main\java\networktool\gui\components\SidebarAccordion.java","0"
"Method","mouseExited","src\main\java\networktool\gui\components\SidebarAccordion.java","0"
"Method","SidebarPowerMenu","src\main\java\networktool\gui\components\SidebarPowerMenu.java","0"
"Method","build","src\main\java\networktool\gui\components\SidebarPowerMenu.java","0"
"Method","MatteBorder","src\main\java\networktool\gui\components\SidebarPowerMenu.java","0"
"Method","mouseEntered","src\main\java\networktool\gui\components\SidebarPowerMenu.java","0"
"Method","mouseExited","src\main\java\networktool\gui\components\SidebarPowerMenu.java","0"
"Method","showPowerMenu","src\main\java\networktool\gui\components\SidebarPowerMenu.java","0"
"Method","confirmQuit","src\main\java\networktool\gui\components\SidebarPowerMenu.java","0"
"Method","pItem","src\main\java\networktool\gui\components\SidebarPowerMenu.java","0"
"Method","mouseEntered","src\main\java\networktool\gui\components\SidebarPowerMenu.java","0"
"Method","mouseExited","src\main\java\networktool\gui\components\SidebarPowerMenu.java","0"
"Method","StatusDot","src\main\java\networktool\gui\components\SidebarPowerMenu.java","0"
"Method","start","src\main\java\networktool\gui\components\SidebarPowerMenu.java","0"
"Method","repaint","src\main\java\networktool\gui\components\SidebarPowerMenu.java","0"
"Method","paintComponent","src\main\java\networktool\gui\components\SidebarPowerMenu.java","0"
"Method","TrafficSpectrogramPanel","src\main\java\networktool\gui\components\TrafficSpectrogramPanel.java","0"
"Method","setBackground","src\main\java\networktool\gui\components\TrafficSpectrogramPanel.java","0"
"Method","setPreferredSize","src\main\java\networktool\gui\components\TrafficSpectrogramPanel.java","0"
"Method","repaintIfActive","src\main\java\networktool\gui\components\TrafficSpectrogramPanel.java","0"
"Method","paintComponent","src\main\java\networktool\gui\components\TrafficSpectrogramPanel.java","0"
"Method","getWidth","src\main\java\networktool\gui\components\TrafficSpectrogramPanel.java","0"
"Method","TrafficSpectrogramRenderer","src\main\java\networktool\gui\components\TrafficSpectrogramRenderer.java","0"
"Method","paint","src\main\java\networktool\gui\components\TrafficSpectrogramRenderer.java","0"
"Method","levelOf","src\main\java\networktool\gui\components\TrafficSpectrogramRenderer.java","0"
"Method","binIntensity","src\main\java\networktool\gui\components\TrafficSpectrogramRenderer.java","0"
"Method","colorFor","src\main\java\networktool\gui\components\TrafficSpectrogramRenderer.java","0"
"Method","maxTotal","src\main\java\networktool\gui\components\TrafficSpectrogramRenderer.java","0"
"Method","TrafficVisualizerPanel","src\main\java\networktool\gui\components\TrafficVisualizerPanel.java","0"
"Method","setBackground","src\main\java\networktool\gui\components\TrafficVisualizerPanel.java","0"
"Method","setPreferredSize","src\main\java\networktool\gui\components\TrafficVisualizerPanel.java","0"
"Method","repaintIfActive","src\main\java\networktool\gui\components\TrafficVisualizerPanel.java","0"
"Method","paintComponent","src\main\java\networktool\gui\components\TrafficVisualizerPanel.java","0"
"Method","getWidth","src\main\java\networktool\gui\components\TrafficVisualizerPanel.java","0"
"Method","TrafficWaveformRenderer","src\main\java\networktool\gui\components\TrafficWaveformRenderer.java","0"
"Method","paint","src\main\java\networktool\gui\components\TrafficWaveformRenderer.java","0"
"Method","drawGrid","src\main\java\networktool\gui\components\TrafficWaveformRenderer.java","0"
"Method","drawBar","src\main\java\networktool\gui\components\TrafficWaveformRenderer.java","0"
"Method","drawBar","src\main\java\networktool\gui\components\TrafficWaveformRenderer.java","0"
"Method","maxDelta","src\main\java\networktool\gui\components\TrafficWaveformRenderer.java","0"
"Method","drawBar","src\main\java\networktool\gui\components\TrafficWaveformRenderer.java","0"
"Method","drawGrid","src\main\java\networktool\gui\components\TrafficWaveformRenderer.java","0"
"Method","gridColor","src\main\java\networktool\gui\components\TrafficWaveformRenderer.java","0"
"Method","isDark","src\main\java\networktool\gui\components\TrafficWaveformRenderer.java","0"
"Method","GuiContextMenu","src\main\java\networktool\gui\components\actions\GuiContextMenu.java","0"
"Method","attach","src\main\java\networktool\gui\components\actions\GuiContextMenu.java","0"
"Method","mousePressed","src\main\java\networktool\gui\components\actions\GuiContextMenu.java","0"
"Method","mouseReleased","src\main\java\networktool\gui\components\actions\GuiContextMenu.java","0"
"Method","promptNtfyTopic","src\main\java\networktool\gui\components\actions\GuiContextMenu.java","0"
"Method","maybeShow","src\main\java\networktool\gui\components\actions\GuiContextMenu.java","0"
"Method","buildPopup","src\main\java\networktool\gui\components\actions\GuiContextMenu.java","0"
"Method","buildPopup","src\main\java\networktool\gui\components\actions\GuiContextMenu.java","0"
"Method","LineBorder","src\main\java\networktool\gui\components\actions\GuiContextMenu.java","0"
"Method","addAnalysisItems","src\main\java\networktool\gui\components\actions\GuiContextMenu.java","0"
"Method","addSaveOrRemoveItem","src\main\java\networktool\gui\components\actions\GuiContextMenu.java","0"
"Method","addWakeOnLanItem","src\main\java\networktool\gui\components\actions\GuiContextMenu.java","0"
"Method","addAnalysisItems","src\main\java\networktool\gui\components\actions\GuiContextMenu.java","0"
"Method","addSaveOrRemoveItem","src\main\java\networktool\gui\components\actions\GuiContextMenu.java","0"
"Method","addWakeOnLanItem","src\main\java\networktool\gui\components\actions\GuiContextMenu.java","0"
"Method","menuItem","src\main\java\networktool\gui\components\actions\GuiContextMenu.java","0"
"Method","mouseEntered","src\main\java\networktool\gui\components\actions\GuiContextMenu.java","0"
"Method","mouseExited","src\main\java\networktool\gui\components\actions\GuiContextMenu.java","0"
"Method","cellValue","src\main\java\networktool\gui\components\actions\GuiContextMenu.java","0"
"Method","GuiDataIOActions","src\main\java\networktool\gui\components\actions\GuiDataIOActions.java","0"
"Method","handleExportImport","src\main\java\networktool\gui\components\actions\GuiDataIOActions.java","0"
"Method","exportAndReport","src\main\java\networktool\gui\components\actions\GuiDataIOActions.java","0"
"Method","importAndReport","src\main\java\networktool\gui\components\actions\GuiDataIOActions.java","0"
"Method","handleNotificationHistory","src\main\java\networktool\gui\components\actions\GuiDataIOActions.java","0"
"Method","isCellEditable","src\main\java\networktool\gui\components\actions\GuiDataIOActions.java","0"
"Method","handlePortConfig","src\main\java\networktool\gui\components\actions\GuiDataIOActions.java","0"
"Method","GuiDiagnosticsActions","src\main\java\networktool\gui\components\actions\GuiDiagnosticsActions.java","0"
"Method","handleDiagnose","src\main\java\networktool\gui\components\actions\GuiDiagnosticsActions.java","0"
"Method","handleBandwidthTest","src\main\java\networktool\gui\components\actions\GuiDiagnosticsActions.java","0"
"Method","handleDauerping","src\main\java\networktool\gui\components\actions\GuiDiagnosticsActions.java","0"
"Method","handleSecurityMonitor","src\main\java\networktool\gui\components\actions\GuiDiagnosticsActions.java","0"
"Method","toggleSecurityMonitor","src\main\java\networktool\gui\components\actions\GuiDiagnosticsActions.java","0"
"Method","toggleArpMonitor","src\main\java\networktool\gui\components\actions\GuiDiagnosticsActions.java","0"
"Method","togglePortMonitor","src\main\java\networktool\gui\components\actions\GuiDiagnosticsActions.java","0"
"Method","GuiRemoteActions","src\main\java\networktool\gui\components\actions\GuiRemoteActions.java","0"
"Method","openInBrowser","src\main\java\networktool\gui\components\actions\GuiRemoteActions.java","0"
"Method","openForHost","src\main\java\networktool\gui\components\actions\GuiRemoteActions.java","0"
"Method","openForHost","src\main\java\networktool\gui\components\actions\GuiRemoteActions.java","0"
"Method","browseUrl","src\main\java\networktool\gui\components\actions\GuiRemoteActions.java","0"
"Method","browseUrl","src\main\java\networktool\gui\components\actions\GuiRemoteActions.java","0"
"Method","WebPort","src\main\java\networktool\gui\components\actions\GuiRemoteActions.java","0"
"Method","toUrl","src\main\java\networktool\gui\components\actions\GuiRemoteActions.java","0"
"Method","detectWebPort","src\main\java\networktool\gui\components\actions\GuiRemoteActions.java","0"
"Method","isPortOpen","src\main\java\networktool\gui\components\actions\GuiRemoteActions.java","0"
"Method","try","src\main\java\networktool\gui\components\actions\GuiRemoteActions.java","0"
"Method","isMobileOs","src\main\java\networktool\gui\components\actions\GuiRemoteActions.java","0"
"Method","isServerOs","src\main\java\networktool\gui\components\actions\GuiRemoteActions.java","0"
"Method","return","src\main\java\networktool\gui\components\actions\GuiRemoteActions.java","0"
"Method","detectOsSafe","src\main\java\networktool\gui\components\actions\GuiRemoteActions.java","0"
"Method","browseUrl","src\main\java\networktool\gui\components\actions\GuiRemoteActions.java","0"
"Method","NtfyTopicPrompt","src\main\java\networktool\gui\components\actions\NtfyTopicPrompt.java","0"
"Method","prompt","src\main\java\networktool\gui\components\actions\NtfyTopicPrompt.java","0"
"Method","buildOptions","src\main\java\networktool\gui\components\actions\NtfyTopicPrompt.java","0"
"Method","promptNewTopic","src\main\java\networktool\gui\components\actions\NtfyTopicPrompt.java","0"
"Method","RemoteDeviceDialogs","src\main\java\networktool\gui\components\actions\RemoteDeviceDialogs.java","0"
"Method","showDesktop","src\main\java\networktool\gui\components\actions\RemoteDeviceDialogs.java","0"
"Method","showPhone","src\main\java\networktool\gui\components\actions\RemoteDeviceDialogs.java","0"
"Method","dialog","src\main\java\networktool\gui\components\actions\RemoteDeviceDialogs.java","0"
"Method","panel","src\main\java\networktool\gui\components\actions\RemoteDeviceDialogs.java","0"
"Method","row","src\main\java\networktool\gui\components\actions\RemoteDeviceDialogs.java","0"
"Method","lbl","src\main\java\networktool\gui\components\actions\RemoteDeviceDialogs.java","0"
"Method","btn","src\main\java\networktool\gui\components\actions\RemoteDeviceDialogs.java","0"
"Method","GuiNetworkMap","src\main\java\networktool\gui\components\map\GuiNetworkMap.java","0"
"Method","isScanRunning","src\main\java\networktool\gui\components\map\GuiNetworkMap.java","0"
"Method","show","src\main\java\networktool\gui\components\map\GuiNetworkMap.java","0"
"Method","buildWindow","src\main\java\networktool\gui\components\map\GuiNetworkMap.java","0"
"Method","Node","src\main\java\networktool\gui\components\map\GuiNetworkMap.java","0"
"Method","Edge","src\main\java\networktool\gui\components\map\GuiNetworkMap.java","0"
"Method","GuiNetworkMapChrome","src\main\java\networktool\gui\components\map\GuiNetworkMapChrome.java","0"
"Method","buildLayered","src\main\java\networktool\gui\components\map\GuiNetworkMapChrome.java","0"
"Method","doLayout","src\main\java\networktool\gui\components\map\GuiNetworkMapChrome.java","0"
"Method","buildToolbar","src\main\java\networktool\gui\components\map\GuiNetworkMapChrome.java","0"
"Method","buildStatusLabel","src\main\java\networktool\gui\components\map\GuiNetworkMapChrome.java","0"
"Method","buildSwitchInput","src\main\java\networktool\gui\components\map\GuiNetworkMapChrome.java","0"
"Method","LineBorder","src\main\java\networktool\gui\components\map\GuiNetworkMapChrome.java","0"
"Method","toolBtn","src\main\java\networktool\gui\components\map\GuiNetworkMapChrome.java","0"
"Method","mouseEntered","src\main\java\networktool\gui\components\map\GuiNetworkMapChrome.java","0"
"Method","mouseExited","src\main\java\networktool\gui\components\map\GuiNetworkMapChrome.java","0"
"Method","GuiNetworkMapScanTasks","src\main\java\networktool\gui\components\map\GuiNetworkMapScanTasks.java","0"
"Method","isScanRunning","src\main\java\networktool\gui\components\map\GuiNetworkMapScanTasks.java","0"
"Method","startQuickLocalScan","src\main\java\networktool\gui\components\map\GuiNetworkMapScanTasks.java","0"
"Method","startHopDiscovery","src\main\java\networktool\gui\components\map\GuiNetworkMapScanTasks.java","0"
"Method","GuiForeignNetActions","src\main\java\networktool\gui\components\scan\GuiForeignNetActions.java","0"
"Method","handleRemoteNetScan","src\main\java\networktool\gui\components\scan\GuiForeignNetActions.java","0"
"Method","GuiHopAnalysis","src\main\java\networktool\gui\components\scan\GuiHopAnalysis.java","0"
"Method","runWithHops","src\main\java\networktool\gui\components\scan\GuiHopAnalysis.java","0"
"Method","showSummaryTable","src\main\java\networktool\gui\components\scan\GuiHopAnalysis.java","0"
"Method","showSummaryTable","src\main\java\networktool\gui\components\scan\GuiHopAnalysis.java","0"
"Method","isCellEditable","src\main\java\networktool\gui\components\scan\GuiHopAnalysis.java","0"
"Method","GuiScanActions","src\main\java\networktool\gui\components\scan\GuiScanActions.java","0"
"Method","handleCidrScan","src\main\java\networktool\gui\components\scan\GuiScanActions.java","0"
"Method","handleFilterScan","src\main\java\networktool\gui\components\scan\GuiScanActions.java","0"
"Method","runNetworkInfoWithHops","src\main\java\networktool\gui\components\scan\GuiScanActions.java","0"
"Method","applyRegex","src\main\java\networktool\gui\components\scan\GuiScanActions.java","0"
"Method","applyOsPort","src\main\java\networktool\gui\components\scan\GuiScanActions.java","0"
"Method","GuiScanCompareActions","src\main\java\networktool\gui\components\scan\GuiScanCompareActions.java","0"
"Method","handleScanDelta","src\main\java\networktool\gui\components\scan\GuiScanCompareActions.java","0"
"Method","HostResult","src\main\java\networktool\gui\components\scan\GuiScanCompareActions.java","0"
"Method","handleScanHistoryDelta","src\main\java\networktool\gui\components\scan\GuiScanCompareActions.java","0"
"Method","GuiScanProfileActions","src\main\java\networktool\gui\components\scan\GuiScanProfileActions.java","0"
"Method","handleScanProfiles","src\main\java\networktool\gui\components\scan\GuiScanProfileActions.java","0"
"Method","runExistingProfile","src\main\java\networktool\gui\components\scan\GuiScanProfileActions.java","0"
"Method","deleteProfile","src\main\java\networktool\gui\components\scan\GuiScanProfileActions.java","0"
"Method","buildNewProfile","src\main\java\networktool\gui\components\scan\GuiScanProfileActions.java","0"
"Method","runProfile","src\main\java\networktool\gui\components\scan\GuiScanProfileActions.java","0"
"Method","GuiSchedulerActions","src\main\java\networktool\gui\components\scan\GuiSchedulerActions.java","0"
"Method","handleScheduler","src\main\java\networktool\gui\components\scan\GuiSchedulerActions.java","0"
"Method","planNewSchedule","src\main\java\networktool\gui\components\scan\GuiSchedulerActions.java","0"
"Method","stopOneSchedule","src\main\java\networktool\gui\components\scan\GuiSchedulerActions.java","0"
"Method","stopAllSchedules","src\main\java\networktool\gui\components\scan\GuiSchedulerActions.java","0"
"Method","GuiSonifyActions","src\main\java\networktool\gui\components\scan\GuiSonifyActions.java","0"
"Method","toggle","src\main\java\networktool\gui\components\scan\GuiSonifyActions.java","0"
"Method","askConfig","src\main\java\networktool\gui\components\scan\GuiSonifyActions.java","0"
"Method","askConfig","src\main\java\networktool\gui\components\scan\GuiSonifyActions.java","0"
"Method","startWithConfig","src\main\java\networktool\gui\components\scan\GuiSonifyActions.java","0"
"Method","startWithConfig","src\main\java\networktool\gui\components\scan\GuiSonifyActions.java","0"
"Method","parseOr","src\main\java\networktool\gui\components\scan\GuiSonifyActions.java","0"
"Method","GuiTrafficSpectrogramActions","src\main\java\networktool\gui\components\scan\GuiTrafficSpectrogramActions.java","0"
"Method","toggle","src\main\java\networktool\gui\components\scan\GuiTrafficSpectrogramActions.java","0"
"Method","startWithInterface","src\main\java\networktool\gui\components\scan\GuiTrafficSpectrogramActions.java","0"
"Method","startWithInterface","src\main\java\networktool\gui\components\scan\GuiTrafficSpectrogramActions.java","0"
"Method","embedPanel","src\main\java\networktool\gui\components\scan\GuiTrafficSpectrogramActions.java","0"
"Method","embedPanel","src\main\java\networktool\gui\components\scan\GuiTrafficSpectrogramActions.java","0"
"Method","GuiTrafficVisualizerActions","src\main\java\networktool\gui\components\scan\GuiTrafficVisualizerActions.java","0"
"Method","toggle","src\main\java\networktool\gui\components\scan\GuiTrafficVisualizerActions.java","0"
"Method","startWithInterface","src\main\java\networktool\gui\components\scan\GuiTrafficVisualizerActions.java","0"
"Method","startWithInterface","src\main\java\networktool\gui\components\scan\GuiTrafficVisualizerActions.java","0"
"Method","embedPanel","src\main\java\networktool\gui\components\scan\GuiTrafficVisualizerActions.java","0"
"Method","embedPanel","src\main\java\networktool\gui\components\scan\GuiTrafficVisualizerActions.java","0"
"Method","GuiSearchBar","src\main\java\networktool\gui\components\table\GuiSearchBar.java","0"
"Method","setLayout","src\main\java\networktool\gui\components\table\GuiSearchBar.java","0"
"Method","setBackground","src\main\java\networktool\gui\components\table\GuiSearchBar.java","0"
"Method","setBorder","src\main\java\networktool\gui\components\table\GuiSearchBar.java","0"
"Method","mouseEntered","src\main\java\networktool\gui\components\table\GuiSearchBar.java","0"
"Method","mouseExited","src\main\java\networktool\gui\components\table\GuiSearchBar.java","0"
"Method","add","src\main\java\networktool\gui\components\table\GuiSearchBar.java","0"
"Method","add","src\main\java\networktool\gui\components\table\GuiSearchBar.java","0"
"Method","insertUpdate","src\main\java\networktool\gui\components\table\GuiSearchBar.java","0"
"Method","removeUpdate","src\main\java\networktool\gui\components\table\GuiSearchBar.java","0"
"Method","changedUpdate","src\main\java\networktool\gui\components\table\GuiSearchBar.java","0"
"Method","keyPressed","src\main\java\networktool\gui\components\table\GuiSearchBar.java","0"
"Method","setVisible","src\main\java\networktool\gui\components\table\GuiSearchBar.java","0"
"Method","showSearch","src\main\java\networktool\gui\components\table\GuiSearchBar.java","0"
"Method","setVisible","src\main\java\networktool\gui\components\table\GuiSearchBar.java","0"
"Method","hideSearch","src\main\java\networktool\gui\components\table\GuiSearchBar.java","0"
"Method","setVisible","src\main\java\networktool\gui\components\table\GuiSearchBar.java","0"
"Method","show","src\main\java\networktool\gui\components\table\GuiSearchBar.java","0"
"Method","hide","src\main\java\networktool\gui\components\table\GuiSearchBar.java","0"
"Method","isSearchVisible","src\main\java\networktool\gui\components\table\GuiSearchBar.java","0"
"Method","search","src\main\java\networktool\gui\components\table\GuiSearchBar.java","0"
"Method","revalidate","src\main\java\networktool\gui\components\table\GuiSearchBar.java","0"
"Method","revalidate","src\main\java\networktool\gui\components\table\GuiSearchBar.java","0"
"Method","GuiTableRenderer","src\main\java\networktool\gui\components\table\GuiTableRenderer.java","0"
"Method","setContextMenu","src\main\java\networktool\gui\components\table\GuiTableRenderer.java","0"
"Method","showHostTable","src\main\java\networktool\gui\components\table\GuiTableRenderer.java","0"
"Method","embedTable","src\main\java\networktool\gui\components\table\GuiTableRenderer.java","0"
"Method","showScanTable","src\main\java\networktool\gui\components\table\GuiTableRenderer.java","0"
"Method","embedTable","src\main\java\networktool\gui\components\table\GuiTableRenderer.java","0"
"Method","embedTable","src\main\java\networktool\gui\components\table\GuiTableRenderer.java","0"
"Method","isCellEditable","src\main\java\networktool\gui\components\table\GuiTableRenderer.java","0"
"Method","installDoubleClickCopy","src\main\java\networktool\gui\components\table\GuiTableRenderer.java","0"
"Method","ensureNewLine","src\main\java\networktool\gui\components\table\GuiTableRenderer.java","0"
"Method","ensureNewLine","src\main\java\networktool\gui\components\table\GuiTableRenderer.java","0"
"Method","installDoubleClickCopy","src\main\java\networktool\gui\components\table\GuiTableRenderer.java","0"
"Method","mouseClicked","src\main\java\networktool\gui\components\table\GuiTableRenderer.java","0"
"Method","formatHostname","src\main\java\networktool\gui\components\table\GuiTableRenderer.java","0"
"Method","ipToInt","src\main\java\networktool\gui\components\table\GuiTableRenderer.java","0"
"Method","SearchResultRow","src\main\java\networktool\gui\components\table\SearchResultRow.java","0"
"Method","matches","src\main\java\networktool\gui\components\table\SearchResultRow.java","0"
"Method","contains","src\main\java\networktool\gui\components\table\SearchResultRow.java","0"
"Method","contains","src\main\java\networktool\gui\components\table\SearchResultRow.java","0"
"Method","build","src\main\java\networktool\gui\components\table\SearchResultRow.java","0"
"Method","MatteBorder","src\main\java\networktool\gui\components\table\SearchResultRow.java","0"
"Method","mouseEntered","src\main\java\networktool\gui\components\table\SearchResultRow.java","0"
"Method","mouseExited","src\main\java\networktool\gui\components\table\SearchResultRow.java","0"
"Method","mouseClicked","src\main\java\networktool\gui\components\table\SearchResultRow.java","0"
"Method","GuiSshTerminal","src\main\java\networktool\gui\components\terminal\GuiSshTerminal.java","0"
"Method","open","src\main\java\networktool\gui\components\terminal\GuiSshTerminal.java","0"
"Method","SshConnectionWorker","src\main\java\networktool\gui\components\terminal\SshConnectionWorker.java","0"
"Method","connect","src\main\java\networktool\gui\components\terminal\SshConnectionWorker.java","0"
"Method","try","src\main\java\networktool\gui\components\terminal\SshConnectionWorker.java","0"
"Method","appendTerm","src\main\java\networktool\gui\components\terminal\SshConnectionWorker.java","0"
"Method","appendTerm","src\main\java\networktool\gui\components\terminal\SshConnectionWorker.java","0"
"Method","appendTerm","src\main\java\networktool\gui\components\terminal\SshConnectionWorker.java","0"
"Method","appendTerm","src\main\java\networktool\gui\components\terminal\SshConnectionWorker.java","0"
"Method","appendTerm","src\main\java\networktool\gui\components\terminal\SshConnectionWorker.java","0"
"Method","SshTerminalWindowBuilder","src\main\java\networktool\gui\components\terminal\SshTerminalWindowBuilder.java","0"
"Method","buildAndShow","src\main\java\networktool\gui\components\terminal\SshTerminalWindowBuilder.java","0"
"Method","appendTerm","src\main\java\networktool\gui\components\terminal\SshTerminalWindowBuilder.java","0"
"Method","windowClosing","src\main\java\networktool\gui\components\terminal\SshTerminalWindowBuilder.java","0"
"Method","closeSocket","src\main\java\networktool\gui\components\terminal\SshTerminalWindowBuilder.java","0"
"Method","buildHeader","src\main\java\networktool\gui\components\terminal\SshTerminalWindowBuilder.java","0"
"Method","buildOutputScroll","src\main\java\networktool\gui\components\terminal\SshTerminalWindowBuilder.java","0"
"Method","clearOutput","src\main\java\networktool\gui\components\terminal\SshTerminalWindowBuilder.java","0"
"Method","buildInputRow","src\main\java\networktool\gui\components\terminal\SshTerminalWindowBuilder.java","0"
"Method","MatteBorder","src\main\java\networktool\gui\components\terminal\SshTerminalWindowBuilder.java","0"
"Method","sendCommand","src\main\java\networktool\gui\components\terminal\SshTerminalWindowBuilder.java","0"
"Method","appendTerm","src\main\java\networktool\gui\components\terminal\SshTerminalWindowBuilder.java","0"
"Method","appendTerm","src\main\java\networktool\gui\components\terminal\SshTerminalWindowBuilder.java","0"
"Method","TerminalChrome","src\main\java\networktool\gui\components\terminal\TerminalChrome.java","0"
"Method","appendTerm","src\main\java\networktool\gui\components\terminal\TerminalChrome.java","0"
"Method","termBtn","src\main\java\networktool\gui\components\terminal\TerminalChrome.java","0"
"Method","EmptyBorder","src\main\java\networktool\gui\components\terminal\TerminalChrome.java","0"
"Method","isGuiActive","src\main\java\networktool\gui\core\GUI.java","0"
"Method","instance","src\main\java\networktool\gui\core\GUI.java","0"
"Method","clearInstance","src\main\java\networktool\gui\core\GUI.java","0"
"Method","setLoginMonitor","src\main\java\networktool\gui\core\GUI.java","0"
"Method","GUI","src\main\java\networktool\gui\core\GUI.java","0"
"Method","super","src\main\java\networktool\gui\core\GUI.java","0"
"Method","setDefaultCloseOperation","src\main\java\networktool\gui\core\GUI.java","0"
"Method","setMinimumSize","src\main\java\networktool\gui\core\GUI.java","0"
"Method","getContentPane","src\main\java\networktool\gui\core\GUI.java","0"
"Method","setLayout","src\main\java\networktool\gui\core\GUI.java","0"
"Method","setVisible","src\main\java\networktool\gui\core\GUI.java","0"
"Method","handleMenuClick","src\main\java\networktool\gui\core\GUI.java","0"
"Method","toggleSearchBar","src\main\java\networktool\gui\core\GUI.java","0"
"Method","toggleTheme","src\main\java\networktool\gui\core\GUI.java","0"
"Method","isActive","src\main\java\networktool\gui\core\GUI.java","0"
"Method","showHostTable","src\main\java\networktool\gui\core\GUI.java","0"
"Method","showScanTable","src\main\java\networktool\gui\core\GUI.java","0"
"Method","showProgress","src\main\java\networktool\gui\core\GUI.java","0"
"Method","updateProgress","src\main\java\networktool\gui\core\GUI.java","0"
"Method","appendText","src\main\java\networktool\gui\core\GUI.java","0"
"Method","setStatus","src\main\java\networktool\gui\core\GUI.java","0"
"Method","getOutputPane","src\main\java\networktool\gui\core\GUI.java","0"
"Method","restart","src\main\java\networktool\gui\core\GUI.java","0"
"Method","launch","src\main\java\networktool\gui\core\GUI.java","0"
"Method","GuiFrameLayout","src\main\java\networktool\gui\core\GuiFrameLayout.java","0"
"Method","assemble","src\main\java\networktool\gui\core\GuiFrameLayout.java","0"
"Method","installShortcuts","src\main\java\networktool\gui\core\GuiFrameLayout.java","0"
"Method","installShortcuts","src\main\java\networktool\gui\core\GuiFrameLayout.java","0"
"Method","buildMainPanel","src\main\java\networktool\gui\core\GuiFrameLayout.java","0"
"Method","GuiMenuDispatch","src\main\java\networktool\gui\core\GuiMenuDispatch.java","0"
"Method","handle","src\main\java\networktool\gui\core\GuiMenuDispatch.java","0"
"Method","GuiMenuHandler","src\main\java\networktool\gui\core\GuiMenuHandler.java","0"
"Method","registerHandlers","src\main\java\networktool\gui\core\GuiMenuHandler.java","0"
"Method","setSavedHostsPanel","src\main\java\networktool\gui\core\GuiMenuHandler.java","0"
"Method","registerHandlers","src\main\java\networktool\gui\core\GuiMenuHandler.java","0"
"Method","FileServer","src\main\java\networktool\gui\core\GuiMenuHandler.java","0"
"Method","FileClient","src\main\java\networktool\gui\core\GuiMenuHandler.java","0"
"Method","handle","src\main\java\networktool\gui\core\GuiMenuHandler.java","0"
"Method","cancel","src\main\java\networktool\gui\core\GuiMenuHandler.java","0"
"Method","isRunning","src\main\java\networktool\gui\core\GuiMenuHandler.java","0"
"Method","handleSendMessage","src\main\java\networktool\gui\core\GuiMenuHandler.java","0"
"Method","runAsync","src\main\java\networktool\gui\core\GuiMenuHandler.java","0"
"Method","runAsync","src\main\java\networktool\gui\core\GuiMenuHandler.java","0"
"Method","register","src\main\java\networktool\gui\core\GuiMenuRegistry.java","0"
"Method","dispatch","src\main\java\networktool\gui\core\GuiMenuRegistry.java","0"
"Method","contains","src\main\java\networktool\gui\core\GuiMenuRegistry.java","0"
"Method","size","src\main\java\networktool\gui\core\GuiMenuRegistry.java","0"
"Method","GuiRestartFlow","src\main\java\networktool\gui\core\GuiRestartFlow.java","0"
"Method","restart","src\main\java\networktool\gui\core\GuiRestartFlow.java","0"
"Method","applySystemLookAndFeel","src\main\java\networktool\gui\core\GuiRestartFlow.java","0"
"Method","GUI","src\main\java\networktool\gui\core\GuiRestartFlow.java","0"
"Method","launch","src\main\java\networktool\gui\core\GuiRestartFlow.java","0"
"Method","applySystemLookAndFeel","src\main\java\networktool\gui\core\GuiRestartFlow.java","0"
"Method","GUI","src\main\java\networktool\gui\core\GuiRestartFlow.java","0"
"Method","applySystemLookAndFeel","src\main\java\networktool\gui\core\GuiRestartFlow.java","0"
"Method","GuiStartupTasks","src\main\java\networktool\gui\core\GuiStartupTasks.java","0"
"Method","printUserBanner","src\main\java\networktool\gui\core\GuiStartupTasks.java","0"
"Method","printUserBanner","src\main\java\networktool\gui\core\GuiStartupTasks.java","0"
"Method","GuiWindowActions","src\main\java\networktool\gui\core\GuiWindowActions.java","0"
"Method","installKeyboardShortcuts","src\main\java\networktool\gui\core\GuiWindowActions.java","0"
"Method","actionPerformed","src\main\java\networktool\gui\core\GuiWindowActions.java","0"
"Method","actionPerformed","src\main\java\networktool\gui\core\GuiWindowActions.java","0"
"Method","actionPerformed","src\main\java\networktool\gui\core\GuiWindowActions.java","0"
"Method","actionPerformed","src\main\java\networktool\gui\core\GuiWindowActions.java","0"
"Method","installWindowClose","src\main\java\networktool\gui\core\GuiWindowActions.java","0"
"Method","windowClosing","src\main\java\networktool\gui\core\GuiWindowActions.java","0"
"Method","confirmQuit","src\main\java\networktool\gui\core\GuiWindowActions.java","0"
"Method","enterFullscreen","src\main\java\networktool\gui\core\GuiWindowActions.java","0"
"Method","toggleTheme","src\main\java\networktool\gui\core\GuiWindowActions.java","0"
"Method","HostDetailRows","src\main\java\networktool\gui\hostdetails\HostDetailRows.java","0"
"Method","addRow","src\main\java\networktool\gui\hostdetails\HostDetailRows.java","0"
"Method","addRowWithLabel","src\main\java\networktool\gui\hostdetails\HostDetailRows.java","0"
"Method","addRowWithLabel","src\main\java\networktool\gui\hostdetails\HostDetailRows.java","0"
"Method","MatteBorder","src\main\java\networktool\gui\hostdetails\HostDetailRows.java","0"
"Method","label","src\main\java\networktool\gui\hostdetails\HostDetailRows.java","0"
"Method","detailButton","src\main\java\networktool\gui\hostdetails\HostDetailRows.java","0"
"Method","mouseEntered","src\main\java\networktool\gui\hostdetails\HostDetailRows.java","0"
"Method","mouseExited","src\main\java\networktool\gui\hostdetails\HostDetailRows.java","0"
"Method","HostDetailsPanel","src\main\java\networktool\gui\hostdetails\HostDetailsPanel.java","0"
"Method","show","src\main\java\networktool\gui\hostdetails\HostDetailsPanel.java","0"
"Method","openWindow","src\main\java\networktool\gui\hostdetails\HostDetailsPanel.java","0"
"Method","buildHeader","src\main\java\networktool\gui\hostdetails\HostDetailsPanel.java","0"
"Method","buildHeader","src\main\java\networktool\gui\hostdetails\HostDetailsPanel.java","0"
"Method","MatteBorder","src\main\java\networktool\gui\hostdetails\HostDetailsPanel.java","0"
"Method","buildTabs","src\main\java\networktool\gui\hostdetails\HostDetailsPanel.java","0"
"Method","HostInfoTab","src\main\java\networktool\gui\hostdetails\HostInfoTab.java","0"
"Method","build","src\main\java\networktool\gui\hostdetails\HostInfoTab.java","0"
"Method","addStaticRows","src\main\java\networktool\gui\hostdetails\HostInfoTab.java","0"
"Method","addReachabilityRow","src\main\java\networktool\gui\hostdetails\HostInfoTab.java","0"
"Method","findStored","src\main\java\networktool\gui\hostdetails\HostInfoTab.java","0"
"Method","addStaticRows","src\main\java\networktool\gui\hostdetails\HostInfoTab.java","0"
"Method","addReachabilityRow","src\main\java\networktool\gui\hostdetails\HostInfoTab.java","0"
"Method","HostNotesTab","src\main\java\networktool\gui\hostdetails\HostNotesTab.java","0"
"Method","build","src\main\java\networktool\gui\hostdetails\HostNotesTab.java","0"
"Method","currentNotes","src\main\java\networktool\gui\hostdetails\HostNotesTab.java","0"
"Method","buildTextArea","src\main\java\networktool\gui\hostdetails\HostNotesTab.java","0"
"Method","buildSaveRow","src\main\java\networktool\gui\hostdetails\HostNotesTab.java","0"
"Method","HostPingTab","src\main\java\networktool\gui\hostdetails\HostPingTab.java","0"
"Method","setLayout","src\main\java\networktool\gui\hostdetails\HostPingTab.java","0"
"Method","setBackground","src\main\java\networktool\gui\hostdetails\HostPingTab.java","0"
"Method","setBorder","src\main\java\networktool\gui\hostdetails\HostPingTab.java","0"
"Method","add","src\main\java\networktool\gui\hostdetails\HostPingTab.java","0"
"Method","paintComponent","src\main\java\networktool\gui\hostdetails\HostPingTab.java","0"
"Method","add","src\main\java\networktool\gui\hostdetails\HostPingTab.java","0"
"Method","add","src\main\java\networktool\gui\hostdetails\HostPingTab.java","0"
"Method","start","src\main\java\networktool\gui\hostdetails\HostPingTab.java","0"
"Method","restart","src\main\java\networktool\gui\hostdetails\HostPingTab.java","0"
"Method","stopPinging","src\main\java\networktool\gui\hostdetails\HostPingTab.java","0"
"Method","start","src\main\java\networktool\gui\hostdetails\HostPingTab.java","0"
"Method","stopPinging","src\main\java\networktool\gui\hostdetails\HostPingTab.java","0"
"Method","pingLoop","src\main\java\networktool\gui\hostdetails\HostPingTab.java","0"
"Method","recordSample","src\main\java\networktool\gui\hostdetails\HostPingTab.java","0"
"Method","publishStats","src\main\java\networktool\gui\hostdetails\HostPingTab.java","0"
"Method","recordSample","src\main\java\networktool\gui\hostdetails\HostPingTab.java","0"
"Method","publishStats","src\main\java\networktool\gui\hostdetails\HostPingTab.java","0"
"Method","buildHistoryList","src\main\java\networktool\gui\hostdetails\HostPingTab.java","0"
"Method","HostPortsTab","src\main\java\networktool\gui\hostdetails\HostPortsTab.java","0"
"Method","setLayout","src\main\java\networktool\gui\hostdetails\HostPortsTab.java","0"
"Method","setBackground","src\main\java\networktool\gui\hostdetails\HostPortsTab.java","0"
"Method","setBorder","src\main\java\networktool\gui\hostdetails\HostPortsTab.java","0"
"Method","add","src\main\java\networktool\gui\hostdetails\HostPortsTab.java","0"
"Method","add","src\main\java\networktool\gui\hostdetails\HostPortsTab.java","0"
"Method","refresh","src\main\java\networktool\gui\hostdetails\HostPortsTab.java","0"
"Method","showResults","src\main\java\networktool\gui\hostdetails\HostPortsTab.java","0"
"Method","portRow","src\main\java\networktool\gui\hostdetails\HostPortsTab.java","0"
"Method","MatteBorder","src\main\java\networktool\gui\hostdetails\HostPortsTab.java","0"
"Method","HostSaveDialog","src\main\java\networktool\gui\hostdetails\HostSaveDialog.java","0"
"Method","save","src\main\java\networktool\gui\hostdetails\HostSaveDialog.java","0"
"Method","reportResult","src\main\java\networktool\gui\hostdetails\HostSaveDialog.java","0"
"Method","resolveTargetNetwork","src\main\java\networktool\gui\hostdetails\HostSaveDialog.java","0"
"Method","confirmPrefixMismatch","src\main\java\networktool\gui\hostdetails\HostSaveDialog.java","0"
"Method","reportResult","src\main\java\networktool\gui\hostdetails\HostSaveDialog.java","0"
"Method","parsePorts","src\main\java\networktool\gui\hostdetails\HostSaveDialog.java","0"
"Method","GuiLoginRateLimiter","src\main\java\networktool\gui\login\GuiLoginRateLimiter.java","0"
"Method","isLocked","src\main\java\networktool\gui\login\GuiLoginRateLimiter.java","0"
"Method","remainingSeconds","src\main\java\networktool\gui\login\GuiLoginRateLimiter.java","0"
"Method","recordFailure","src\main\java\networktool\gui\login\GuiLoginRateLimiter.java","0"
"Method","recordSuccess","src\main\java\networktool\gui\login\GuiLoginRateLimiter.java","0"
"Method","reset","src\main\java\networktool\gui\login\GuiLoginRateLimiter.java","0"
"Method","getAttempts","src\main\java\networktool\gui\login\GuiLoginRateLimiter.java","0"
"Method","LoginButtons","src\main\java\networktool\gui\login\LoginButtons.java","0"
"Method","primaryButton","src\main\java\networktool\gui\login\LoginButtons.java","0"
"Method","secondaryButton","src\main\java\networktool\gui\login\LoginButtons.java","0"
"Method","LineBorder","src\main\java\networktool\gui\login\LoginButtons.java","0"
"Method","linkButton","src\main\java\networktool\gui\login\LoginButtons.java","0"
"Method","mouseEntered","src\main\java\networktool\gui\login\LoginButtons.java","0"
"Method","mouseExited","src\main\java\networktool\gui\login\LoginButtons.java","0"
"Method","LoginChoiceScreen","src\main\java\networktool\gui\login\LoginChoiceScreen.java","0"
"Method","build","src\main\java\networktool\gui\login\LoginChoiceScreen.java","0"
"Method","LoginFormBuilder","src\main\java\networktool\gui\login\LoginFormBuilder.java","0"
"Method","buildHeader","src\main\java\networktool\gui\login\LoginFormBuilder.java","0"
"Method","MatteBorder","src\main\java\networktool\gui\login\LoginFormBuilder.java","0"
"Method","bgPanel","src\main\java\networktool\gui\login\LoginFormBuilder.java","0"
"Method","LoginFormLayout","src\main\java\networktool\gui\login\LoginFormLayout.java","0"
"Method","defaultConstraints","src\main\java\networktool\gui\login\LoginFormLayout.java","0"
"Method","addFormRow","src\main\java\networktool\gui\login\LoginFormLayout.java","0"
"Method","addSpanRow","src\main\java\networktool\gui\login\LoginFormLayout.java","0"
"Method","formPanel","src\main\java\networktool\gui\login\LoginFormLayout.java","0"
"Method","LoginInputs","src\main\java\networktool\gui\login\LoginInputs.java","0"
"Method","inputField","src\main\java\networktool\gui\login\LoginInputs.java","0"
"Method","LineBorder","src\main\java\networktool\gui\login\LoginInputs.java","0"
"Method","passwordField","src\main\java\networktool\gui\login\LoginInputs.java","0"
"Method","LineBorder","src\main\java\networktool\gui\login\LoginInputs.java","0"
"Method","comboBox","src\main\java\networktool\gui\login\LoginInputs.java","0"
"Method","errorLabel","src\main\java\networktool\gui\login\LoginInputs.java","0"
"Method","fieldLabel","src\main\java\networktool\gui\login\LoginInputs.java","0"
"Method","LoginLockoutWatcher","src\main\java\networktool\gui\login\LoginLockoutWatcher.java","0"
"Method","attach","src\main\java\networktool\gui\login\LoginLockoutWatcher.java","0"
"Method","startCountdown","src\main\java\networktool\gui\login\LoginLockoutWatcher.java","0"
"Method","startCountdown","src\main\java\networktool\gui\login\LoginLockoutWatcher.java","0"
"Method","updateLabel","src\main\java\networktool\gui\login\LoginLockoutWatcher.java","0"
"Method","updateLabel","src\main\java\networktool\gui\login\LoginLockoutWatcher.java","0"
"Method","updateLabel","src\main\java\networktool\gui\login\LoginLockoutWatcher.java","0"
"Method","LoginScreens","src\main\java\networktool\gui\login\LoginScreens.java","0"
"Method","buildLoginScreen","src\main\java\networktool\gui\login\LoginScreens.java","0"
"Method","addFormRow","src\main\java\networktool\gui\login\LoginScreens.java","0"
"Method","addFormRow","src\main\java\networktool\gui\login\LoginScreens.java","0"
"Method","addSpanRow","src\main\java\networktool\gui\login\LoginScreens.java","0"
"Method","wireLoginActions","src\main\java\networktool\gui\login\LoginScreens.java","0"
"Method","wireLoginActions","src\main\java\networktool\gui\login\LoginScreens.java","0"
"Method","buildFooter","src\main\java\networktool\gui\login\LoginScreens.java","0"
"Method","LoginShakeEffect","src\main\java\networktool\gui\login\LoginShakeEffect.java","0"
"Method","shake","src\main\java\networktool\gui\login\LoginShakeEffect.java","0"
"Method","RegisterScreen","src\main\java\networktool\gui\login\RegisterScreen.java","0"
"Method","build","src\main\java\networktool\gui\login\RegisterScreen.java","0"
"Method","wireStrengthMeter","src\main\java\networktool\gui\login\RegisterScreen.java","0"
"Method","addFormRow","src\main\java\networktool\gui\login\RegisterScreen.java","0"
"Method","addFormRow","src\main\java\networktool\gui\login\RegisterScreen.java","0"
"Method","addFormRow","src\main\java\networktool\gui\login\RegisterScreen.java","0"
"Method","addStrengthRow","src\main\java\networktool\gui\login\RegisterScreen.java","0"
"Method","addSpanRow","src\main\java\networktool\gui\login\RegisterScreen.java","0"
"Method","String","src\main\java\networktool\gui\login\RegisterScreen.java","0"
"Method","buildStrengthBar","src\main\java\networktool\gui\login\RegisterScreen.java","0"
"Method","wireStrengthMeter","src\main\java\networktool\gui\login\RegisterScreen.java","0"
"Method","passwordScore","src\main\java\networktool\gui\login\RegisterScreen.java","0"
"Method","strengthColor","src\main\java\networktool\gui\login\RegisterScreen.java","0"
"Method","addStrengthRow","src\main\java\networktool\gui\login\RegisterScreen.java","0"
"Method","buildFooter","src\main\java\networktool\gui\login\RegisterScreen.java","0"
"Method","docListener","src\main\java\networktool\gui\login\RegisterScreen.java","0"
"Method","insertUpdate","src\main\java\networktool\gui\login\RegisterScreen.java","0"
"Method","removeUpdate","src\main\java\networktool\gui\login\RegisterScreen.java","0"
"Method","changedUpdate","src\main\java\networktool\gui\login\RegisterScreen.java","0"
"Method","MapCanvas","src\main\java\networktool\gui\map\MapCanvas.java","0"
"Method","setBackground","src\main\java\networktool\gui\map\MapCanvas.java","0"
"Method","installMouse","src\main\java\networktool\gui\map\MapCanvas.java","0"
"Method","setTitleLabel","src\main\java\networktool\gui\map\MapCanvas.java","0"
"Method","setStatusLabel","src\main\java\networktool\gui\map\MapCanvas.java","0"
"Method","hostCount","src\main\java\networktool\gui\map\MapCanvas.java","0"
"Method","return","src\main\java\networktool\gui\map\MapCanvas.java","0"
"Method","setStatus","src\main\java\networktool\gui\map\MapCanvas.java","0"
"Method","reload","src\main\java\networktool\gui\map\MapCanvas.java","0"
"Method","resetLayout","src\main\java\networktool\gui\map\MapCanvas.java","0"
"Method","updateLabels","src\main\java\networktool\gui\map\MapCanvas.java","0"
"Method","resetLayout","src\main\java\networktool\gui\map\MapCanvas.java","0"
"Method","repaint","src\main\java\networktool\gui\map\MapCanvas.java","0"
"Method","runTrafficProbing","src\main\java\networktool\gui\map\MapCanvas.java","0"
"Method","setStatus","src\main\java\networktool\gui\map\MapCanvas.java","0"
"Method","repaint","src\main\java\networktool\gui\map\MapCanvas.java","0"
"Method","setStatus","src\main\java\networktool\gui\map\MapCanvas.java","0"
"Method","nodeAt","src\main\java\networktool\gui\map\MapCanvas.java","0"
"Method","paintComponent","src\main\java\networktool\gui\map\MapCanvas.java","0"
"Method","applyCamera","src\main\java\networktool\gui\map\MapCanvas.java","0"
"Method","applyCamera","src\main\java\networktool\gui\map\MapCanvas.java","0"
"Method","toWorld","src\main\java\networktool\gui\map\MapCanvas.java","0"
"Method","Point","src\main\java\networktool\gui\map\MapCanvas.java","0"
"Method","installMouse","src\main\java\networktool\gui\map\MapCanvas.java","0"
"Method","repaint","src\main\java\networktool\gui\map\MapCanvas.java","0"
"Method","addMouseListener","src\main\java\networktool\gui\map\MapCanvas.java","0"
"Method","mousePressed","src\main\java\networktool\gui\map\MapCanvas.java","0"
"Method","mouseReleased","src\main\java\networktool\gui\map\MapCanvas.java","0"
"Method","mouseClicked","src\main\java\networktool\gui\map\MapCanvas.java","0"
"Method","addMouseMotionListener","src\main\java\networktool\gui\map\MapCanvas.java","0"
"Method","mouseDragged","src\main\java\networktool\gui\map\MapCanvas.java","0"
"Method","mouseMoved","src\main\java\networktool\gui\map\MapCanvas.java","0"
"Method","setCursor","src\main\java\networktool\gui\map\MapCanvas.java","0"
"Method","handlePress","src\main\java\networktool\gui\map\MapCanvas.java","0"
"Method","setCursor","src\main\java\networktool\gui\map\MapCanvas.java","0"
"Method","setCursor","src\main\java\networktool\gui\map\MapCanvas.java","0"
"Method","handleDrag","src\main\java\networktool\gui\map\MapCanvas.java","0"
"Method","repaint","src\main\java\networktool\gui\map\MapCanvas.java","0"
"Method","updateLabels","src\main\java\networktool\gui\map\MapCanvas.java","0"
"Method","setStatus","src\main\java\networktool\gui\map\MapCanvas.java","0"
"Method","MapContextMenu","src\main\java\networktool\gui\map\MapContextMenu.java","0"
"Method","show","src\main\java\networktool\gui\map\MapContextMenu.java","0"
"Method","buildMenu","src\main\java\networktool\gui\map\MapContextMenu.java","0"
"Method","item","src\main\java\networktool\gui\map\MapContextMenu.java","0"
"Method","mouseEntered","src\main\java\networktool\gui\map\MapContextMenu.java","0"
"Method","mouseExited","src\main\java\networktool\gui\map\MapContextMenu.java","0"
"Method","clip","src\main\java\networktool\gui\map\MapContextMenu.java","0"
"Method","MapDeviceSignatures","src\main\java\networktool\gui\map\MapDeviceSignatures.java","0"
"Method","MapEdgeBuilder","src\main\java\networktool\gui\map\MapEdgeBuilder.java","0"
"Method","build","src\main\java\networktool\gui\map\MapEdgeBuilder.java","0"
"Method","resolveParent","src\main\java\networktool\gui\map\MapEdgeBuilder.java","0"
"Method","nearestSwitchInSubnet","src\main\java\networktool\gui\map\MapEdgeBuilder.java","0"
"Method","findManualSwitch","src\main\java\networktool\gui\map\MapEdgeBuilder.java","0"
"Method","nearestSwitchInSubnet","src\main\java\networktool\gui\map\MapEdgeBuilder.java","0"
"Method","findOrCreateSwitch","src\main\java\networktool\gui\map\MapEdgeBuilder.java","0"
"Method","collectSwitches","src\main\java\networktool\gui\map\MapEdgeBuilder.java","0"
"Method","edge","src\main\java\networktool\gui\map\MapEdgeBuilder.java","0"
"Method","MapHopDiscovery","src\main\java\networktool\gui\map\MapHopDiscovery.java","0"
"Method","discover","src\main\java\networktool\gui\map\MapHopDiscovery.java","0"
"Method","promoteFrequentHopsToSwitches","src\main\java\networktool\gui\map\MapHopDiscovery.java","0"
"Method","discoverHost","src\main\java\networktool\gui\map\MapHopDiscovery.java","0"
"Method","recordAllIntermediateHops","src\main\java\networktool\gui\map\MapHopDiscovery.java","0"
"Method","recordAllIntermediateHops","src\main\java\networktool\gui\map\MapHopDiscovery.java","0"
"Method","findUpstream","src\main\java\networktool\gui\map\MapHopDiscovery.java","0"
"Method","promoteFrequentHopsToSwitches","src\main\java\networktool\gui\map\MapHopDiscovery.java","0"
"Method","MapLayout","src\main\java\networktool\gui\map\MapLayout.java","0"
"Method","apply","src\main\java\networktool\gui\map\MapLayout.java","0"
"Method","placeGateway","src\main\java\networktool\gui\map\MapLayout.java","0"
"Method","placeSelf","src\main\java\networktool\gui\map\MapLayout.java","0"
"Method","placeSwitches","src\main\java\networktool\gui\map\MapLayout.java","0"
"Method","placeHosts","src\main\java\networktool\gui\map\MapLayout.java","0"
"Method","placeGateway","src\main\java\networktool\gui\map\MapLayout.java","0"
"Method","placeSelf","src\main\java\networktool\gui\map\MapLayout.java","0"
"Method","placeSwitches","src\main\java\networktool\gui\map\MapLayout.java","0"
"Method","placeHosts","src\main\java\networktool\gui\map\MapLayout.java","0"
"Method","MapLegend","src\main\java\networktool\gui\map\MapLegend.java","0"
"Method","build","src\main\java\networktool\gui\map\MapLegend.java","0"
"Method","paintComponent","src\main\java\networktool\gui\map\MapLegend.java","0"
"Method","MapNodeCollector","src\main\java\networktool\gui\map\MapNodeCollector.java","0"
"Method","collectInto","src\main\java\networktool\gui\map\MapNodeCollector.java","0"
"Method","addNode","src\main\java\networktool\gui\map\MapNodeCollector.java","0"
"Method","applyTrafficRoles","src\main\java\networktool\gui\map\MapNodeCollector.java","0"
"Method","roleLabel","src\main\java\networktool\gui\map\MapNodeCollector.java","0"
"Method","cleanHostname","src\main\java\networktool\gui\map\MapNodeCollector.java","0"
"Method","localOs","src\main\java\networktool\gui\map\MapNodeCollector.java","0"
"Method","MapNodeStyle","src\main\java\networktool\gui\map\MapNodeStyle.java","0"
"Method","nodeColor","src\main\java\networktool\gui\map\MapNodeStyle.java","0"
"Method","nodeRadius","src\main\java\networktool\gui\map\MapNodeStyle.java","0"
"Method","nodeIcon","src\main\java\networktool\gui\map\MapNodeStyle.java","0"
"Method","osIcon","src\main\java\networktool\gui\map\MapNodeStyle.java","0"
"Method","isInfraSwitch","src\main\java\networktool\gui\map\MapNodeStyle.java","0"
"Method","cleanHostname","src\main\java\networktool\gui\map\MapNodeStyle.java","0"
"Method","extractRoleLabel","src\main\java\networktool\gui\map\MapNodeStyle.java","0"
"Method","roleColor","src\main\java\networktool\gui\map\MapNodeStyle.java","0"
"Method","MapRenderer","src\main\java\networktool\gui\map\MapRenderer.java","0"
"Method","drawBackground","src\main\java\networktool\gui\map\MapRenderer.java","0"
"Method","drawEdge","src\main\java\networktool\gui\map\MapRenderer.java","0"
"Method","drawNode","src\main\java\networktool\gui\map\MapRenderer.java","0"
"Method","drawGlow","src\main\java\networktool\gui\map\MapRenderer.java","0"
"Method","drawBody","src\main\java\networktool\gui\map\MapRenderer.java","0"
"Method","drawIcon","src\main\java\networktool\gui\map\MapRenderer.java","0"
"Method","drawLabels","src\main\java\networktool\gui\map\MapRenderer.java","0"
"Method","drawGlow","src\main\java\networktool\gui\map\MapRenderer.java","0"
"Method","drawBody","src\main\java\networktool\gui\map\MapRenderer.java","0"
"Method","drawIcon","src\main\java\networktool\gui\map\MapRenderer.java","0"
"Method","drawLabels","src\main\java\networktool\gui\map\MapRenderer.java","0"
"Method","MapSwitchStore","src\main\java\networktool\gui\map\MapSwitchStore.java","0"
"Method","load","src\main\java\networktool\gui\map\MapSwitchStore.java","0"
"Method","add","src\main\java\networktool\gui\map\MapSwitchStore.java","0"
"Method","persist","src\main\java\networktool\gui\map\MapSwitchStore.java","0"
"Method","remove","src\main\java\networktool\gui\map\MapSwitchStore.java","0"
"Method","persist","src\main\java\networktool\gui\map\MapSwitchStore.java","0"
"Method","clear","src\main\java\networktool\gui\map\MapSwitchStore.java","0"
"Method","persist","src\main\java\networktool\gui\map\MapSwitchStore.java","0"
"Method","contains","src\main\java\networktool\gui\map\MapSwitchStore.java","0"
"Method","load","src\main\java\networktool\gui\map\MapSwitchStore.java","0"
"Method","persist","src\main\java\networktool\gui\map\MapSwitchStore.java","0"
"Method","MapTopology","src\main\java\networktool\gui\map\MapTopology.java","0"
"Method","classifyNodes","src\main\java\networktool\gui\map\MapTopology.java","0"
"Method","buildEdges","src\main\java\networktool\gui\map\MapTopology.java","0"
"Method","isEndDevice","src\main\java\networktool\gui\map\MapTopology.java","0"
"Method","hasEndDevicePorts","src\main\java\networktool\gui\map\MapTopology.java","0"
"Method","isSwitchByKeyword","src\main\java\networktool\gui\map\MapTopology.java","0"
"Method","isSwitchByOui","src\main\java\networktool\gui\map\MapTopology.java","0"
"Method","isSwitchByInfraPorts","src\main\java\networktool\gui\map\MapTopology.java","0"
"Method","isSwitchByPorts","src\main\java\networktool\gui\map\MapTopology.java","0"
"Method","isSwitchByInfraPorts","src\main\java\networktool\gui\map\MapTopology.java","0"
"Method","isDnsOrDhcpServer","src\main\java\networktool\gui\map\MapTopology.java","0"
"Method","promoteToSwitch","src\main\java\networktool\gui\map\MapTopology.java","0"
"Method","hasEndDevicePorts","src\main\java\networktool\gui\map\MapTopology.java","0"
"Method","subnet24","src\main\java\networktool\gui\map\MapTopology.java","0"
"Method","lastOctet","src\main\java\networktool\gui\map\MapTopology.java","0"
"Method","LocalToast","src\main\java\networktool\gui\notification\LocalToast.java","0"
"Method","show","src\main\java\networktool\gui\notification\LocalToast.java","0"
"Method","showAwtTray","src\main\java\networktool\gui\notification\LocalToast.java","0"
"Method","showPowerShellBalloon","src\main\java\networktool\gui\notification\LocalToast.java","0"
"Method","showAwtTray","src\main\java\networktool\gui\notification\LocalToast.java","0"
"Method","ps","src\main\java\networktool\gui\notification\LocalToast.java","0"
"Method","NotificationListener","src\main\java\networktool\gui\notification\NotificationListener.java","0"
"Method","start","src\main\java\networktool\gui\notification\NotificationListener.java","0"
"Method","stop","src\main\java\networktool\gui\notification\NotificationListener.java","0"
"Method","subscribeNewTopic","src\main\java\networktool\gui\notification\NotificationListener.java","0"
"Method","parseNtfyJson","src\main\java\networktool\gui\notification\NotificationListener.java","0"
"Method","NotificationTcpServer","src\main\java\networktool\gui\notification\NotificationTcpServer.java","0"
"Method","start","src\main\java\networktool\gui\notification\NotificationTcpServer.java","0"
"Method","try","src\main\java\networktool\gui\notification\NotificationTcpServer.java","0"
"Method","stop","src\main\java\networktool\gui\notification\NotificationTcpServer.java","0"
"Method","handleClient","src\main\java\networktool\gui\notification\NotificationTcpServer.java","0"
"Method","try","src\main\java\networktool\gui\notification\NotificationTcpServer.java","0"
"Method","NtfyJsonParser","src\main\java\networktool\gui\notification\NtfyJsonParser.java","0"
"Method","parse","src\main\java\networktool\gui\notification\NtfyJsonParser.java","0"
"Method","extractStr","src\main\java\networktool\gui\notification\NtfyJsonParser.java","0"
"Method","NtfySubscriptionManager","src\main\java\networktool\gui\notification\NtfySubscriptionManager.java","0"
"Method","subscribe","src\main\java\networktool\gui\notification\NtfySubscriptionManager.java","0"
"Method","startSavedTopics","src\main\java\networktool\gui\notification\NtfySubscriptionManager.java","0"
"Method","stopAll","src\main\java\networktool\gui\notification\NtfySubscriptionManager.java","0"
"Method","subscribeLoop","src\main\java\networktool\gui\notification\NtfySubscriptionManager.java","0"
"Method","connectAndReceive","src\main\java\networktool\gui\notification\NtfySubscriptionManager.java","0"
"Method","try","src\main\java\networktool\gui\notification\NtfySubscriptionManager.java","0"
"Method","NtfySubscriptions","src\main\java\networktool\gui\notification\NtfySubscriptions.java","0"
"Method","subscribe","src\main\java\networktool\gui\notification\NtfySubscriptions.java","0"
"Method","startSavedTopics","src\main\java\networktool\gui\notification\NtfySubscriptions.java","0"
"Method","stopAll","src\main\java\networktool\gui\notification\NtfySubscriptions.java","0"
"Method","subscribeLoop","src\main\java\networktool\gui\notification\NtfySubscriptions.java","0"
"Method","connectAndReceive","src\main\java\networktool\gui\notification\NtfySubscriptions.java","0"
"Method","try","src\main\java\networktool\gui\notification\NtfySubscriptions.java","0"
"Method","onInput","src\main\java\networktool\gui\panels\GuiInputPanel.java","0"
"Method","GuiInputPanel","src\main\java\networktool\gui\panels\GuiInputPanel.java","0"
"Method","buildPanel","src\main\java\networktool\gui\panels\GuiInputPanel.java","0"
"Method","MatteBorder","src\main\java\networktool\gui\panels\GuiInputPanel.java","0"
"Method","requestInput","src\main\java\networktool\gui\panels\GuiInputPanel.java","0"
"Method","ask","src\main\java\networktool\gui\panels\GuiInputPanel.java","0"
"Method","requestInput","src\main\java\networktool\gui\panels\GuiInputPanel.java","0"
"Method","buildArrowLabel","src\main\java\networktool\gui\panels\GuiInputPanel.java","0"
"Method","buildTextField","src\main\java\networktool\gui\panels\GuiInputPanel.java","0"
"Method","buildSendButton","src\main\java\networktool\gui\panels\GuiInputPanel.java","0"
"Method","LineBorder","src\main\java\networktool\gui\panels\GuiInputPanel.java","0"
"Method","submit","src\main\java\networktool\gui\panels\GuiInputPanel.java","0"
"Method","GuiNetworkDialogs","src\main\java\networktool\gui\panels\GuiNetworkDialogs.java","0"
"Method","promptNew","src\main\java\networktool\gui\panels\GuiNetworkDialogs.java","0"
"Method","promptRename","src\main\java\networktool\gui\panels\GuiNetworkDialogs.java","0"
"Method","return","src\main\java\networktool\gui\panels\GuiNetworkDialogs.java","0"
"Method","confirmDelete","src\main\java\networktool\gui\panels\GuiNetworkDialogs.java","0"
"Method","GuiOutputPanel","src\main\java\networktool\gui\panels\GuiOutputPanel.java","0"
"Method","buildTopBar","src\main\java\networktool\gui\panels\GuiOutputPanel.java","0"
"Method","buildScrollPane","src\main\java\networktool\gui\panels\GuiOutputPanel.java","0"
"Method","getOutputPane","src\main\java\networktool\gui\panels\GuiOutputPanel.java","0"
"Method","appendText","src\main\java\networktool\gui\panels\GuiOutputPanel.java","0"
"Method","doAppend","src\main\java\networktool\gui\panels\GuiOutputPanel.java","0"
"Method","doAppend","src\main\java\networktool\gui\panels\GuiOutputPanel.java","0"
"Method","trimIfNeeded","src\main\java\networktool\gui\panels\GuiOutputPanel.java","0"
"Method","printBanner","src\main\java\networktool\gui\panels\GuiOutputPanel.java","0"
"Method","appendText","src\main\java\networktool\gui\panels\GuiOutputPanel.java","0"
"Method","redirectStreams","src\main\java\networktool\gui\panels\GuiOutputPanel.java","0"
"Method","trimIfNeeded","src\main\java\networktool\gui\panels\GuiOutputPanel.java","0"
"Method","buildClearButton","src\main\java\networktool\gui\panels\GuiOutputPanel.java","0"
"Method","mouseEntered","src\main\java\networktool\gui\panels\GuiOutputPanel.java","0"
"Method","mouseExited","src\main\java\networktool\gui\panels\GuiOutputPanel.java","0"
"Method","clearOutput","src\main\java\networktool\gui\panels\GuiOutputPanel.java","0"
"Method","terminalBg","src\main\java\networktool\gui\panels\GuiOutputPanel.java","0"
"Method","OutputStreamRedirector","src\main\java\networktool\gui\panels\OutputStreamRedirector.java","0"
"Method","build","src\main\java\networktool\gui\panels\OutputStreamRedirector.java","0"
"Method","PrintStream","src\main\java\networktool\gui\panels\OutputStreamRedirector.java","0"
"Method","write","src\main\java\networktool\gui\panels\OutputStreamRedirector.java","0"
"Method","flush","src\main\java\networktool\gui\panels\OutputStreamRedirector.java","0"
"Method","classifyColor","src\main\java\networktool\gui\panels\OutputStreamRedirector.java","0"
"Method","terminalFg","src\main\java\networktool\gui\panels\OutputStreamRedirector.java","0"
"Method","terminalFg","src\main\java\networktool\gui\panels\OutputStreamRedirector.java","0"
"Method","GuiAuditLegend","src\main\java\networktool\gui\panels\audit\GuiAuditLegend.java","0"
"Method","build","src\main\java\networktool\gui\panels\audit\GuiAuditLegend.java","0"
"Method","buildGrid","src\main\java\networktool\gui\panels\audit\GuiAuditLegend.java","0"
"Method","GuiAuditPanel","src\main\java\networktool\gui\panels\audit\GuiAuditPanel.java","0"
"Method","ToolbarRefs","src\main\java\networktool\gui\panels\audit\GuiAuditPanel.java","0"
"Method","show","src\main\java\networktool\gui\panels\audit\GuiAuditPanel.java","0"
"Method","embedPanel","src\main\java\networktool\gui\panels\audit\GuiAuditPanel.java","0"
"Method","embedPanel","src\main\java\networktool\gui\panels\audit\GuiAuditPanel.java","0"
"Method","wireFilter","src\main\java\networktool\gui\panels\audit\GuiAuditPanel.java","0"
"Method","wireButtons","src\main\java\networktool\gui\panels\audit\GuiAuditPanel.java","0"
"Method","Thread","src\main\java\networktool\gui\panels\audit\GuiAuditPanel.java","0"
"Method","reload","src\main\java\networktool\gui\panels\audit\GuiAuditPanel.java","0"
"Method","wireFilter","src\main\java\networktool\gui\panels\audit\GuiAuditPanel.java","0"
"Method","wireButtons","src\main\java\networktool\gui\panels\audit\GuiAuditPanel.java","0"
"Method","Thread","src\main\java\networktool\gui\panels\audit\GuiAuditPanel.java","0"
"Method","buildToolbar","src\main\java\networktool\gui\panels\audit\GuiAuditPanel.java","0"
"Method","MatteBorder","src\main\java\networktool\gui\panels\audit\GuiAuditPanel.java","0"
"Method","ToolbarRefs","src\main\java\networktool\gui\panels\audit\GuiAuditPanel.java","0"
"Method","toolBtn","src\main\java\networktool\gui\panels\audit\GuiAuditPanel.java","0"
"Method","mouseEntered","src\main\java\networktool\gui\panels\audit\GuiAuditPanel.java","0"
"Method","mouseExited","src\main\java\networktool\gui\panels\audit\GuiAuditPanel.java","0"
"Method","docListener","src\main\java\networktool\gui\panels\audit\GuiAuditPanel.java","0"
"Method","insertUpdate","src\main\java\networktool\gui\panels\audit\GuiAuditPanel.java","0"
"Method","removeUpdate","src\main\java\networktool\gui\panels\audit\GuiAuditPanel.java","0"
"Method","changedUpdate","src\main\java\networktool\gui\panels\audit\GuiAuditPanel.java","0"
"Method","GuiAuditTable","src\main\java\networktool\gui\panels\audit\GuiAuditTable.java","0"
"Method","createModel","src\main\java\networktool\gui\panels\audit\GuiAuditTable.java","0"
"Method","isCellEditable","src\main\java\networktool\gui\panels\audit\GuiAuditTable.java","0"
"Method","buildTable","src\main\java\networktool\gui\panels\audit\GuiAuditTable.java","0"
"Method","getToolTipText","src\main\java\networktool\gui\panels\audit\GuiAuditTable.java","0"
"Method","prepareRenderer","src\main\java\networktool\gui\panels\audit\GuiAuditTable.java","0"
"Method","applyStyle","src\main\java\networktool\gui\panels\audit\GuiAuditTable.java","0"
"Method","applyStyle","src\main\java\networktool\gui\panels\audit\GuiAuditTable.java","0"
"Method","colColor","src\main\java\networktool\gui\panels\audit\GuiAuditTable.java","0"
"Method","actionColor","src\main\java\networktool\gui\panels\audit\GuiAuditTable.java","0"
"Method","GuiPrivacyPanel","src\main\java\networktool\gui\panels\privacy\GuiPrivacyPanel.java","0"
"Method","show","src\main\java\networktool\gui\panels\privacy\GuiPrivacyPanel.java","0"
"Method","embedPanel","src\main\java\networktool\gui\panels\privacy\GuiPrivacyPanel.java","0"
"Method","setBorder","src\main\java\networktool\gui\panels\privacy\GuiPrivacyPanel.java","0"
"Method","setPreferredSize","src\main\java\networktool\gui\panels\privacy\GuiPrivacyPanel.java","0"
"Method","getViewport","src\main\java\networktool\gui\panels\privacy\GuiPrivacyPanel.java","0"
"Method","PrivacyNetworkActions","src\main\java\networktool\gui\panels\privacy\PrivacyNetworkActions.java","0"
"Method","runTask","src\main\java\networktool\gui\panels\privacy\PrivacyNetworkActions.java","0"
"Method","log","src\main\java\networktool\gui\panels\privacy\PrivacyNetworkActions.java","0"
"Method","Thread","src\main\java\networktool\gui\panels\privacy\PrivacyNetworkActions.java","0"
"Method","randomizeMac","src\main\java\networktool\gui\panels\privacy\PrivacyNetworkActions.java","0"
"Method","log","src\main\java\networktool\gui\panels\privacy\PrivacyNetworkActions.java","0"
"Method","log","src\main\java\networktool\gui\panels\privacy\PrivacyNetworkActions.java","0"
"Method","log","src\main\java\networktool\gui\panels\privacy\PrivacyNetworkActions.java","0"
"Method","exec","src\main\java\networktool\gui\panels\privacy\PrivacyNetworkActions.java","0"
"Method","exec","src\main\java\networktool\gui\panels\privacy\PrivacyNetworkActions.java","0"
"Method","exec","src\main\java\networktool\gui\panels\privacy\PrivacyNetworkActions.java","0"
"Method","log","src\main\java\networktool\gui\panels\privacy\PrivacyNetworkActions.java","0"
"Method","log","src\main\java\networktool\gui\panels\privacy\PrivacyNetworkActions.java","0"
"Method","resetMac","src\main\java\networktool\gui\panels\privacy\PrivacyNetworkActions.java","0"
"Method","exec","src\main\java\networktool\gui\panels\privacy\PrivacyNetworkActions.java","0"
"Method","exec","src\main\java\networktool\gui\panels\privacy\PrivacyNetworkActions.java","0"
"Method","exec","src\main\java\networktool\gui\panels\privacy\PrivacyNetworkActions.java","0"
"Method","log","src\main\java\networktool\gui\panels\privacy\PrivacyNetworkActions.java","0"
"Method","log","src\main\java\networktool\gui\panels\privacy\PrivacyNetworkActions.java","0"
"Method","startVpn","src\main\java\networktool\gui\panels\privacy\PrivacyNetworkActions.java","0"
"Method","log","src\main\java\networktool\gui\panels\privacy\PrivacyNetworkActions.java","0"
"Method","log","src\main\java\networktool\gui\panels\privacy\PrivacyNetworkActions.java","0"
"Method","log","src\main\java\networktool\gui\panels\privacy\PrivacyNetworkActions.java","0"
"Method","log","src\main\java\networktool\gui\panels\privacy\PrivacyNetworkActions.java","0"
"Method","stopVpn","src\main\java\networktool\gui\panels\privacy\PrivacyNetworkActions.java","0"
"Method","log","src\main\java\networktool\gui\panels\privacy\PrivacyNetworkActions.java","0"
"Method","checkEncryption","src\main\java\networktool\gui\panels\privacy\PrivacyNetworkActions.java","0"
"Method","log","src\main\java\networktool\gui\panels\privacy\PrivacyNetworkActions.java","0"
"Method","log","src\main\java\networktool\gui\panels\privacy\PrivacyNetworkActions.java","0"
"Method","log","src\main\java\networktool\gui\panels\privacy\PrivacyNetworkActions.java","0"
"Method","log","src\main\java\networktool\gui\panels\privacy\PrivacyNetworkActions.java","0"
"Method","exec","src\main\java\networktool\gui\panels\privacy\PrivacyNetworkActions.java","0"
"Method","try","src\main\java\networktool\gui\panels\privacy\PrivacyNetworkActions.java","0"
"Method","log","src\main\java\networktool\gui\panels\privacy\PrivacyNetworkActions.java","0"
"Method","randomMac","src\main\java\networktool\gui\panels\privacy\PrivacyNetworkActions.java","0"
"Method","getCurrentMac","src\main\java\networktool\gui\panels\privacy\PrivacyNetworkActions.java","0"
"Method","getCurrentIp","src\main\java\networktool\gui\panels\privacy\PrivacyNetworkActions.java","0"
"Method","isVpnActive","src\main\java\networktool\gui\panels\privacy\PrivacyNetworkActions.java","0"
"Method","getActiveInterface","src\main\java\networktool\gui\panels\privacy\PrivacyNetworkActions.java","0"
"Method","PrivacyPanelStyle","src\main\java\networktool\gui\panels\privacy\PrivacyPanelStyle.java","0"
"Method","buildSection","src\main\java\networktool\gui\panels\privacy\PrivacyPanelStyle.java","0"
"Method","TitledBorder","src\main\java\networktool\gui\panels\privacy\PrivacyPanelStyle.java","0"
"Method","statusLabel","src\main\java\networktool\gui\panels\privacy\PrivacyPanelStyle.java","0"
"Method","actionBtn","src\main\java\networktool\gui\panels\privacy\PrivacyPanelStyle.java","0"
"Method","mouseEntered","src\main\java\networktool\gui\panels\privacy\PrivacyPanelStyle.java","0"
"Method","mouseExited","src\main\java\networktool\gui\panels\privacy\PrivacyPanelStyle.java","0"
"Method","buildLogArea","src\main\java\networktool\gui\panels\privacy\PrivacyPanelStyle.java","0"
"Method","wrapRow","src\main\java\networktool\gui\panels\privacy\PrivacyPanelStyle.java","0"
"Method","GuiSavedHostsPanel","src\main\java\networktool\gui\panels\saved\GuiSavedHostsPanel.java","0"
"Method","show","src\main\java\networktool\gui\panels\saved\GuiSavedHostsPanel.java","0"
"Method","embedFullPanel","src\main\java\networktool\gui\panels\saved\GuiSavedHostsPanel.java","0"
"Method","embedFullPanel","src\main\java\networktool\gui\panels\saved\GuiSavedHostsPanel.java","0"
"Method","buildNetworkTabBar","src\main\java\networktool\gui\panels\saved\GuiSavedHostsPanel.java","0"
"Method","switchTab","src\main\java\networktool\gui\panels\saved\GuiSavedHostsPanel.java","0"
"Method","syncSortToStore","src\main\java\networktool\gui\panels\saved\GuiSavedHostsPanel.java","0"
"Method","refreshTable","src\main\java\networktool\gui\panels\saved\GuiSavedHostsPanel.java","0"
"Method","buildPrefixBar","src\main\java\networktool\gui\panels\saved\GuiSavedHostsPanel.java","0"
"Method","applyPrefix","src\main\java\networktool\gui\panels\saved\GuiSavedHostsPanel.java","0"
"Method","refreshPrefixBar","src\main\java\networktool\gui\panels\saved\GuiSavedHostsPanel.java","0"
"Method","buildTableScrollPane","src\main\java\networktool\gui\panels\saved\GuiSavedHostsPanel.java","0"
"Method","installHeaderSortListener","src\main\java\networktool\gui\panels\saved\GuiSavedHostsPanel.java","0"
"Method","installHeaderSortListener","src\main\java\networktool\gui\panels\saved\GuiSavedHostsPanel.java","0"
"Method","mouseClicked","src\main\java\networktool\gui\panels\saved\GuiSavedHostsPanel.java","0"
"Method","syncSortToStore","src\main\java\networktool\gui\panels\saved\GuiSavedHostsPanel.java","0"
"Method","refreshTable","src\main\java\networktool\gui\panels\saved\GuiSavedHostsPanel.java","0"
"Method","syncSortToStore","src\main\java\networktool\gui\panels\saved\GuiSavedHostsPanel.java","0"
"Method","refreshTable","src\main\java\networktool\gui\panels\saved\GuiSavedHostsPanel.java","0"
"Method","activeColumns","src\main\java\networktool\gui\panels\saved\GuiSavedHostsPanel.java","0"
"Method","createModel","src\main\java\networktool\gui\panels\saved\GuiSavedHostsPanel.java","0"
"Method","DefaultTableModel","src\main\java\networktool\gui\panels\saved\GuiSavedHostsPanel.java","0"
"Method","isCellEditable","src\main\java\networktool\gui\panels\saved\GuiSavedHostsPanel.java","0"
"Method","buildJTable","src\main\java\networktool\gui\panels\saved\GuiSavedHostsPanel.java","0"
"Method","installNotesListener","src\main\java\networktool\gui\panels\saved\GuiSavedHostsPanel.java","0"
"Method","buildData","src\main\java\networktool\gui\panels\saved\GuiSavedHostsPanel.java","0"
"Method","applyPrefix","src\main\java\networktool\gui\panels\saved\GuiSavedHostsPanel.java","0"
"Method","onNew","src\main\java\networktool\gui\panels\saved\GuiSavedHostsPanel.java","0"
"Method","rebuildTabBar","src\main\java\networktool\gui\panels\saved\GuiSavedHostsPanel.java","0"
"Method","onRename","src\main\java\networktool\gui\panels\saved\GuiSavedHostsPanel.java","0"
"Method","rebuildTabBar","src\main\java\networktool\gui\panels\saved\GuiSavedHostsPanel.java","0"
"Method","onDelete","src\main\java\networktool\gui\panels\saved\GuiSavedHostsPanel.java","0"
"Method","rebuildTabBar","src\main\java\networktool\gui\panels\saved\GuiSavedHostsPanel.java","0"
"Method","rebuildTabBar","src\main\java\networktool\gui\panels\saved\GuiSavedHostsPanel.java","0"
"Method","installNotesListener","src\main\java\networktool\gui\panels\saved\GuiSavedHostsPanel.java","0"
"Method","buildHint","src\main\java\networktool\gui\panels\saved\GuiSavedHostsPanel.java","0"
"Method","onStoreChanged","src\main\java\networktool\gui\panels\saved\GuiSavedHostsPanel.java","0"
"Method","refreshTable","src\main\java\networktool\gui\panels\saved\GuiSavedHostsPanel.java","0"
"Method","SavedHostsBulkActions","src\main\java\networktool\gui\panels\saved\SavedHostsBulkActions.java","0"
"Method","checkedIps","src\main\java\networktool\gui\panels\saved\SavedHostsBulkActions.java","0"
"Method","buildBulkDeleteBtn","src\main\java\networktool\gui\panels\saved\SavedHostsBulkActions.java","0"
"Method","buildBulkMoveBtn","src\main\java\networktool\gui\panels\saved\SavedHostsBulkActions.java","0"
"Method","SavedHostsManualAdd","src\main\java\networktool\gui\panels\saved\SavedHostsManualAdd.java","0"
"Method","buildButton","src\main\java\networktool\gui\panels\saved\SavedHostsManualAdd.java","0"
"Method","promptManualAdd","src\main\java\networktool\gui\panels\saved\SavedHostsManualAdd.java","0"
"Method","pickNetwork","src\main\java\networktool\gui\panels\saved\SavedHostsManualAdd.java","0"
"Method","SavedHostsMoveMenu","src\main\java\networktool\gui\panels\saved\SavedHostsMoveMenu.java","0"
"Method","install","src\main\java\networktool\gui\panels\saved\SavedHostsMoveMenu.java","0"
"Method","mouseReleased","src\main\java\networktool\gui\panels\saved\SavedHostsMoveMenu.java","0"
"Method","mousePressed","src\main\java\networktool\gui\panels\saved\SavedHostsMoveMenu.java","0"
"Method","tryShow","src\main\java\networktool\gui\panels\saved\SavedHostsMoveMenu.java","0"
"Method","mouseEntered","src\main\java\networktool\gui\panels\saved\SavedHostsMoveMenu.java","0"
"Method","mouseExited","src\main\java\networktool\gui\panels\saved\SavedHostsMoveMenu.java","0"
"Method","SavedHostsStyle","src\main\java\networktool\gui\panels\saved\SavedHostsStyle.java","0"
"Method","label","src\main\java\networktool\gui\panels\saved\SavedHostsStyle.java","0"
"Method","actionBtn","src\main\java\networktool\gui\panels\saved\SavedHostsStyle.java","0"
"Method","mouseEntered","src\main\java\networktool\gui\panels\saved\SavedHostsStyle.java","0"
"Method","mouseExited","src\main\java\networktool\gui\panels\saved\SavedHostsStyle.java","0"
"Method","hostname","src\main\java\networktool\gui\panels\saved\SavedHostsStyle.java","0"
"Method","orEmpty","src\main\java\networktool\gui\panels\saved\SavedHostsStyle.java","0"
"Method","NoteDecryptionException","src\main\java\networktool\gui\security\NoteDecryptionException.java","0"
"Method","super","src\main\java\networktool\gui\security\NoteDecryptionException.java","0"
"Method","NoteEncryption","src\main\java\networktool\gui\security\NoteEncryption.java","0"
"Method","hasSessionKey","src\main\java\networktool\gui\security\NoteEncryption.java","0"
"Method","setPassword","src\main\java\networktool\gui\security\NoteEncryption.java","0"
"Method","SecureRandom","src\main\java\networktool\gui\security\NoteEncryption.java","0"
"Method","clearSession","src\main\java\networktool\gui\security\NoteEncryption.java","0"
"Method","encrypt","src\main\java\networktool\gui\security\NoteEncryption.java","0"
"Method","SecureRandom","src\main\java\networktool\gui\security\NoteEncryption.java","0"
"Method","decrypt","src\main\java\networktool\gui\security\NoteEncryption.java","0"
"Method","String","src\main\java\networktool\gui\security\NoteEncryption.java","0"
"Method","NoteDecryptionException","src\main\java\networktool\gui\security\NoteEncryption.java","0"
"Method","NoteDecryptionException","src\main\java\networktool\gui\security\NoteEncryption.java","0"
"Method","isEncrypted","src\main\java\networktool\gui\security\NoteEncryption.java","0"
"Method","deriveKey","src\main\java\networktool\gui\security\NoteEncryption.java","0"
"Method","SecretKeySpec","src\main\java\networktool\gui\security\NoteEncryption.java","0"
"Method","DebugLogEntry","src\main\java\networktool\logging\DebugLogEntry.java","0"
"Method","toLine","src\main\java\networktool\logging\DebugLogEntry.java","0"
"Method","sanitize","src\main\java\networktool\logging\DebugLogEntry.java","0"
"Method","DebugLogFile","src\main\java\networktool\logging\DebugLogFile.java","0"
"Method","append","src\main\java\networktool\logging\DebugLogFile.java","0"
"Method","clear","src\main\java\networktool\logging\DebugLogFile.java","0"
"Method","readRecent","src\main\java\networktool\logging\DebugLogFile.java","0"
"Method","parse","src\main\java\networktool\logging\DebugLogFile.java","0"
"Method","parseLegacyLine","src\main\java\networktool\logging\DebugLogFile.java","0"
"Method","LogEntry","src\main\java\networktool\logging\DebugLogFile.java","0"
"Method","nowFormatted","src\main\java\networktool\logging\DebugLogFile.java","0"
"Method","getInstance","src\main\java\networktool\logging\DebugLogger.java","0"
"Method","DebugLogger","src\main\java\networktool\logging\DebugLogger.java","0"
"Method","init","src\main\java\networktool\logging\DebugLogger.java","0"
"Method","flushAndShutdown","src\main\java\networktool\logging\DebugLogger.java","0"
"Method","debug","src\main\java\networktool\logging\DebugLogger.java","0"
"Method","info","src\main\java\networktool\logging\DebugLogger.java","0"
"Method","warn","src\main\java\networktool\logging\DebugLogger.java","0"
"Method","error","src\main\java\networktool\logging\DebugLogger.java","0"
"Method","log","src\main\java\networktool\logging\DebugLogger.java","0"
"Method","readRecent","src\main\java\networktool\logging\DebugLogger.java","0"
"Method","flush","src\main\java\networktool\logging\DebugLogger.java","0"
"Method","clear","src\main\java\networktool\logging\DebugLogger.java","0"
"Method","flush","src\main\java\networktool\logging\DebugLogger.java","0"
"Method","flush","src\main\java\networktool\logging\DebugLogger.java","0"
"Method","shutdown","src\main\java\networktool\logging\DebugLogger.java","0"
"Method","flush","src\main\java\networktool\logging\DebugLogger.java","0"
"Method","flushAndShutdown","src\main\java\networktool\logging\DebugLogger.java","0"
"Method","flushAndShutdown","src\main\java\networktool\logging\DebugLogger.java","0"
"Method","newWriter","src\main\java\networktool\logging\DebugLogger.java","0"
"Method","LogEntry","src\main\java\networktool\logging\LogEntry.java","0"
"Method","toNdjson","src\main\java\networktool\logging\LogEntry.java","0"
"Method","esc","src\main\java\networktool\logging\LogEntry.java","0"
"Method","LogFileBase","src\main\java\networktool\logging\LogFileBase.java","0"
"Method","append","src\main\java\networktool\logging\LogFileBase.java","0"
"Method","rotateIfNeeded","src\main\java\networktool\logging\LogFileBase.java","0"
"Method","clear","src\main\java\networktool\logging\LogFileBase.java","0"
"Method","rotateIfNeeded","src\main\java\networktool\logging\LogFileBase.java","0"
"Method","readRecent","src\main\java\networktool\logging\LogFileBase.java","0"
"Method","parseLine","src\main\java\networktool\logging\LogFileBase.java","0"
"Method","parseNdjson","src\main\java\networktool\logging\LogFileBase.java","0"
"Method","LogEntry","src\main\java\networktool\logging\LogFileBase.java","0"
"Method","extractField","src\main\java\networktool\logging\LogFileBase.java","0"
"Method","nowFormatted","src\main\java\networktool\logging\LogFileBase.java","0"
"Method","TimeoutConfig","src\main\java\networktool\logic\TimeoutConfig.java","0"
"Method","getInstance","src\main\java\networktool\logic\analysis\discovery\ArpMonitor.java","0"
"Method","ArpMonitor","src\main\java\networktool\logic\analysis\discovery\ArpMonitor.java","0"
"Method","start","src\main\java\networktool\logic\analysis\discovery\ArpMonitor.java","0"
"Method","stop","src\main\java\networktool\logic\analysis\discovery\ArpMonitor.java","0"
"Method","isActive","src\main\java\networktool\logic\analysis\discovery\ArpMonitor.java","0"
"Method","addBaseline","src\main\java\networktool\logic\analysis\discovery\ArpMonitor.java","0"
"Method","scan","src\main\java\networktool\logic\analysis\discovery\ArpMonitor.java","0"
"Method","alert","src\main\java\networktool\logic\analysis\discovery\ArpMonitor.java","0"
"Method","alert","src\main\java\networktool\logic\analysis\discovery\ArpMonitor.java","0"
"Method","alert","src\main\java\networktool\logic\analysis\discovery\ArpMonitor.java","0"
"Method","readArpCache","src\main\java\networktool\logic\analysis\discovery\ArpMonitor.java","0"
"Method","InputStreamReader","src\main\java\networktool\logic\analysis\discovery\ArpMonitor.java","0"
"Method","extractMac","src\main\java\networktool\logic\analysis\discovery\ArpMonitor.java","0"
"Method","DhcpOptionAnalyzer","src\main\java\networktool\logic\analysis\discovery\DhcpOptionAnalyzer.java","0"
"Method","Result","src\main\java\networktool\logic\analysis\discovery\DhcpOptionAnalyzer.java","0"
"Method","analyze","src\main\java\networktool\logic\analysis\discovery\DhcpOptionAnalyzer.java","0"
"Method","try","src\main\java\networktool\logic\analysis\discovery\DhcpOptionAnalyzer.java","0"
"Method","Result","src\main\java\networktool\logic\analysis\discovery\DhcpOptionAnalyzer.java","0"
"Method","classify","src\main\java\networktool\logic\analysis\discovery\DhcpOptionAnalyzer.java","0"
"Method","buildDiscover","src\main\java\networktool\logic\analysis\discovery\DhcpOptionAnalyzer.java","0"
"Method","Random","src\main\java\networktool\logic\analysis\discovery\DhcpOptionAnalyzer.java","0"
"Method","extractOption60","src\main\java\networktool\logic\analysis\discovery\DhcpOptionAnalyzer.java","0"
"Method","String","src\main\java\networktool\logic\analysis\discovery\DhcpOptionAnalyzer.java","0"
"Method","MdnsDiscovery","src\main\java\networktool\logic\analysis\discovery\MdnsDiscovery.java","0"
"Method","ServiceRecord","src\main\java\networktool\logic\analysis\discovery\MdnsDiscovery.java","0"
"Method","guessOs","src\main\java\networktool\logic\analysis\discovery\MdnsDiscovery.java","0"
"Method","discover","src\main\java\networktool\logic\analysis\discovery\MdnsDiscovery.java","0"
"Method","try","src\main\java\networktool\logic\analysis\discovery\MdnsDiscovery.java","0"
"Method","parseResponse","src\main\java\networktool\logic\analysis\discovery\MdnsDiscovery.java","0"
"Method","queryHost","src\main\java\networktool\logic\analysis\discovery\MdnsDiscovery.java","0"
"Method","try","src\main\java\networktool\logic\analysis\discovery\MdnsDiscovery.java","0"
"Method","parseResponse","src\main\java\networktool\logic\analysis\discovery\MdnsDiscovery.java","0"
"Method","buildQuery","src\main\java\networktool\logic\analysis\discovery\MdnsDiscovery.java","0"
"Method","bytes","src\main\java\networktool\logic\analysis\discovery\MdnsDiscovery.java","0"
"Method","parseResponse","src\main\java\networktool\logic\analysis\discovery\MdnsDiscovery.java","0"
"Method","extractName","src\main\java\networktool\logic\analysis\discovery\MdnsDiscovery.java","0"
"Method","UpnpDiscovery","src\main\java\networktool\logic\analysis\discovery\UpnpDiscovery.java","0"
"Method","Device","src\main\java\networktool\logic\analysis\discovery\UpnpDiscovery.java","0"
"Method","guessOs","src\main\java\networktool\logic\analysis\discovery\UpnpDiscovery.java","0"
"Method","discover","src\main\java\networktool\logic\analysis\discovery\UpnpDiscovery.java","0"
"Method","try","src\main\java\networktool\logic\analysis\discovery\UpnpDiscovery.java","0"
"Method","parseResponse","src\main\java\networktool\logic\analysis\discovery\UpnpDiscovery.java","0"
"Method","Device","src\main\java\networktool\logic\analysis\discovery\UpnpDiscovery.java","0"
"Method","extractHeader","src\main\java\networktool\logic\analysis\discovery\UpnpDiscovery.java","0"
"Method","ExtendedOsDetector","src\main\java\networktool\logic\analysis\os\ExtendedOsDetector.java","0"
"Method","detect","src\main\java\networktool\logic\analysis\os\ExtendedOsDetector.java","0"
"Method","detectSafely","src\main\java\networktool\logic\analysis\os\ExtendedOsDetector.java","0"
"Method","detectSafely","src\main\java\networktool\logic\analysis\os\ExtendedOsDetector.java","0"
"Method","toResult","src\main\java\networktool\logic\analysis\os\ExtendedOsDetector.java","0"
"Method","fromDhcp","src\main\java\networktool\logic\analysis\os\ExtendedOsDetector.java","0"
"Method","fromUpnp","src\main\java\networktool\logic\analysis\os\ExtendedOsDetector.java","0"
"Method","toResult","src\main\java\networktool\logic\analysis\os\ExtendedOsDetector.java","0"
"Method","confidenceToScore","src\main\java\networktool\logic\analysis\os\ExtendedOsDetector.java","0"
"Method","OsBannerAnalyzer","src\main\java\networktool\logic\analysis\os\OsBannerAnalyzer.java","0"
"Method","analyze","src\main\java\networktool\logic\analysis\os\OsBannerAnalyzer.java","0"
"Method","analyzeSsh","src\main\java\networktool\logic\analysis\os\OsBannerAnalyzer.java","0"
"Method","try","src\main\java\networktool\logic\analysis\os\OsBannerAnalyzer.java","0"
"Method","InputStreamReader","src\main\java\networktool\logic\analysis\os\OsBannerAnalyzer.java","0"
"Method","parseSshBanner","src\main\java\networktool\logic\analysis\os\OsBannerAnalyzer.java","0"
"Method","parseSshBanner","src\main\java\networktool\logic\analysis\os\OsBannerAnalyzer.java","0"
"Method","analyzeSmb","src\main\java\networktool\logic\analysis\os\OsBannerAnalyzer.java","0"
"Method","try","src\main\java\networktool\logic\analysis\os\OsBannerAnalyzer.java","0"
"Method","buildSmbNegotiate","src\main\java\networktool\logic\analysis\os\OsBannerAnalyzer.java","0"
"Method","analyzeHttp","src\main\java\networktool\logic\analysis\os\OsBannerAnalyzer.java","0"
"Method","probeHttp","src\main\java\networktool\logic\analysis\os\OsBannerAnalyzer.java","0"
"Method","try","src\main\java\networktool\logic\analysis\os\OsBannerAnalyzer.java","0"
"Method","InputStreamReader","src\main\java\networktool\logic\analysis\os\OsBannerAnalyzer.java","0"
"Method","parseHttpHeader","src\main\java\networktool\logic\analysis\os\OsBannerAnalyzer.java","0"
"Method","analyzeHttps","src\main\java\networktool\logic\analysis\os\OsBannerAnalyzer.java","0"
"Method","classifyTlsCn","src\main\java\networktool\logic\analysis\os\OsBannerAnalyzer.java","0"
"Method","analyzeFtp","src\main\java\networktool\logic\analysis\os\OsBannerAnalyzer.java","0"
"Method","try","src\main\java\networktool\logic\analysis\os\OsBannerAnalyzer.java","0"
"Method","InputStreamReader","src\main\java\networktool\logic\analysis\os\OsBannerAnalyzer.java","0"
"Method","parseFtpBanner","src\main\java\networktool\logic\analysis\os\OsBannerAnalyzer.java","0"
"Method","parseFtpBanner","src\main\java\networktool\logic\analysis\os\OsBannerAnalyzer.java","0"
"Method","OsDetectionLogger","src\main\java\networktool\logic\analysis\os\OsDetectionLogger.java","0"
"Method","tryStep","src\main\java\networktool\logic\analysis\os\OsDetectionLogger.java","0"
"Method","OsDetectionPipeline","src\main\java\networktool\logic\analysis\os\OsDetectionPipeline.java","0"
"Method","buildThresholds","src\main\java\networktool\logic\analysis\os\OsDetectionPipeline.java","0"
"Method","thresholds","src\main\java\networktool\logic\analysis\os\OsDetectionPipeline.java","0"
"Method","runSafely","src\main\java\networktool\logic\analysis\os\OsDetectionPipeline.java","0"
"Method","runSafely","src\main\java\networktool\logic\analysis\os\OsDetectionPipeline.java","0"
"Method","safe","src\main\java\networktool\logic\analysis\os\OsDetectionPipeline.java","0"
"Method","reachabilityBackup","src\main\java\networktool\logic\analysis\os\OsDetectionPipeline.java","0"
"Method","hostname","src\main\java\networktool\logic\analysis\os\OsDetectionPipeline.java","0"
"Method","macOui","src\main\java\networktool\logic\analysis\os\OsDetectionPipeline.java","0"
"Method","mdnsUnicast","src\main\java\networktool\logic\analysis\os\OsDetectionPipeline.java","0"
"Method","ttlNoTcp","src\main\java\networktool\logic\analysis\os\OsDetectionPipeline.java","0"
"Method","merge","src\main\java\networktool\logic\analysis\os\OsDetectionPipeline.java","0"
"Method","hit","src\main\java\networktool\logic\analysis\os\OsDetectionPipeline.java","0"
"Method","result","src\main\java\networktool\logic\analysis\os\OsDetectionPipeline.java","0"
"Method","resolveHostname","src\main\java\networktool\logic\analysis\os\OsDetectionPipeline.java","0"
"Method","OsDetectionStepRunner","src\main\java\networktool\logic\analysis\os\OsDetectionStepRunner.java","0"
"Method","safeCall","src\main\java\networktool\logic\analysis\os\OsDetectionStepRunner.java","0"
"Method","OsDetector","src\main\java\networktool\logic\analysis\os\OsDetector.java","0"
"Method","OsResult","src\main\java\networktool\logic\analysis\os\OsDetector.java","0"
"Method","display","src\main\java\networktool\logic\analysis\os\OsDetector.java","0"
"Method","detectWithConfidence","src\main\java\networktool\logic\analysis\os\OsDetector.java","0"
"Method","detectWithConfidence","src\main\java\networktool\logic\analysis\os\OsDetector.java","0"
"Method","detect","src\main\java\networktool\logic\analysis\os\OsDetector.java","0"
"Method","detectFromHostname","src\main\java\networktool\logic\analysis\os\OsDetector.java","0"
"Method","isOpen","src\main\java\networktool\logic\analysis\os\OsDetector.java","0"
"Method","getMacFromArp","src\main\java\networktool\logic\analysis\os\OsDetector.java","0"
"Method","classifyHostname","src\main\java\networktool\logic\analysis\os\OsDetector.java","0"
"Method","OsDetectorArp","src\main\java\networktool\logic\analysis\os\OsDetectorArp.java","0"
"Method","getMacFromArp","src\main\java\networktool\logic\analysis\os\OsDetectorArp.java","0"
"Method","triggerArp","src\main\java\networktool\logic\analysis\os\OsDetectorArp.java","0"
"Method","getTtl","src\main\java\networktool\logic\analysis\os\OsDetectorArp.java","0"
"Method","triggerArp","src\main\java\networktool\logic\analysis\os\OsDetectorArp.java","0"
"Method","queryArp","src\main\java\networktool\logic\analysis\os\OsDetectorArp.java","0"
"Method","try","src\main\java\networktool\logic\analysis\os\OsDetectorArp.java","0"
"Method","extractMac","src\main\java\networktool\logic\analysis\os\OsDetectorArp.java","0"
"Method","isValidMac","src\main\java\networktool\logic\analysis\os\OsDetectorArp.java","0"
"Method","isWin","src\main\java\networktool\logic\analysis\os\OsDetectorArp.java","0"
"Method","OsDetectorHostname","src\main\java\networktool\logic\analysis\os\OsDetectorHostname.java","0"
"Method","classify","src\main\java\networktool\logic\analysis\os\OsDetectorHostname.java","0"
"Method","classifyGeneric","src\main\java\networktool\logic\analysis\os\OsDetectorHostname.java","0"
"Method","classifyApple","src\main\java\networktool\logic\analysis\os\OsDetectorHostname.java","0"
"Method","classifyGaming","src\main\java\networktool\logic\analysis\os\OsDetectorHostname.java","0"
"Method","classifyNas","src\main\java\networktool\logic\analysis\os\OsDetectorHostname.java","0"
"Method","classifyAndroid","src\main\java\networktool\logic\analysis\os\OsDetectorHostname.java","0"
"Method","classifyNetwork","src\main\java\networktool\logic\analysis\os\OsDetectorHostname.java","0"
"Method","classifyPrinter","src\main\java\networktool\logic\analysis\os\OsDetectorHostname.java","0"
"Method","classifyIot","src\main\java\networktool\logic\analysis\os\OsDetectorHostname.java","0"
"Method","classifyGeneric","src\main\java\networktool\logic\analysis\os\OsDetectorHostname.java","0"
"Method","OsDetectorPorts","src\main\java\networktool\logic\analysis\os\OsDetectorPorts.java","0"
"Method","setTestTimeout","src\main\java\networktool\logic\analysis\os\OsDetectorPorts.java","0"
"Method","detectByPorts","src\main\java\networktool\logic\analysis\os\OsDetectorPorts.java","0"
"Method","detectWithSignature","src\main\java\networktool\logic\analysis\os\OsDetectorPorts.java","0"
"Method","probeAllPorts","src\main\java\networktool\logic\analysis\os\OsDetectorPorts.java","0"
"Method","detectWebServer","src\main\java\networktool\logic\analysis\os\OsDetectorPorts.java","0"
"Method","try","src\main\java\networktool\logic\analysis\os\OsDetectorPorts.java","0"
"Method","isOpen","src\main\java\networktool\logic\analysis\os\OsDetectorPorts.java","0"
"Method","try","src\main\java\networktool\logic\analysis\os\OsDetectorPorts.java","0"
"Method","OsFingerprint","src\main\java\networktool\logic\analysis\os\OsFingerprint.java","0"
"Method","resolve","src\main\java\networktool\logic\analysis\os\OsFingerprint.java","0"
"Method","resolveVeryHighTtl","src\main\java\networktool\logic\analysis\os\OsFingerprint.java","0"
"Method","resolveNoTcp","src\main\java\networktool\logic\analysis\os\OsFingerprint.java","0"
"Method","macOr","src\main\java\networktool\logic\analysis\os\OsFingerprint.java","0"
"Method","resolveSmallTtl","src\main\java\networktool\logic\analysis\os\OsFingerprint.java","0"
"Method","resolveMediumTtl","src\main\java\networktool\logic\analysis\os\OsFingerprint.java","0"
"Method","resolveHighTtl","src\main\java\networktool\logic\analysis\os\OsFingerprint.java","0"
"Method","resolveVeryHighTtl","src\main\java\networktool\logic\analysis\os\OsFingerprint.java","0"
"Method","macOr","src\main\java\networktool\logic\analysis\os\OsFingerprint.java","0"
"Method","resolveByMac","src\main\java\networktool\logic\analysis\os\OsFingerprint.java","0"
"Method","isOpen","src\main\java\networktool\logic\analysis\os\OsFingerprint.java","0"
"Method","OsParallelStepRunner","src\main\java\networktool\logic\analysis\os\OsParallelStepRunner.java","0"
"Method","NamedStep","src\main\java\networktool\logic\analysis\os\OsParallelStepRunner.java","0"
"Method","runParallel","src\main\java\networktool\logic\analysis\os\OsParallelStepRunner.java","0"
"Method","collectBest","src\main\java\networktool\logic\analysis\os\OsParallelStepRunner.java","0"
"Method","submitAll","src\main\java\networktool\logic\analysis\os\OsParallelStepRunner.java","0"
"Method","collectBest","src\main\java\networktool\logic\analysis\os\OsParallelStepRunner.java","0"
"Method","OsPortClassifier","src\main\java\networktool\logic\analysis\os\OsPortClassifier.java","0"
"Method","classify","src\main\java\networktool\logic\analysis\os\OsPortClassifier.java","0"
"Method","classifyLinux","src\main\java\networktool\logic\analysis\os\OsPortClassifier.java","0"
"Method","is","src\main\java\networktool\logic\analysis\os\OsPortClassifier.java","0"
"Method","OsProbeUdp","src\main\java\networktool\logic\analysis\os\OsProbeUdp.java","0"
"Method","probe","src\main\java\networktool\logic\analysis\os\OsProbeUdp.java","0"
"Method","probeNetBios","src\main\java\networktool\logic\analysis\os\OsProbeUdp.java","0"
"Method","try","src\main\java\networktool\logic\analysis\os\OsProbeUdp.java","0"
"Method","buildNetBiosQuery","src\main\java\networktool\logic\analysis\os\OsProbeUdp.java","0"
"Method","extractNetBiosName","src\main\java\networktool\logic\analysis\os\OsProbeUdp.java","0"
"Method","probeMdns","src\main\java\networktool\logic\analysis\os\OsProbeUdp.java","0"
"Method","try","src\main\java\networktool\logic\analysis\os\OsProbeUdp.java","0"
"Method","classifyMdnsResponse","src\main\java\networktool\logic\analysis\os\OsProbeUdp.java","0"
"Method","buildMdnsQuery","src\main\java\networktool\logic\analysis\os\OsProbeUdp.java","0"
"Method","classifyMdnsResponse","src\main\java\networktool\logic\analysis\os\OsProbeUdp.java","0"
"Method","probeSnmp","src\main\java\networktool\logic\analysis\os\OsProbeUdp.java","0"
"Method","try","src\main\java\networktool\logic\analysis\os\OsProbeUdp.java","0"
"Method","classifySnmpResponse","src\main\java\networktool\logic\analysis\os\OsProbeUdp.java","0"
"Method","buildSnmpGetRequest","src\main\java\networktool\logic\analysis\os\OsProbeUdp.java","0"
"Method","extractSnmpString","src\main\java\networktool\logic\analysis\os\OsProbeUdp.java","0"
"Method","String","src\main\java\networktool\logic\analysis\os\OsProbeUdp.java","0"
"Method","classifySnmpResponse","src\main\java\networktool\logic\analysis\os\OsProbeUdp.java","0"
"Method","OsSignature","src\main\java\networktool\logic\analysis\os\OsSignature.java","0"
"Method","of","src\main\java\networktool\logic\analysis\os\OsSignature.java","0"
"Method","OsSignature","src\main\java\networktool\logic\analysis\os\OsSignature.java","0"
"Method","best","src\main\java\networktool\logic\analysis\os\OsSignature.java","0"
"Method","toConfidence","src\main\java\networktool\logic\analysis\os\OsSignature.java","0"
"Method","IcmpAnalyzer","src\main\java\networktool\logic\analysis\probe\IcmpAnalyzer.java","0"
"Method","Result","src\main\java\networktool\logic\analysis\probe\IcmpAnalyzer.java","0"
"Method","isHighJitter","src\main\java\networktool\logic\analysis\probe\IcmpAnalyzer.java","0"
"Method","isUnstable","src\main\java\networktool\logic\analysis\probe\IcmpAnalyzer.java","0"
"Method","analyze","src\main\java\networktool\logic\analysis\probe\IcmpAnalyzer.java","0"
"Method","Result","src\main\java\networktool\logic\analysis\probe\IcmpAnalyzer.java","0"
"Method","computeJitter","src\main\java\networktool\logic\analysis\probe\IcmpAnalyzer.java","0"
"Method","fingerprintFromTiming","src\main\java\networktool\logic\analysis\probe\IcmpAnalyzer.java","0"
"Method","IpInspector","src\main\java\networktool\logic\analysis\probe\IpInspector.java","0"
"Method","quickScan","src\main\java\networktool\logic\analysis\probe\IpInspector.java","0"
"Method","printBanner","src\main\java\networktool\logic\analysis\probe\IpInspector.java","0"
"Method","printPorts","src\main\java\networktool\logic\analysis\probe\IpInspector.java","0"
"Method","inspect","src\main\java\networktool\logic\analysis\probe\IpInspector.java","0"
"Method","printBanner","src\main\java\networktool\logic\analysis\probe\IpInspector.java","0"
"Method","printBasicInfo","src\main\java\networktool\logic\analysis\probe\IpInspector.java","0"
"Method","printReachability","src\main\java\networktool\logic\analysis\probe\IpInspector.java","0"
"Method","printArpInfo","src\main\java\networktool\logic\analysis\probe\IpInspector.java","0"
"Method","printExtendedOs","src\main\java\networktool\logic\analysis\probe\IpInspector.java","0"
"Method","printIcmpTiming","src\main\java\networktool\logic\analysis\probe\IpInspector.java","0"
"Method","printDhcpInfo","src\main\java\networktool\logic\analysis\probe\IpInspector.java","0"
"Method","printUpnpInfo","src\main\java\networktool\logic\analysis\probe\IpInspector.java","0"
"Method","printMdnsInfo","src\main\java\networktool\logic\analysis\probe\IpInspector.java","0"
"Method","printPorts","src\main\java\networktool\logic\analysis\probe\IpInspector.java","0"
"Method","printTraceroute","src\main\java\networktool\logic\analysis\probe\IpInspector.java","0"
"Method","inspectHopsOnly","src\main\java\networktool\logic\analysis\probe\IpInspector.java","0"
"Method","printBanner","src\main\java\networktool\logic\analysis\probe\IpInspector.java","0"
"Method","printBasicInfo","src\main\java\networktool\logic\analysis\probe\IpInspector.java","0"
"Method","printReachability","src\main\java\networktool\logic\analysis\probe\IpInspector.java","0"
"Method","printArpInfo","src\main\java\networktool\logic\analysis\probe\IpInspector.java","0"
"Method","printExtendedOs","src\main\java\networktool\logic\analysis\probe\IpInspector.java","0"
"Method","printIcmpTiming","src\main\java\networktool\logic\analysis\probe\IpInspector.java","0"
"Method","printDhcpInfo","src\main\java\networktool\logic\analysis\probe\IpInspector.java","0"
"Method","printUpnpInfo","src\main\java\networktool\logic\analysis\probe\IpInspector.java","0"
"Method","printMdnsInfo","src\main\java\networktool\logic\analysis\probe\IpInspector.java","0"
"Method","printPorts","src\main\java\networktool\logic\analysis\probe\IpInspector.java","0"
"Method","printTraceroute","src\main\java\networktool\logic\analysis\probe\IpInspector.java","0"
"Method","OuiDatabase","src\main\java\networktool\logic\analysis\probe\OuiDatabase.java","0"
"Method","register","src\main\java\networktool\logic\analysis\probe\OuiDatabase.java","0"
"Method","register","src\main\java\networktool\logic\analysis\probe\OuiDatabase.java","0"
"Method","register","src\main\java\networktool\logic\analysis\probe\OuiDatabase.java","0"
"Method","register","src\main\java\networktool\logic\analysis\probe\OuiDatabase.java","0"
"Method","register","src\main\java\networktool\logic\analysis\probe\OuiDatabase.java","0"
"Method","register","src\main\java\networktool\logic\analysis\probe\OuiDatabase.java","0"
"Method","register","src\main\java\networktool\logic\analysis\probe\OuiDatabase.java","0"
"Method","register","src\main\java\networktool\logic\analysis\probe\OuiDatabase.java","0"
"Method","register","src\main\java\networktool\logic\analysis\probe\OuiDatabase.java","0"
"Method","register","src\main\java\networktool\logic\analysis\probe\OuiDatabase.java","0"
"Method","register","src\main\java\networktool\logic\analysis\probe\OuiDatabase.java","0"
"Method","lookup","src\main\java\networktool\logic\analysis\probe\OuiDatabase.java","0"
"Method","OuiUpdater","src\main\java\networktool\logic\analysis\probe\OuiUpdater.java","0"
"Method","initAsync","src\main\java\networktool\logic\analysis\probe\OuiUpdater.java","0"
"Method","init","src\main\java\networktool\logic\analysis\probe\OuiUpdater.java","0"
"Method","loadCache","src\main\java\networktool\logic\analysis\probe\OuiUpdater.java","0"
"Method","download","src\main\java\networktool\logic\analysis\probe\OuiUpdater.java","0"
"Method","lookup","src\main\java\networktool\logic\analysis\probe\OuiUpdater.java","0"
"Method","forceUpdate","src\main\java\networktool\logic\analysis\probe\OuiUpdater.java","0"
"Method","download","src\main\java\networktool\logic\analysis\probe\OuiUpdater.java","0"
"Method","extendedCount","src\main\java\networktool\logic\analysis\probe\OuiUpdater.java","0"
"Method","isLoaded","src\main\java\networktool\logic\analysis\probe\OuiUpdater.java","0"
"Method","download","src\main\java\networktool\logic\analysis\probe\OuiUpdater.java","0"
"Method","try","src\main\java\networktool\logic\analysis\probe\OuiUpdater.java","0"
"Method","try","src\main\java\networktool\logic\analysis\probe\OuiUpdater.java","0"
"Method","loadCache","src\main\java\networktool\logic\analysis\probe\OuiUpdater.java","0"
"Method","loadCache","src\main\java\networktool\logic\analysis\probe\OuiUpdater.java","0"
"Method","try","src\main\java\networktool\logic\analysis\probe\OuiUpdater.java","0"
"Method","PingMonitor","src\main\java\networktool\logic\analysis\probe\PingMonitor.java","0"
"Method","start","src\main\java\networktool\logic\analysis\probe\PingMonitor.java","0"
"Method","startGui","src\main\java\networktool\logic\analysis\probe\PingMonitor.java","0"
"Method","startCli","src\main\java\networktool\logic\analysis\probe\PingMonitor.java","0"
"Method","startGui","src\main\java\networktool\logic\analysis\probe\PingMonitor.java","0"
"Method","paintComponent","src\main\java\networktool\logic\analysis\probe\PingMonitor.java","0"
"Method","paintGraph","src\main\java\networktool\logic\analysis\probe\PingMonitor.java","0"
"Method","paintGraph","src\main\java\networktool\logic\analysis\probe\PingMonitor.java","0"
"Method","startCli","src\main\java\networktool\logic\analysis\probe\PingMonitor.java","0"
"Method","PingUtil","src\main\java\networktool\logic\analysis\probe\PingUtil.java","0"
"Method","pingWithDetails","src\main\java\networktool\logic\analysis\probe\PingUtil.java","0"
"Method","printPorts","src\main\java\networktool\logic\analysis\probe\PingUtil.java","0"
"Method","printPorts","src\main\java\networktool\logic\analysis\probe\PingUtil.java","0"
"Method","TracerouteRenderer","src\main\java\networktool\logic\analysis\probe\TracerouteRenderer.java","0"
"Method","renderGui","src\main\java\networktool\logic\analysis\probe\TracerouteRenderer.java","0"
"Method","isCellEditable","src\main\java\networktool\logic\analysis\probe\TracerouteRenderer.java","0"
"Method","prepareRenderer","src\main\java\networktool\logic\analysis\probe\TracerouteRenderer.java","0"
"Method","renderCli","src\main\java\networktool\logic\analysis\probe\TracerouteRenderer.java","0"
"Method","trunc","src\main\java\networktool\logic\analysis\probe\TracerouteRenderer.java","0"
"Method","trunc","src\main\java\networktool\logic\analysis\probe\TracerouteRenderer.java","0"
"Method","TracerouteRunner","src\main\java\networktool\logic\analysis\probe\TracerouteRunner.java","0"
"Method","InputStreamReader","src\main\java\networktool\logic\analysis\probe\TracerouteRunner.java","0"
"Method","parseLine","src\main\java\networktool\logic\analysis\probe\TracerouteRunner.java","0"
"Method","HopInfo","src\main\java\networktool\logic\analysis\probe\TracerouteRunner.java","0"
"Method","latencyFormatted","src\main\java\networktool\logic\analysis\probe\TracerouteRunner.java","0"
"Method","WakeOnLan","src\main\java\networktool\logic\analysis\probe\WakeOnLan.java","0"
"Method","send","src\main\java\networktool\logic\analysis\probe\WakeOnLan.java","0"
"Method","try","src\main\java\networktool\logic\analysis\probe\WakeOnLan.java","0"
"Method","deriveBroadcast","src\main\java\networktool\logic\analysis\probe\WakeOnLan.java","0"
"Method","return","src\main\java\networktool\logic\analysis\probe\WakeOnLan.java","0"
"Method","extractMacFromHostname","src\main\java\networktool\logic\analysis\probe\WakeOnLan.java","0"
"Method","parseMac","src\main\java\networktool\logic\analysis\probe\WakeOnLan.java","0"
"Method","buildPacket","src\main\java\networktool\logic\analysis\probe\WakeOnLan.java","0"
"Method","MessageDelivery","src\main\java\networktool\logic\messaging\MessageDelivery.java","0"
"Method","tryListener","src\main\java\networktool\logic\messaging\MessageDelivery.java","0"
"Method","try","src\main\java\networktool\logic\messaging\MessageDelivery.java","0"
"Method","tryNtfy","src\main\java\networktool\logic\messaging\MessageDelivery.java","0"
"Method","URL","src\main\java\networktool\logic\messaging\MessageDelivery.java","0"
"Method","tryWinRM","src\main\java\networktool\logic\messaging\MessageDelivery.java","0"
"Method","trySsh","src\main\java\networktool\logic\messaging\MessageDelivery.java","0"
"Method","readStream","src\main\java\networktool\logic\messaging\MessageDelivery.java","0"
"Method","try","src\main\java\networktool\logic\messaging\MessageDelivery.java","0"
"Method","MessageDeliverySsh","src\main\java\networktool\logic\messaging\MessageDeliverySsh.java","0"
"Method","trySsh","src\main\java\networktool\logic\messaging\MessageDeliverySsh.java","0"
"Method","MessageDeliveryWinRm","src\main\java\networktool\logic\messaging\MessageDeliveryWinRm.java","0"
"Method","tryWinRM","src\main\java\networktool\logic\messaging\MessageDeliveryWinRm.java","0"
"Method","MessageSender","src\main\java\networktool\logic\messaging\MessageSender.java","0"
"Method","send","src\main\java\networktool\logic\messaging\MessageSender.java","0"
"Method","printHeader","src\main\java\networktool\logic\messaging\MessageSender.java","0"
"Method","send","src\main\java\networktool\logic\messaging\MessageSender.java","0"
"Method","send","src\main\java\networktool\logic\messaging\MessageSender.java","0"
"Method","showLocalToast","src\main\java\networktool\logic\messaging\MessageSender.java","0"
"Method","startListener","src\main\java\networktool\logic\messaging\MessageSender.java","0"
"Method","stopListener","src\main\java\networktool\logic\messaging\MessageSender.java","0"
"Method","isUnix","src\main\java\networktool\logic\messaging\MessageSender.java","0"
"Method","isMac","src\main\java\networktool\logic\messaging\MessageSender.java","0"
"Method","printHeader","src\main\java\networktool\logic\messaging\MessageSender.java","0"
"Method","printFallbackHints","src\main\java\networktool\logic\messaging\MessageSender.java","0"
"Method","BannerGrabber","src\main\java\networktool\logic\ports\BannerGrabber.java","0"
"Method","grab","src\main\java\networktool\logic\ports\BannerGrabber.java","0"
"Method","serviceName","src\main\java\networktool\logic\ports\BannerGrabber.java","0"
"Method","grab","src\main\java\networktool\logic\ports\BannerGrabber.java","0"
"Method","grab","src\main\java\networktool\logic\ports\BannerGrabber.java","0"
"Method","grabBanner","src\main\java\networktool\logic\ports\BannerGrabber.java","0"
"Method","grabPassive","src\main\java\networktool\logic\ports\BannerGrabber.java","0"
"Method","try","src\main\java\networktool\logic\ports\BannerGrabber.java","0"
"Method","String","src\main\java\networktool\logic\ports\BannerGrabber.java","0"
"Method","grabHttp","src\main\java\networktool\logic\ports\BannerGrabber.java","0"
"Method","try","src\main\java\networktool\logic\ports\BannerGrabber.java","0"
"Method","InputStreamReader","src\main\java\networktool\logic\ports\BannerGrabber.java","0"
"Method","grabHttps","src\main\java\networktool\logic\ports\BannerGrabber.java","0"
"Method","try","src\main\java\networktool\logic\ports\BannerGrabber.java","0"
"Method","InputStreamReader","src\main\java\networktool\logic\ports\BannerGrabber.java","0"
"Method","grabSmtp","src\main\java\networktool\logic\ports\BannerGrabber.java","0"
"Method","try","src\main\java\networktool\logic\ports\BannerGrabber.java","0"
"Method","InputStreamReader","src\main\java\networktool\logic\ports\BannerGrabber.java","0"
"Method","grabMysql","src\main\java\networktool\logic\ports\BannerGrabber.java","0"
"Method","try","src\main\java\networktool\logic\ports\BannerGrabber.java","0"
"Method","grabRedis","src\main\java\networktool\logic\ports\BannerGrabber.java","0"
"Method","try","src\main\java\networktool\logic\ports\BannerGrabber.java","0"
"Method","grabMongo","src\main\java\networktool\logic\ports\BannerGrabber.java","0"
"Method","try","src\main\java\networktool\logic\ports\BannerGrabber.java","0"
"Method","clean","src\main\java\networktool\logic\ports\BannerGrabber.java","0"
"Method","serviceName","src\main\java\networktool\logic\ports\BannerGrabber.java","0"
"Method","PortScanner","src\main\java\networktool\logic\ports\PortScanner.java","0"
"Method","setRateLimit","src\main\java\networktool\logic\ports\PortScanner.java","0"
"Method","setActivePorts","src\main\java\networktool\logic\ports\PortScanner.java","0"
"Method","getActivePorts","src\main\java\networktool\logic\ports\PortScanner.java","0"
"Method","scanParallel","src\main\java\networktool\logic\ports\PortScanner.java","0"
"Method","doScan","src\main\java\networktool\logic\ports\PortScanner.java","0"
"Method","scanSimple","src\main\java\networktool\logic\ports\PortScanner.java","0"
"Method","doScan","src\main\java\networktool\logic\ports\PortScanner.java","0"
"Method","isOpen","src\main\java\networktool\logic\ports\PortScanner.java","0"
"Method","isOpen","src\main\java\networktool\logic\ports\PortScanner.java","0"
"Method","isOpen","src\main\java\networktool\logic\ports\PortScanner.java","0"
"Method","doScan","src\main\java\networktool\logic\ports\PortScanner.java","0"
"Method","probePortWithRetry","src\main\java\networktool\logic\ports\PortScanner.java","0"
"Method","probePort","src\main\java\networktool\logic\ports\PortScanner.java","0"
"Method","probePort","src\main\java\networktool\logic\ports\PortScanner.java","0"
"Method","try","src\main\java\networktool\logic\ports\PortScanner.java","0"
"Method","psFallback","src\main\java\networktool\logic\ports\PortScanner.java","0"
"Method","psFallback","src\main\java\networktool\logic\ports\PortScanner.java","0"
"Method","psFallback","src\main\java\networktool\logic\ports\PortScanner.java","0"
"Method","HostAliveChecker","src\main\java\networktool\logic\scan\host\HostAliveChecker.java","0"
"Method","setTestTimeouts","src\main\java\networktool\logic\scan\host\HostAliveChecker.java","0"
"Method","setRateLimit","src\main\java\networktool\logic\scan\host\HostAliveChecker.java","0"
"Method","isAlive","src\main\java\networktool\logic\scan\host\HostAliveChecker.java","0"
"Method","try","src\main\java\networktool\logic\scan\host\HostAliveChecker.java","0"
"Method","warmCache","src\main\java\networktool\logic\scan\host\HostAliveChecker.java","0"
"Method","loadArpCache","src\main\java\networktool\logic\scan\host\HostAliveChecker.java","0"
"Method","isInArpCache","src\main\java\networktool\logic\scan\host\HostAliveChecker.java","0"
"Method","loadArpCache","src\main\java\networktool\logic\scan\host\HostAliveChecker.java","0"
"Method","try","src\main\java\networktool\logic\scan\host\HostAliveChecker.java","0"
"Method","NetworkDiscoverySweep","src\main\java\networktool\logic\scan\host\NetworkDiscoverySweep.java","0"
"Method","discover","src\main\java\networktool\logic\scan\host\NetworkDiscoverySweep.java","0"
"Method","collect","src\main\java\networktool\logic\scan\host\NetworkDiscoverySweep.java","0"
"Method","NetworkHostArpResolver","src\main\java\networktool\logic\scan\host\NetworkHostArpResolver.java","0"
"Method","readArpCache","src\main\java\networktool\logic\scan\host\NetworkHostArpResolver.java","0"
"Method","try","src\main\java\networktool\logic\scan\host\NetworkHostArpResolver.java","0"
"Method","parseArpLine","src\main\java\networktool\logic\scan\host\NetworkHostArpResolver.java","0"
"Method","readMacFromArp","src\main\java\networktool\logic\scan\host\NetworkHostArpResolver.java","0"
"Method","queryArp","src\main\java\networktool\logic\scan\host\NetworkHostArpResolver.java","0"
"Method","try","src\main\java\networktool\logic\scan\host\NetworkHostArpResolver.java","0"
"Method","NetworkHostnameResolver","src\main\java\networktool\logic\scan\host\NetworkHostnameResolver.java","0"
"Method","resolveHostname","src\main\java\networktool\logic\scan\host\NetworkHostnameResolver.java","0"
"Method","dnsLookup","src\main\java\networktool\logic\scan\host\NetworkHostnameResolver.java","0"
"Method","netbiosLookup","src\main\java\networktool\logic\scan\host\NetworkHostnameResolver.java","0"
"Method","try","src\main\java\networktool\logic\scan\host\NetworkHostnameResolver.java","0"
"Method","parseNetbiosLine","src\main\java\networktool\logic\scan\host\NetworkHostnameResolver.java","0"
"Method","NetworkHostScanner","src\main\java\networktool\logic\scan\host\NetworkHostScanner.java","0"
"Method","scan","src\main\java\networktool\logic\scan\host\NetworkHostScanner.java","0"
"Method","scanCidr","src\main\java\networktool\logic\scan\host\NetworkHostScanner.java","0"
"Method","readMacFromArp","src\main\java\networktool\logic\scan\host\NetworkHostScanner.java","0"
"Method","union","src\main\java\networktool\logic\scan\host\NetworkHostScanner.java","0"
"Method","expandSubnets","src\main\java\networktool\logic\scan\host\NetworkHostScanner.java","0"
"Method","mergeIps","src\main\java\networktool\logic\scan\host\NetworkHostScanner.java","0"
"Method","NetworkHostScanOrchestrator","src\main\java\networktool\logic\scan\host\NetworkHostScanOrchestrator.java","0"
"Method","scanIpList","src\main\java\networktool\logic\scan\host\NetworkHostScanOrchestrator.java","0"
"Method","persistToHistory","src\main\java\networktool\logic\scan\host\NetworkHostScanOrchestrator.java","0"
"Method","scanHost","src\main\java\networktool\logic\scan\host\NetworkHostScanOrchestrator.java","0"
"Method","detectOsFast","src\main\java\networktool\logic\scan\host\NetworkHostScanOrchestrator.java","0"
"Method","detectOsFull","src\main\java\networktool\logic\scan\host\NetworkHostScanOrchestrator.java","0"
"Method","persistToHistory","src\main\java\networktool\logic\scan\host\NetworkHostScanOrchestrator.java","0"
"Method","buildDisplay","src\main\java\networktool\logic\scan\host\NetworkHostScanOrchestrator.java","0"
"Method","NetworkInfo","src\main\java\networktool\logic\scan\host\NetworkInfo.java","0"
"Method","showMinimalInfo","src\main\java\networktool\logic\scan\host\NetworkInfo.java","0"
"Method","runScan","src\main\java\networktool\logic\scan\host\NetworkInfo.java","0"
"Method","showFullInfo","src\main\java\networktool\logic\scan\host\NetworkInfo.java","0"
"Method","printAllInterfaces","src\main\java\networktool\logic\scan\host\NetworkInfo.java","0"
"Method","runScan","src\main\java\networktool\logic\scan\host\NetworkInfo.java","0"
"Method","scanWithFilter","src\main\java\networktool\logic\scan\host\NetworkInfo.java","0"
"Method","runScan","src\main\java\networktool\logic\scan\host\NetworkInfo.java","0"
"Method","printAllInterfaces","src\main\java\networktool\logic\scan\host\NetworkInfo.java","0"
"Method","runScan","src\main\java\networktool\logic\scan\host\NetworkInfo.java","0"
"Method","NetworkScanner","src\main\java\networktool\logic\scan\host\NetworkScanner.java","0"
"Method","scanCIDR","src\main\java\networktool\logic\scan\host\NetworkScanner.java","0"
"Method","sweepFirst","src\main\java\networktool\logic\scan\host\NetworkScanner.java","0"
"Method","NetworkScannerIpScan","src\main\java\networktool\logic\scan\host\NetworkScannerIpScan.java","0"
"Method","scanIp","src\main\java\networktool\logic\scan\host\NetworkScannerIpScan.java","0"
"Method","resolveHostname","src\main\java\networktool\logic\scan\host\NetworkScannerIpScan.java","0"
"Method","PingSweep","src\main\java\networktool\logic\scan\host\PingSweep.java","0"
"Method","sweep","src\main\java\networktool\logic\scan\host\PingSweep.java","0"
"Method","triggerArp","src\main\java\networktool\logic\scan\host\PingSweep.java","0"
"Method","sweepSubnet","src\main\java\networktool\logic\scan\host\PingSweep.java","0"
"Method","sweep","src\main\java\networktool\logic\scan\host\PingSweep.java","0"
"Method","sweepAndLog","src\main\java\networktool\logic\scan\host\PingSweep.java","0"
"Method","triggerArp","src\main\java\networktool\logic\scan\host\PingSweep.java","0"
"Method","ScanProgress","src\main\java\networktool\logic\scan\host\ScanProgress.java","0"
"Method","step","src\main\java\networktool\logic\scan\host\ScanProgress.java","0"
"Method","renderCli","src\main\java\networktool\logic\scan\host\ScanProgress.java","0"
"Method","renderCli","src\main\java\networktool\logic\scan\host\ScanProgress.java","0"
"Method","SubnetDetector","src\main\java\networktool\logic\scan\host\SubnetDetector.java","0"
"Method","getAllCidrs","src\main\java\networktool\logic\scan\host\SubnetDetector.java","0"
"Method","getAllSubnets","src\main\java\networktool\logic\scan\host\SubnetDetector.java","0"
"Method","getTotalHostCount","src\main\java\networktool\logic\scan\host\SubnetDetector.java","0"
"Method","isLinkLocal","src\main\java\networktool\logic\scan\host\SubnetDetector.java","0"
"Method","shouldSkip","src\main\java\networktool\logic\scan\host\SubnetDetector.java","0"
"Method","addCidr","src\main\java\networktool\logic\scan\host\SubnetDetector.java","0"
"Method","buildCidr","src\main\java\networktool\logic\scan\host\SubnetDetector.java","0"
"Method","RemoteNetGateway","src\main\java\networktool\logic\scan\remote\RemoteNetGateway.java","0"
"Method","detectDefaultGateway","src\main\java\networktool\logic\scan\remote\RemoteNetGateway.java","0"
"Method","try","src\main\java\networktool\logic\scan\remote\RemoteNetGateway.java","0"
"Method","printRoutingHints","src\main\java\networktool\logic\scan\remote\RemoteNetGateway.java","0"
"Method","prefixToNetmask","src\main\java\networktool\logic\scan\remote\RemoteNetGateway.java","0"
"Method","return","src\main\java\networktool\logic\scan\remote\RemoteNetGateway.java","0"
"Method","isWin","src\main\java\networktool\logic\scan\remote\RemoteNetGateway.java","0"
"Method","RemoteNetProbe","src\main\java\networktool\logic\scan\remote\RemoteNetProbe.java","0"
"Method","parallelProbe","src\main\java\networktool\logic\scan\remote\RemoteNetProbe.java","0"
"Method","parallelProbeAll","src\main\java\networktool\logic\scan\remote\RemoteNetProbe.java","0"
"Method","selectProbes","src\main\java\networktool\logic\scan\remote\RemoteNetProbe.java","0"
"Method","submitProbes","src\main\java\networktool\logic\scan\remote\RemoteNetProbe.java","0"
"Method","RemoteNetScanner","src\main\java\networktool\logic\scan\remote\RemoteNetScanner.java","0"
"Method","normalizeCidr","src\main\java\networktool\logic\scan\remote\RemoteNetScanner.java","0"
"Method","scanCidr","src\main\java\networktool\logic\scan\remote\RemoteNetScanner.java","0"
"Method","printBox","src\main\java\networktool\logic\scan\remote\RemoteNetScanner.java","0"
"Method","scanMultiple","src\main\java\networktool\logic\scan\remote\RemoteNetScanner.java","0"
"Method","printBox","src\main\java\networktool\logic\scan\remote\RemoteNetScanner.java","0"
"Method","parallelProbe","src\main\java\networktool\logic\scan\remote\RemoteNetScanner.java","0"
"Method","detectDefaultGateway","src\main\java\networktool\logic\scan\remote\RemoteNetScanner.java","0"
"Method","printRoutingHints","src\main\java\networktool\logic\scan\remote\RemoteNetScanner.java","0"
"Method","cidrToSubnetPrefixes","src\main\java\networktool\logic\scan\remote\RemoteNetScanner.java","0"
"Method","ipToInt","src\main\java\networktool\logic\scan\remote\RemoteNetScanner.java","0"
"Method","printBox","src\main\java\networktool\logic\scan\remote\RemoteNetScanner.java","0"
"Method","ReachResult","src\main\java\networktool\logic\scan\remote\RemoteNetScanner.java","0"
"Method","getInstance","src\main\java\networktool\logic\scan\schedule\AdaptiveTimeoutEstimator.java","0"
"Method","AdaptiveTimeoutEstimator","src\main\java\networktool\logic\scan\schedule\AdaptiveTimeoutEstimator.java","0"
"Method","setEnabled","src\main\java\networktool\logic\scan\schedule\AdaptiveTimeoutEstimator.java","0"
"Method","isEnabled","src\main\java\networktool\logic\scan\schedule\AdaptiveTimeoutEstimator.java","0"
"Method","record","src\main\java\networktool\logic\scan\schedule\AdaptiveTimeoutEstimator.java","0"
"Method","record","src\main\java\networktool\logic\scan\schedule\AdaptiveTimeoutEstimator.java","0"
"Method","record","src\main\java\networktool\logic\scan\schedule\AdaptiveTimeoutEstimator.java","0"
"Method","estimateTimeoutMs","src\main\java\networktool\logic\scan\schedule\AdaptiveTimeoutEstimator.java","0"
"Method","return","src\main\java\networktool\logic\scan\schedule\AdaptiveTimeoutEstimator.java","0"
"Method","reset","src\main\java\networktool\logic\scan\schedule\AdaptiveTimeoutEstimator.java","0"
"Method","lookup","src\main\java\networktool\logic\scan\schedule\AdaptiveTimeoutEstimator.java","0"
"Method","subnet24","src\main\java\networktool\logic\scan\schedule\AdaptiveTimeoutEstimator.java","0"
"Method","ArpCacheEntry","src\main\java\networktool\logic\scan\schedule\ArpCacheEntry.java","0"
"Method","isExpired","src\main\java\networktool\logic\scan\schedule\ArpCacheEntry.java","0"
"Method","ArpCachePersistence","src\main\java\networktool\logic\scan\schedule\ArpCachePersistence.java","0"
"Method","enable","src\main\java\networktool\logic\scan\schedule\ArpCachePersistence.java","0"
"Method","disable","src\main\java\networktool\logic\scan\schedule\ArpCachePersistence.java","0"
"Method","deleteQuietly","src\main\java\networktool\logic\scan\schedule\ArpCachePersistence.java","0"
"Method","isEnabled","src\main\java\networktool\logic\scan\schedule\ArpCachePersistence.java","0"
"Method","save","src\main\java\networktool\logic\scan\schedule\ArpCachePersistence.java","0"
"Method","deleteQuietly","src\main\java\networktool\logic\scan\schedule\ArpCachePersistence.java","0"
"Method","load","src\main\java\networktool\logic\scan\schedule\ArpCachePersistence.java","0"
"Method","parseValid","src\main\java\networktool\logic\scan\schedule\ArpCachePersistence.java","0"
"Method","parseValid","src\main\java\networktool\logic\scan\schedule\ArpCachePersistence.java","0"
"Method","file","src\main\java\networktool\logic\scan\schedule\ArpCachePersistence.java","0"
"Method","deleteQuietly","src\main\java\networktool\logic\scan\schedule\ArpCachePersistence.java","0"
"Method","LastScanCache","src\main\java\networktool\logic\scan\schedule\LastScanCache.java","0"
"Method","updateFromHostResults","src\main\java\networktool\logic\scan\schedule\LastScanCache.java","0"
"Method","updateFromScanResults","src\main\java\networktool\logic\scan\schedule\LastScanCache.java","0"
"Method","getAll","src\main\java\networktool\logic\scan\schedule\LastScanCache.java","0"
"Method","isEmpty","src\main\java\networktool\logic\scan\schedule\LastScanCache.java","0"
"Method","cleanHostname","src\main\java\networktool\logic\scan\schedule\LastScanCache.java","0"
"Method","CachedHost","src\main\java\networktool\logic\scan\schedule\LastScanCache.java","0"
"Method","probe","src\main\java\networktool\logic\scan\schedule\MapTrafficObserver.java","0"
"Method","probeAll","src\main\java\networktool\logic\scan\schedule\MapTrafficObserver.java","0"
"Method","getRole","src\main\java\networktool\logic\scan\schedule\MapTrafficObserver.java","0"
"Method","getAllRoles","src\main\java\networktool\logic\scan\schedule\MapTrafficObserver.java","0"
"Method","clear","src\main\java\networktool\logic\scan\schedule\MapTrafficObserver.java","0"
"Method","detect","src\main\java\networktool\logic\scan\schedule\MapTrafficObserver.java","0"
"Method","isDnsServer","src\main\java\networktool\logic\scan\schedule\MapTrafficObserver.java","0"
"Method","sendDnsQuery","src\main\java\networktool\logic\scan\schedule\MapTrafficObserver.java","0"
"Method","isDhcpServer","src\main\java\networktool\logic\scan\schedule\MapTrafficObserver.java","0"
"Method","isUdpResponsive","src\main\java\networktool\logic\scan\schedule\MapTrafficObserver.java","0"
"Method","isMdnsNode","src\main\java\networktool\logic\scan\schedule\MapTrafficObserver.java","0"
"Method","sendMdnsQuery","src\main\java\networktool\logic\scan\schedule\MapTrafficObserver.java","0"
"Method","isNtpServer","src\main\java\networktool\logic\scan\schedule\MapTrafficObserver.java","0"
"Method","isUdpResponsive","src\main\java\networktool\logic\scan\schedule\MapTrafficObserver.java","0"
"Method","sendDnsQuery","src\main\java\networktool\logic\scan\schedule\MapTrafficObserver.java","0"
"Method","try","src\main\java\networktool\logic\scan\schedule\MapTrafficObserver.java","0"
"Method","buildDnsQuery","src\main\java\networktool\logic\scan\schedule\MapTrafficObserver.java","0"
"Method","buildDhcpDiscover","src\main\java\networktool\logic\scan\schedule\MapTrafficObserver.java","0"
"Method","Random","src\main\java\networktool\logic\scan\schedule\MapTrafficObserver.java","0"
"Method","sendMdnsQuery","src\main\java\networktool\logic\scan\schedule\MapTrafficObserver.java","0"
"Method","try","src\main\java\networktool\logic\scan\schedule\MapTrafficObserver.java","0"
"Method","buildNtpRequest","src\main\java\networktool\logic\scan\schedule\MapTrafficObserver.java","0"
"Method","isUdpResponsive","src\main\java\networktool\logic\scan\schedule\MapTrafficObserver.java","0"
"Method","try","src\main\java\networktool\logic\scan\schedule\MapTrafficObserver.java","0"
"Method","isTcpOpen","src\main\java\networktool\logic\scan\schedule\MapTrafficObserver.java","0"
"Method","try","src\main\java\networktool\logic\scan\schedule\MapTrafficObserver.java","0"
"Method","getInstance","src\main\java\networktool\logic\scan\schedule\PortChangeMonitor.java","0"
"Method","PortChangeMonitor","src\main\java\networktool\logic\scan\schedule\PortChangeMonitor.java","0"
"Method","start","src\main\java\networktool\logic\scan\schedule\PortChangeMonitor.java","0"
"Method","stop","src\main\java\networktool\logic\scan\schedule\PortChangeMonitor.java","0"
"Method","isActive","src\main\java\networktool\logic\scan\schedule\PortChangeMonitor.java","0"
"Method","getInterval","src\main\java\networktool\logic\scan\schedule\PortChangeMonitor.java","0"
"Method","checkAll","src\main\java\networktool\logic\scan\schedule\PortChangeMonitor.java","0"
"Method","checkHost","src\main\java\networktool\logic\scan\schedule\PortChangeMonitor.java","0"
"Method","sorted","src\main\java\networktool\logic\scan\schedule\PortChangeMonitor.java","0"
"Method","ScanDelta","src\main\java\networktool\logic\scan\schedule\ScanDelta.java","0"
"Method","DeltaEntry","src\main\java\networktool\logic\scan\schedule\ScanDelta.java","0"
"Method","compare","src\main\java\networktool\logic\scan\schedule\ScanDelta.java","0"
"Method","printDelta","src\main\java\networktool\logic\scan\schedule\ScanDelta.java","0"
"Method","compareHosts","src\main\java\networktool\logic\scan\schedule\ScanDelta.java","0"
"Method","printDelta","src\main\java\networktool\logic\scan\schedule\ScanDelta.java","0"
"Method","printDelta","src\main\java\networktool\logic\scan\schedule\ScanDelta.java","0"
"Method","index","src\main\java\networktool\logic\scan\schedule\ScanDelta.java","0"
"Method","indexHosts","src\main\java\networktool\logic\scan\schedule\ScanDelta.java","0"
"Method","sorted","src\main\java\networktool\logic\scan\schedule\ScanDelta.java","0"
"Method","getInstance","src\main\java\networktool\logic\scan\schedule\ScanHistory.java","0"
"Method","ScanHistory","src\main\java\networktool\logic\scan\schedule\ScanHistory.java","0"
"Method","add","src\main\java\networktool\logic\scan\schedule\ScanHistory.java","0"
"Method","getAll","src\main\java\networktool\logic\scan\schedule\ScanHistory.java","0"
"Method","getLast","src\main\java\networktool\logic\scan\schedule\ScanHistory.java","0"
"Method","size","src\main\java\networktool\logic\scan\schedule\ScanHistory.java","0"
"Method","clear","src\main\java\networktool\logic\scan\schedule\ScanHistory.java","0"
"Method","Entry","src\main\java\networktool\logic\scan\schedule\ScanHistory.java","0"
"Method","display","src\main\java\networktool\logic\scan\schedule\ScanHistory.java","0"
"Method","getInstance","src\main\java\networktool\logic\scan\schedule\ScanRateLimiter.java","0"
"Method","ScanRateLimiter","src\main\java\networktool\logic\scan\schedule\ScanRateLimiter.java","0"
"Method","this","src\main\java\networktool\logic\scan\schedule\ScanRateLimiter.java","0"
"Method","ScanRateLimiter","src\main\java\networktool\logic\scan\schedule\ScanRateLimiter.java","0"
"Method","setRate","src\main\java\networktool\logic\scan\schedule\ScanRateLimiter.java","0"
"Method","getRatePerSecond","src\main\java\networktool\logic\scan\schedule\ScanRateLimiter.java","0"
"Method","getBurstCapacity","src\main\java\networktool\logic\scan\schedule\ScanRateLimiter.java","0"
"Method","acquire","src\main\java\networktool\logic\scan\schedule\ScanRateLimiter.java","0"
"Method","refill","src\main\java\networktool\logic\scan\schedule\ScanRateLimiter.java","0"
"Method","wait","src\main\java\networktool\logic\scan\schedule\ScanRateLimiter.java","0"
"Method","acquire","src\main\java\networktool\logic\scan\schedule\ScanRateLimiter.java","0"
"Method","acquire","src\main\java\networktool\logic\scan\schedule\ScanRateLimiter.java","0"
"Method","refill","src\main\java\networktool\logic\scan\schedule\ScanRateLimiter.java","0"
"Method","getInstance","src\main\java\networktool\logic\scan\schedule\ScanScheduler.java","0"
"Method","ScanScheduler","src\main\java\networktool\logic\scan\schedule\ScanScheduler.java","0"
"Method","start","src\main\java\networktool\logic\scan\schedule\ScanScheduler.java","0"
"Method","stop","src\main\java\networktool\logic\scan\schedule\ScanScheduler.java","0"
"Method","stop","src\main\java\networktool\logic\scan\schedule\ScanScheduler.java","0"
"Method","stopAll","src\main\java\networktool\logic\scan\schedule\ScanScheduler.java","0"
"Method","getRunning","src\main\java\networktool\logic\scan\schedule\ScanScheduler.java","0"
"Method","isRunning","src\main\java\networktool\logic\scan\schedule\ScanScheduler.java","0"
"Method","runScheduledScan","src\main\java\networktool\logic\scan\schedule\ScanScheduler.java","0"
"Method","HostResult","src\main\java\networktool\logic\scan\schedule\ScanScheduler.java","0"
"Method","runProfileScan","src\main\java\networktool\logic\scan\schedule\ScanScheduler.java","0"
"Method","add","src\main\java\networktool\logic\scan\schedule\SubnetStats.java","0"
"Method","count","src\main\java\networktool\logic\scan\schedule\SubnetStats.java","0"
"Method","mean","src\main\java\networktool\logic\scan\schedule\SubnetStats.java","0"
"Method","stddev","src\main\java\networktool\logic\scan\schedule\SubnetStats.java","0"
"Method","ActiveInterfaceDetector","src\main\java\networktool\logic\sonify\ActiveInterfaceDetector.java","0"
"Method","detect","src\main\java\networktool\logic\sonify\ActiveInterfaceDetector.java","0"
"Method","detectUnix","src\main\java\networktool\logic\sonify\ActiveInterfaceDetector.java","0"
"Method","detectWindows","src\main\java\networktool\logic\sonify\ActiveInterfaceDetector.java","0"
"Method","detectUnix","src\main\java\networktool\logic\sonify\ActiveInterfaceDetector.java","0"
"Method","BitEncoder","src\main\java\networktool\logic\sonify\BitEncoder.java","0"
"Method","toBits","src\main\java\networktool\logic\sonify\BitEncoder.java","0"
"Method","InterfaceStatsReader","src\main\java\networktool\logic\sonify\InterfaceStatsReader.java","0"
"Method","read","src\main\java\networktool\logic\sonify\InterfaceStatsReader.java","0"
"Method","readSysfs","src\main\java\networktool\logic\sonify\InterfaceStatsReader.java","0"
"Method","readSysfs","src\main\java\networktool\logic\sonify\InterfaceStatsReader.java","0"
"Method","PlainTone","src\main\java\networktool\logic\sonify\PlainTone.java","0"
"Method","play","src\main\java\networktool\logic\sonify\PlainTone.java","0"
"Method","copy","src\main\java\networktool\logic\sonify\SonifyConfig.java","0"
"Method","SonifyConfigStore","src\main\java\networktool\logic\sonify\SonifyConfigStore.java","0"
"Method","load","src\main\java\networktool\logic\sonify\SonifyConfigStore.java","0"
"Method","save","src\main\java\networktool\logic\sonify\SonifyConfigStore.java","0"
"Method","extractInt","src\main\java\networktool\logic\sonify\SonifyConfigStore.java","0"
"Method","LONG","src\main\java\networktool\logic\sonify\ToneDuration.java","0"
"Method","ToneDuration","src\main\java\networktool\logic\sonify\ToneDuration.java","0"
"Method","HIGH","src\main\java\networktool\logic\sonify\ToneFrequency.java","0"
"Method","ToneFrequency","src\main\java\networktool\logic\sonify\ToneFrequency.java","0"
"Method","ToneGenerator","src\main\java\networktool\logic\sonify\ToneGenerator.java","0"
"Method","open","src\main\java\networktool\logic\sonify\ToneGenerator.java","0"
"Method","close","src\main\java\networktool\logic\sonify\ToneGenerator.java","0"
"Method","play","src\main\java\networktool\logic\sonify\ToneGenerator.java","0"
"Method","TrafficSonifier","src\main\java\networktool\logic\sonify\TrafficSonifier.java","0"
"Method","getInstance","src\main\java\networktool\logic\sonify\TrafficSonifier.java","0"
"Method","isActive","src\main\java\networktool\logic\sonify\TrafficSonifier.java","0"
"Method","setVolume","src\main\java\networktool\logic\sonify\TrafficSonifier.java","0"
"Method","setConfig","src\main\java\networktool\logic\sonify\TrafficSonifier.java","0"
"Method","getConfig","src\main\java\networktool\logic\sonify\TrafficSonifier.java","0"
"Method","getActiveInterface","src\main\java\networktool\logic\sonify\TrafficSonifier.java","0"
"Method","start","src\main\java\networktool\logic\sonify\TrafficSonifier.java","0"
"Method","stop","src\main\java\networktool\logic\sonify\TrafficSonifier.java","0"
"Method","sonifyDelta","src\main\java\networktool\logic\sonify\TrafficSonifier.java","0"
"Method","sleepQuiet","src\main\java\networktool\logic\sonify\TrafficSonifier.java","0"
"Method","TrafficTone","src\main\java\networktool\logic\sonify\TrafficTone.java","0"
"Method","forBit","src\main\java\networktool\logic\sonify\TrafficTone.java","0"
"Method","TrafficTone","src\main\java\networktool\logic\sonify\TrafficTone.java","0"
"Method","TrafficSample","src\main\java\networktool\logic\visualize\TrafficSample.java","0"
"Method","getInstance","src\main\java\networktool\logic\visualize\TrafficVisualizer.java","0"
"Method","TrafficVisualizer","src\main\java\networktool\logic\visualize\TrafficVisualizer.java","0"
"Method","isActive","src\main\java\networktool\logic\visualize\TrafficVisualizer.java","0"
"Method","getActiveInterface","src\main\java\networktool\logic\visualize\TrafficVisualizer.java","0"
"Method","setCapacity","src\main\java\networktool\logic\visualize\TrafficVisualizer.java","0"
"Method","trimToCapacity","src\main\java\networktool\logic\visualize\TrafficVisualizer.java","0"
"Method","start","src\main\java\networktool\logic\visualize\TrafficVisualizer.java","0"
"Method","stop","src\main\java\networktool\logic\visualize\TrafficVisualizer.java","0"
"Method","clear","src\main\java\networktool\logic\visualize\TrafficVisualizer.java","0"
"Method","getSnapshot","src\main\java\networktool\logic\visualize\TrafficVisualizer.java","0"
"Method","addSample","src\main\java\networktool\logic\visualize\TrafficVisualizer.java","0"
"Method","offerSample","src\main\java\networktool\logic\visualize\TrafficVisualizer.java","0"
"Method","offerSample","src\main\java\networktool\logic\visualize\TrafficVisualizer.java","0"
"Method","trimToCapacity","src\main\java\networktool\logic\visualize\TrafficVisualizer.java","0"
"Method","trimToCapacity","src\main\java\networktool\logic\visualize\TrafficVisualizer.java","0"
"Method","sleepQuiet","src\main\java\networktool\logic\visualize\TrafficVisualizer.java","0"
"Method","PowerShellRunner","src\main\java\networktool\logic\windows\PowerShellRunner.java","0"
"Method","isAvailable","src\main\java\networktool\logic\windows\PowerShellRunner.java","0"
"Method","try","src\main\java\networktool\logic\windows\PowerShellRunner.java","0"
"Method","PsArpResolver","src\main\java\networktool\logic\windows\PsArpResolver.java","0"
"Method","lookup","src\main\java\networktool\logic\windows\PsArpResolver.java","0"
"Method","table","src\main\java\networktool\logic\windows\PsArpResolver.java","0"
"Method","refreshIfStale","src\main\java\networktool\logic\windows\PsArpResolver.java","0"
"Method","fetch","src\main\java\networktool\logic\windows\PsArpResolver.java","0"
"Method","PsCidrResolver","src\main\java\networktool\logic\windows\PsCidrResolver.java","0"
"Method","resolveCidrs","src\main\java\networktool\logic\windows\PsCidrResolver.java","0"
"Method","normalize","src\main\java\networktool\logic\windows\PsCidrResolver.java","0"
"Method","PsInterfaceStatsResolver","src\main\java\networktool\logic\windows\PsInterfaceStatsResolver.java","0"
"Method","read","src\main\java\networktool\logic\windows\PsInterfaceStatsResolver.java","0"
"Method","listActiveAdapters","src\main\java\networktool\logic\windows\PsInterfaceStatsResolver.java","0"
"Method","PsNetScanResolver","src\main\java\networktool\logic\windows\PsNetScanResolver.java","0"
"Method","sweep","src\main\java\networktool\logic\windows\PsNetScanResolver.java","0"
"Method","buildScript","src\main\java\networktool\logic\windows\PsNetScanResolver.java","0"
"Method","PsPortScanResolver","src\main\java\networktool\logic\windows\PsPortScanResolver.java","0"
"Method","isOpen","src\main\java\networktool\logic\windows\PsPortScanResolver.java","0"
"Method","scanPorts","src\main\java\networktool\logic\windows\PsPortScanResolver.java","0"
"Method","HostResult","src\main\java\networktool\model\HostResult.java","0"
"Method","HostResult","src\main\java\networktool\model\HostResult.java","0"
"Method","this","src\main\java\networktool\model\HostResult.java","0"
"Method","HostResult","src\main\java\networktool\model\HostResult.java","0"
"Method","this","src\main\java\networktool\model\HostResult.java","0"
"Method","HostResult","src\main\java\networktool\model\HostResult.java","0"
"Method","this","src\main\java\networktool\model\HostResult.java","0"
"Method","getPorts","src\main\java\networktool\model\HostResult.java","0"
"Method","portsToString","src\main\java\networktool\model\HostResult.java","0"
"Method","return","src\main\java\networktool\model\HostResult.java","0"
"Method","ScanProfile","src\main\java\networktool\model\ScanProfile.java","0"
"Method","summary","src\main\java\networktool\model\ScanProfile.java","0"
"Method","ScanResult","src\main\java\networktool\model\ScanResult.java","0"
"Method","getIp","src\main\java\networktool\model\ScanResult.java","0"
"Method","getHostname","src\main\java\networktool\model\ScanResult.java","0"
"Method","getOpenPorts","src\main\java\networktool\model\ScanResult.java","0"
"Method","getOsGuess","src\main\java\networktool\model\ScanResult.java","0"
"Method","AuditLogEntry","src\main\java\networktool\security\AuditLogEntry.java","0"
"Method","toNdjson","src\main\java\networktool\security\AuditLogEntry.java","0"
"Method","esc","src\main\java\networktool\security\AuditLogEntry.java","0"
"Method","AuditLogFile","src\main\java\networktool\security\AuditLogFile.java","0"
"Method","append","src\main\java\networktool\security\AuditLogFile.java","0"
"Method","clear","src\main\java\networktool\security\AuditLogFile.java","0"
"Method","readRecent","src\main\java\networktool\security\AuditLogFile.java","0"
"Method","parse","src\main\java\networktool\security\AuditLogFile.java","0"
"Method","nowFormatted","src\main\java\networktool\security\AuditLogFile.java","0"
"Method","getInstance","src\main\java\networktool\security\AuditLogger.java","0"
"Method","AuditLogger","src\main\java\networktool\security\AuditLogger.java","0"
"Method","init","src\main\java\networktool\security\AuditLogger.java","0"
"Method","flushAndShutdown","src\main\java\networktool\security\AuditLogger.java","0"
"Method","log","src\main\java\networktool\security\AuditLogger.java","0"
"Method","log","src\main\java\networktool\security\AuditLogger.java","0"
"Method","readRecent","src\main\java\networktool\security\AuditLogger.java","0"
"Method","flush","src\main\java\networktool\security\AuditLogger.java","0"
"Method","readByUser","src\main\java\networktool\security\AuditLogger.java","0"
"Method","readRecent","src\main\java\networktool\security\AuditLogger.java","0"
"Method","clear","src\main\java\networktool\security\AuditLogger.java","0"
"Method","flush","src\main\java\networktool\security\AuditLogger.java","0"
"Method","log","src\main\java\networktool\security\AuditLogger.java","0"
"Method","clearInternal","src\main\java\networktool\security\AuditLogger.java","0"
"Method","AuditLogFile","src\main\java\networktool\security\AuditLogger.java","0"
"Method","flush","src\main\java\networktool\security\AuditLogger.java","0"
"Method","shutdown","src\main\java\networktool\security\AuditLogger.java","0"
"Method","flush","src\main\java\networktool\security\AuditLogger.java","0"
"Method","parse","src\main\java\networktool\security\AuditLogger.java","0"
"Method","flushAndShutdown","src\main\java\networktool\security\AuditLogger.java","0"
"Method","newWriter","src\main\java\networktool\security\AuditLogger.java","0"
"Method","currentUser","src\main\java\networktool\security\AuditLogger.java","0"
"Method","isCurrentUserAdmin","src\main\java\networktool\security\AuditLogger.java","0"
"Method","sanitize","src\main\java\networktool\security\AuditLogger.java","0"
"Method","LogEntry","src\main\java\networktool\security\AuditLogger.java","0"
"Method","from","src\main\java\networktool\security\AuditLogger.java","0"
"Method","LogEntry","src\main\java\networktool\security\AuditLogger.java","0"
"Method","LoginDialog","src\main\java\networktool\security\LoginDialog.java","0"
"Method","super","src\main\java\networktool\security\LoginDialog.java","0"
"Method","setDefaultCloseOperation","src\main\java\networktool\security\LoginDialog.java","0"
"Method","setResizable","src\main\java\networktool\security\LoginDialog.java","0"
"Method","addWindowListener","src\main\java\networktool\security\LoginDialog.java","0"
"Method","windowClosing","src\main\java\networktool\security\LoginDialog.java","0"
"Method","show","src\main\java\networktool\security\LoginDialog.java","0"
"Method","showChoice","src\main\java\networktool\security\LoginDialog.java","0"
"Method","setTitle","src\main\java\networktool\security\LoginDialog.java","0"
"Method","getContentPane","src\main\java\networktool\security\LoginDialog.java","0"
"Method","repack","src\main\java\networktool\security\LoginDialog.java","0"
"Method","showLogin","src\main\java\networktool\security\LoginDialog.java","0"
"Method","setTitle","src\main\java\networktool\security\LoginDialog.java","0"
"Method","getContentPane","src\main\java\networktool\security\LoginDialog.java","0"
"Method","setContentPane","src\main\java\networktool\security\LoginDialog.java","0"
"Method","repack","src\main\java\networktool\security\LoginDialog.java","0"
"Method","showRegister","src\main\java\networktool\security\LoginDialog.java","0"
"Method","setTitle","src\main\java\networktool\security\LoginDialog.java","0"
"Method","getContentPane","src\main\java\networktool\security\LoginDialog.java","0"
"Method","setContentPane","src\main\java\networktool\security\LoginDialog.java","0"
"Method","repack","src\main\java\networktool\security\LoginDialog.java","0"
"Method","repack","src\main\java\networktool\security\LoginDialog.java","0"
"Method","pack","src\main\java\networktool\security\LoginDialog.java","0"
"Method","setMinimumSize","src\main\java\networktool\security\LoginDialog.java","0"
"Method","setLocationRelativeTo","src\main\java\networktool\security\LoginDialog.java","0"
"Method","attemptLogin","src\main\java\networktool\security\LoginDialog.java","0"
"Method","dispose","src\main\java\networktool\security\LoginDialog.java","0"
"Method","attemptCreate","src\main\java\networktool\security\LoginDialog.java","0"
"Method","dispose","src\main\java\networktool\security\LoginDialog.java","0"
"Method","getInstance","src\main\java\networktool\security\SecurityMonitor.java","0"
"Method","SecurityMonitor","src\main\java\networktool\security\SecurityMonitor.java","0"
"Method","start","src\main\java\networktool\security\SecurityMonitor.java","0"
"Method","loadSavedHostsBaseline","src\main\java\networktool\security\SecurityMonitor.java","0"
"Method","stop","src\main\java\networktool\security\SecurityMonitor.java","0"
"Method","isActive","src\main\java\networktool\security\SecurityMonitor.java","0"
"Method","addToWhitelist","src\main\java\networktool\security\SecurityMonitor.java","0"
"Method","addBaseline","src\main\java\networktool\security\SecurityMonitor.java","0"
"Method","loadSavedHostsBaseline","src\main\java\networktool\security\SecurityMonitor.java","0"
"Method","scan","src\main\java\networktool\security\SecurityMonitor.java","0"
"Method","checkArpPoisoning","src\main\java\networktool\security\SecurityMonitor.java","0"
"Method","checkArpSpoofing","src\main\java\networktool\security\SecurityMonitor.java","0"
"Method","checkIpSpoofing","src\main\java\networktool\security\SecurityMonitor.java","0"
"Method","checkArpPoisoning","src\main\java\networktool\security\SecurityMonitor.java","0"
"Method","checkArpSpoofing","src\main\java\networktool\security\SecurityMonitor.java","0"
"Method","checkIpSpoofing","src\main\java\networktool\security\SecurityMonitor.java","0"
"Method","warn","src\main\java\networktool\security\SecurityMonitor.java","0"
"Method","readArpCache","src\main\java\networktool\security\SecurityMonitor.java","0"
"Method","try","src\main\java\networktool\security\SecurityMonitor.java","0"
"Method","normalize","src\main\java\networktool\security\SecurityMonitor.java","0"
"Method","extractMac","src\main\java\networktool\security\SecurityMonitor.java","0"
"Method","isNoisyAddress","src\main\java\networktool\security\SecurityMonitor.java","0"
"Method","getInstance","src\main\java\networktool\security\UserAuth.java","0"
"Method","UserAuth","src\main\java\networktool\security\UserAuth.java","0"
"Method","init","src\main\java\networktool\security\UserAuth.java","0"
"Method","seedDefaultUsers","src\main\java\networktool\security\UserAuth.java","0"
"Method","warnIfDefaultCredentialsActive","src\main\java\networktool\security\UserAuth.java","0"
"Method","warnIfDefaultCredentialsActive","src\main\java\networktool\security\UserAuth.java","0"
"Method","usesDefaultAdminPassword","src\main\java\networktool\security\UserAuth.java","0"
"Method","findByUsername","src\main\java\networktool\security\UserAuth.java","0"
"Method","seedEntry","src\main\java\networktool\security\UserAuth.java","0"
"Method","hasUsers","src\main\java\networktool\security\UserAuth.java","0"
"Method","createUser","src\main\java\networktool\security\UserAuth.java","0"
"Method","authenticate","src\main\java\networktool\security\UserAuth.java","0"
"Method","isAdmin","src\main\java\networktool\security\UserAuth.java","0"
"Method","getCurrentRole","src\main\java\networktool\security\UserAuth.java","0"
"Method","changePassword","src\main\java\networktool\security\UserAuth.java","0"
"Method","deleteUser","src\main\java\networktool\security\UserAuth.java","0"
"Method","logout","src\main\java\networktool\security\UserAuth.java","0"
"Method","getCurrentUser","src\main\java\networktool\security\UserAuth.java","0"
"Method","listUsernames","src\main\java\networktool\security\UserAuth.java","0"
"Method","isStrongPassword","src\main\java\networktool\security\UserAuth.java","0"
"Method","hash","src\main\java\networktool\security\UserAuth.java","0"
"Method","generateSalt","src\main\java\networktool\security\UserAuth.java","0"
"Method","SecureRandom","src\main\java\networktool\security\UserAuth.java","0"
"Method","extractStr","src\main\java\networktool\security\UserAuth.java","0"
"Method","isBlank","src\main\java\networktool\security\UserAuth.java","0"
"Method","UserAuthPersistence","src\main\java\networktool\security\UserAuthPersistence.java","0"
"Method","load","src\main\java\networktool\security\UserAuthPersistence.java","0"
"Method","parse","src\main\java\networktool\security\UserAuthPersistence.java","0"
"Method","save","src\main\java\networktool\security\UserAuthPersistence.java","0"
"Method","parse","src\main\java\networktool\security\UserAuthPersistence.java","0"
"Method","extractStr","src\main\java\networktool\security\UserAuthPersistence.java","0"
"Method","esc","src\main\java\networktool\security\UserAuthPersistence.java","0"
"Method","nvl","src\main\java\networktool\security\UserAuthPersistence.java","0"
"Method","JsonCodec","src\main\java\networktool\storage\JsonCodec.java","0"
"Method","extractStr","src\main\java\networktool\storage\JsonCodec.java","0"
"Method","appendUnicodeEscape","src\main\java\networktool\storage\JsonCodec.java","0"
"Method","extractInt","src\main\java\networktool\storage\JsonCodec.java","0"
"Method","esc","src\main\java\networktool\storage\JsonCodec.java","0"
"Method","nvl","src\main\java\networktool\storage\JsonCodec.java","0"
"Method","skipString","src\main\java\networktool\storage\JsonCodec.java","0"
"Method","matchBracket","src\main\java\networktool\storage\JsonCodec.java","0"
"Method","extractObjects","src\main\java\networktool\storage\JsonCodec.java","0"
"Method","findArrayStart","src\main\java\networktool\storage\JsonCodec.java","0"
"Method","buildStringArrayJson","src\main\java\networktool\storage\JsonCodec.java","0"
"Method","extractStringArray","src\main\java\networktool\storage\JsonCodec.java","0"
"Method","JsonHelper","src\main\java\networktool\storage\JsonHelper.java","0"
"Method","extractStr","src\main\java\networktool\storage\JsonHelper.java","0"
"Method","appendUnicodeEscape","src\main\java\networktool\storage\JsonHelper.java","0"
"Method","extractInt","src\main\java\networktool\storage\JsonHelper.java","0"
"Method","esc","src\main\java\networktool\storage\JsonHelper.java","0"
"Method","nvl","src\main\java\networktool\storage\JsonHelper.java","0"
"Method","skipString","src\main\java\networktool\storage\JsonHelper.java","0"
"Method","matchBracket","src\main\java\networktool\storage\JsonHelper.java","0"
"Method","extractObjects","src\main\java\networktool\storage\JsonHelper.java","0"
"Method","findArrayStart","src\main\java\networktool\storage\JsonHelper.java","0"
"Method","buildStringArrayJson","src\main\java\networktool\storage\JsonHelper.java","0"
"Method","extractStringArray","src\main\java\networktool\storage\JsonHelper.java","0"
"Method","getInstance","src\main\java\networktool\storage\NotificationHistory.java","0"
"Method","NotificationHistory","src\main\java\networktool\storage\NotificationHistory.java","0"
"Method","add","src\main\java\networktool\storage\NotificationHistory.java","0"
"Method","getAll","src\main\java\networktool\storage\NotificationHistory.java","0"
"Method","clear","src\main\java\networktool\storage\NotificationHistory.java","0"
"Method","addListener","src\main\java\networktool\storage\NotificationHistory.java","0"
"Method","size","src\main\java\networktool\storage\NotificationHistory.java","0"
"Method","Entry","src\main\java\networktool\storage\NotificationHistory.java","0"
"Method","getInstance","src\main\java\networktool\storage\SavedHostsStore.java","0"
"Method","SavedHostsStore","src\main\java\networktool\storage\SavedHostsStore.java","0"
"Method","loadFromFile","src\main\java\networktool\storage\SavedHostsStore.java","0"
"Method","setFilePath","src\main\java\networktool\storage\SavedHostsStore.java","0"
"Method","loadFromFile","src\main\java\networktool\storage\SavedHostsStore.java","0"
"Method","resolveDefaultPath","src\main\java\networktool\storage\SavedHostsStore.java","0"
"Method","save","src\main\java\networktool\storage\SavedHostsStore.java","0"
"Method","saveToFile","src\main\java\networktool\storage\SavedHostsStore.java","0"
"Method","notifyListeners","src\main\java\networktool\storage\SavedHostsStore.java","0"
"Method","saveToFile","src\main\java\networktool\storage\SavedHostsStore.java","0"
"Method","notifyListeners","src\main\java\networktool\storage\SavedHostsStore.java","0"
"Method","updateNotes","src\main\java\networktool\storage\SavedHostsStore.java","0"
"Method","saveToFile","src\main\java\networktool\storage\SavedHostsStore.java","0"
"Method","remove","src\main\java\networktool\storage\SavedHostsStore.java","0"
"Method","getAll","src\main\java\networktool\storage\SavedHostsStore.java","0"
"Method","addChangeListener","src\main\java\networktool\storage\SavedHostsStore.java","0"
"Method","loadFromFile","src\main\java\networktool\storage\SavedHostsStore.java","0"
"Method","try","src\main\java\networktool\storage\SavedHostsStore.java","0"
"Method","saveToFile","src\main\java\networktool\storage\SavedHostsStore.java","0"
"Method","try","src\main\java\networktool\storage\SavedHostsStore.java","0"
"Method","createEmptyFile","src\main\java\networktool\storage\SavedHostsStore.java","0"
"Method","try","src\main\java\networktool\storage\SavedHostsStore.java","0"
"Method","notifyListeners","src\main\java\networktool\storage\SavedHostsStore.java","0"
"Method","isBlank","src\main\java\networktool\storage\SavedHostsStore.java","0"
"Method","StorageLocations","src\main\java\networktool\storage\StorageLocations.java","0"
"Method","root","src\main\java\networktool\storage\StorageLocations.java","0"
"Method","userData","src\main\java\networktool\storage\StorageLocations.java","0"
"Method","networkData","src\main\java\networktool\storage\StorageLocations.java","0"
"Method","profiles","src\main\java\networktool\storage\StorageLocations.java","0"
"Method","logs","src\main\java\networktool\storage\StorageLocations.java","0"
"Method","cache","src\main\java\networktool\storage\StorageLocations.java","0"
"Method","projectRoot","src\main\java\networktool\storage\StorageLocations.java","0"
"Method","isProjectRoot","src\main\java\networktool\storage\StorageLocations.java","0"
"Method","ensure","src\main\java\networktool\storage\StorageLocations.java","0"
"Method","StorageLocationsResolver","src\main\java\networktool\storage\StorageLocationsResolver.java","0"
"Method","resolveDataDir","src\main\java\networktool\storage\StorageLocationsResolver.java","0"
"Method","extractJsonStr","src\main\java\networktool\storage\StorageLocationsResolver.java","0"
"Method","escapeJson","src\main\java\networktool\storage\StorageLocationsResolver.java","0"
"Method","StorageUtils","src\main\java\networktool\storage\StorageUtils.java","0"
"Method","resolveDataDir","src\main\java\networktool\storage\StorageUtils.java","0"
"Method","extractJsonStr","src\main\java\networktool\storage\StorageUtils.java","0"
"Method","escapeJson","src\main\java\networktool\storage\StorageUtils.java","0"
"Method","TestConstants","src\main\java\networktool\storage\TestConstants.java","0"
"Method","CacheCrypto","src\main\java\networktool\storage\backup\CacheCrypto.java","0"
"Method","encrypt","src\main\java\networktool\storage\backup\CacheCrypto.java","0"
"Method","decrypt","src\main\java\networktool\storage\backup\CacheCrypto.java","0"
"Method","String","src\main\java\networktool\storage\backup\CacheCrypto.java","0"
"Method","deriveKey","src\main\java\networktool\storage\backup\CacheCrypto.java","0"
"Method","SecretKeySpec","src\main\java\networktool\storage\backup\CacheCrypto.java","0"
"Method","randomBytes","src\main\java\networktool\storage\backup\CacheCrypto.java","0"
"Method","SecureRandom","src\main\java\networktool\storage\backup\CacheCrypto.java","0"
"Method","DataExporter","src\main\java\networktool\storage\export\DataExporter.java","0"
"Method","exportCsv","src\main\java\networktool\storage\export\DataExporter.java","0"
"Method","exportJson","src\main\java\networktool\storage\export\DataExporter.java","0"
"Method","exportHtml","src\main\java\networktool\storage\export\DataExporter.java","0"
"Method","forEachHost","src\main\java\networktool\storage\export\DataExporter.java","0"
"Method","csv","src\main\java\networktool\storage\export\DataExporter.java","0"
"Method","esc","src\main\java\networktool\storage\export\DataExporter.java","0"
"Method","DataExportFormatters","src\main\java\networktool\storage\export\DataExportFormatters.java","0"
"Method","now","src\main\java\networktool\storage\export\DataExportFormatters.java","0"
"Method","forEachHost","src\main\java\networktool\storage\export\DataExportFormatters.java","0"
"Method","csv","src\main\java\networktool\storage\export\DataExportFormatters.java","0"
"Method","esc","src\main\java\networktool\storage\export\DataExportFormatters.java","0"
"Method","exportCsv","src\main\java\networktool\storage\export\DataExportFormatters.java","0"
"Method","exportJson","src\main\java\networktool\storage\export\DataExportFormatters.java","0"
"Method","exportHtml","src\main\java\networktool\storage\export\DataExportFormatters.java","0"
"Method","DataExportImport","src\main\java\networktool\storage\export\DataExportImport.java","0"
"Method","exportCsv","src\main\java\networktool\storage\export\DataExportImport.java","0"
"Method","exportJson","src\main\java\networktool\storage\export\DataExportImport.java","0"
"Method","exportHtml","src\main\java\networktool\storage\export\DataExportImport.java","0"
"Method","importCsv","src\main\java\networktool\storage\export\DataExportImport.java","0"
"Method","importJson","src\main\java\networktool\storage\export\DataExportImport.java","0"
"Method","DataImporter","src\main\java\networktool\storage\export\DataImporter.java","0"
"Method","importCsv","src\main\java\networktool\storage\export\DataImporter.java","0"
"Method","importJson","src\main\java\networktool\storage\export\DataImporter.java","0"
"Method","saveHost","src\main\java\networktool\storage\export\DataImporter.java","0"
"Method","nvl","src\main\java\networktool\storage\export\DataImporter.java","0"
"Method","HtmlReportBuilder","src\main\java\networktool\storage\export\HtmlReportBuilder.java","0"
"Method","build","src\main\java\networktool\storage\export\HtmlReportBuilder.java","0"
"Method","appendHead","src\main\java\networktool\storage\export\HtmlReportBuilder.java","0"
"Method","appendBody","src\main\java\networktool\storage\export\HtmlReportBuilder.java","0"
"Method","appendHead","src\main\java\networktool\storage\export\HtmlReportBuilder.java","0"
"Method","appendBody","src\main\java\networktool\storage\export\HtmlReportBuilder.java","0"
"Method","appendTable","src\main\java\networktool\storage\export\HtmlReportBuilder.java","0"
"Method","appendTable","src\main\java\networktool\storage\export\HtmlReportBuilder.java","0"
"Method","esc","src\main\java\networktool\storage\export\HtmlReportBuilder.java","0"
"Method","osClass","src\main\java\networktool\storage\export\HtmlReportBuilder.java","0"
"Method","HostJsonBuilder","src\main\java\networktool\storage\network\HostJsonBuilder.java","0"
"Method","buildNetworkJson","src\main\java\networktool\storage\network\HostJsonBuilder.java","0"
"Method","appendHost","src\main\java\networktool\storage\network\HostJsonBuilder.java","0"
"Method","appendHost","src\main\java\networktool\storage\network\HostJsonBuilder.java","0"
"Method","readSchemaVersion","src\main\java\networktool\storage\network\HostJsonBuilder.java","0"
"Method","parseHost","src\main\java\networktool\storage\network\HostJsonBuilder.java","0"
"Method","HostResult","src\main\java\networktool\storage\network\HostJsonBuilder.java","0"
"Method","serPortsJson","src\main\java\networktool\storage\network\HostJsonBuilder.java","0"
"Method","parsePortsObj","src\main\java\networktool\storage\network\HostJsonBuilder.java","0"
"Method","extractRawPorts","src\main\java\networktool\storage\network\HostJsonBuilder.java","0"
"Method","splitPairs","src\main\java\networktool\storage\network\HostJsonBuilder.java","0"
"Method","unquote","src\main\java\networktool\storage\network\HostJsonBuilder.java","0"
"Method","HostSchemaMigration","src\main\java\networktool\storage\network\HostSchemaMigration.java","0"
"Method","logIfLegacy","src\main\java\networktool\storage\network\HostSchemaMigration.java","0"
"Method","migrateHostV1ToV2","src\main\java\networktool\storage\network\HostSchemaMigration.java","0"
"Method","NetworkRegistry","src\main\java\networktool\storage\network\NetworkRegistry.java","0"
"Method","ensureDefault","src\main\java\networktool\storage\network\NetworkRegistry.java","0"
"Method","create","src\main\java\networktool\storage\network\NetworkRegistry.java","0"
"Method","rename","src\main\java\networktool\storage\network\NetworkRegistry.java","0"
"Method","delete","src\main\java\networktool\storage\network\NetworkRegistry.java","0"
"Method","ensureDefault","src\main\java\networktool\storage\network\NetworkRegistry.java","0"
"Method","names","src\main\java\networktool\storage\network\NetworkRegistry.java","0"
"Method","prefix","src\main\java\networktool\storage\network\NetworkRegistry.java","0"
"Method","ipMatches","src\main\java\networktool\storage\network\NetworkRegistry.java","0"
"Method","matchingNetworks","src\main\java\networktool\storage\network\NetworkRegistry.java","0"
"Method","contains","src\main\java\networktool\storage\network\NetworkRegistry.java","0"
"Method","networks","src\main\java\networktool\storage\network\NetworkRegistry.java","0"
"Method","prefixes","src\main\java\networktool\storage\network\NetworkRegistry.java","0"
"Method","safe","src\main\java\networktool\storage\network\NetworkRegistry.java","0"
"Method","getInstance","src\main\java\networktool\storage\network\NetworkStore.java","0"
"Method","NetworkStore","src\main\java\networktool\storage\network\NetworkStore.java","0"
"Method","loadAll","src\main\java\networktool\storage\network\NetworkStore.java","0"
"Method","setSortField","src\main\java\networktool\storage\network\NetworkStore.java","0"
"Method","createNetwork","src\main\java\networktool\storage\network\NetworkStore.java","0"
"Method","renameNetwork","src\main\java\networktool\storage\network\NetworkStore.java","0"
"Method","persist","src\main\java\networktool\storage\network\NetworkStore.java","0"
"Method","notifyListeners","src\main\java\networktool\storage\network\NetworkStore.java","0"
"Method","deleteNetwork","src\main\java\networktool\storage\network\NetworkStore.java","0"
"Method","regenerateAllFile","src\main\java\networktool\storage\network\NetworkStore.java","0"
"Method","notifyListeners","src\main\java\networktool\storage\network\NetworkStore.java","0"
"Method","getNetworkNames","src\main\java\networktool\storage\network\NetworkStore.java","0"
"Method","getAllNetworkNames","src\main\java\networktool\storage\network\NetworkStore.java","0"
"Method","getPrefix","src\main\java\networktool\storage\network\NetworkStore.java","0"
"Method","ipMatchesNetwork","src\main\java\networktool\storage\network\NetworkStore.java","0"
"Method","matchingNetworks","src\main\java\networktool\storage\network\NetworkStore.java","0"
"Method","save","src\main\java\networktool\storage\network\NetworkStore.java","0"
"Method","persist","src\main\java\networktool\storage\network\NetworkStore.java","0"
"Method","moveHost","src\main\java\networktool\storage\network\NetworkStore.java","0"
"Method","persist","src\main\java\networktool\storage\network\NetworkStore.java","0"
"Method","persist","src\main\java\networktool\storage\network\NetworkStore.java","0"
"Method","notifyListeners","src\main\java\networktool\storage\network\NetworkStore.java","0"
"Method","remove","src\main\java\networktool\storage\network\NetworkStore.java","0"
"Method","removeFromAll","src\main\java\networktool\storage\network\NetworkStore.java","0"
"Method","updateOs","src\main\java\networktool\storage\network\NetworkStore.java","0"
"Method","persistOwner","src\main\java\networktool\storage\network\NetworkStore.java","0"
"Method","updateNotes","src\main\java\networktool\storage\network\NetworkStore.java","0"
"Method","persistOwner","src\main\java\networktool\storage\network\NetworkStore.java","0"
"Method","getAll","src\main\java\networktool\storage\network\NetworkStore.java","0"
"Method","getAllHosts","src\main\java\networktool\storage\network\NetworkStore.java","0"
"Method","getAllHostsInternal","src\main\java\networktool\storage\network\NetworkStore.java","0"
"Method","findNetwork","src\main\java\networktool\storage\network\NetworkStore.java","0"
"Method","addChangeListener","src\main\java\networktool\storage\network\NetworkStore.java","0"
"Method","getNtfyTopics","src\main\java\networktool\storage\network\NetworkStore.java","0"
"Method","saveNtfyTopic","src\main\java\networktool\storage\network\NetworkStore.java","0"
"Method","isTestNetwork","src\main\java\networktool\storage\network\NetworkStore.java","0"
"Method","visibleHosts","src\main\java\networktool\storage\network\NetworkStore.java","0"
"Method","persistOwner","src\main\java\networktool\storage\network\NetworkStore.java","0"
"Method","loadAll","src\main\java\networktool\storage\network\NetworkStore.java","0"
"Method","persist","src\main\java\networktool\storage\network\NetworkStore.java","0"
"Method","regenerateAllFile","src\main\java\networktool\storage\network\NetworkStore.java","0"
"Method","regenerateAllFile","src\main\java\networktool\storage\network\NetworkStore.java","0"
"Method","notifyListeners","src\main\java\networktool\storage\network\NetworkStore.java","0"
"Method","regenerateAllFile","src\main\java\networktool\storage\network\NetworkStore.java","0"
"Method","safeName","src\main\java\networktool\storage\network\NetworkStore.java","0"
"Method","NetworkStoreHostOps","src\main\java\networktool\storage\network\NetworkStoreHostOps.java","0"
"Method","addOrMerge","src\main\java\networktool\storage\network\NetworkStoreHostOps.java","0"
"Method","removeFrom","src\main\java\networktool\storage\network\NetworkStoreHostOps.java","0"
"Method","removeFromAll","src\main\java\networktool\storage\network\NetworkStoreHostOps.java","0"
"Method","updateOs","src\main\java\networktool\storage\network\NetworkStoreHostOps.java","0"
"Method","allMutable","src\main\java\networktool\storage\network\NetworkStoreHostOps.java","0"
"Method","updateNotes","src\main\java\networktool\storage\network\NetworkStoreHostOps.java","0"
"Method","allMutable","src\main\java\networktool\storage\network\NetworkStoreHostOps.java","0"
"Method","findNetwork","src\main\java\networktool\storage\network\NetworkStoreHostOps.java","0"
"Method","allMutable","src\main\java\networktool\storage\network\NetworkStoreHostOps.java","0"
"Method","sorted","src\main\java\networktool\storage\network\NetworkStoreHostOps.java","0"
"Method","ipToInt","src\main\java\networktool\storage\network\NetworkStoreHostOps.java","0"
"Method","NetworkStoreNtfy","src\main\java\networktool\storage\network\NetworkStoreNtfy.java","0"
"Method","loadTopics","src\main\java\networktool\storage\network\NetworkStoreNtfy.java","0"
"Method","saveTopic","src\main\java\networktool\storage\network\NetworkStoreNtfy.java","0"
"Method","NetworkStorePersistence","src\main\java\networktool\storage\network\NetworkStorePersistence.java","0"
"Method","resolveDataDir","src\main\java\networktool\storage\network\NetworkStorePersistence.java","0"
"Method","savedDir","src\main\java\networktool\storage\network\NetworkStorePersistence.java","0"
"Method","loadAll","src\main\java\networktool\storage\network\NetworkStorePersistence.java","0"
"Method","try","src\main\java\networktool\storage\network\NetworkStorePersistence.java","0"
"Method","loadJsonFile","src\main\java\networktool\storage\network\NetworkStorePersistence.java","0"
"Method","saveNetwork","src\main\java\networktool\storage\network\NetworkStorePersistence.java","0"
"Method","saveAllFile","src\main\java\networktool\storage\network\NetworkStorePersistence.java","0"
"Method","loadNtfyTopics","src\main\java\networktool\storage\network\NetworkStorePersistence.java","0"
"Method","saveNtfyTopic","src\main\java\networktool\storage\network\NetworkStorePersistence.java","0"
"Method","extractStr","src\main\java\networktool\storage\network\NetworkStorePersistence.java","0"
"Method","esc","src\main\java\networktool\storage\network\NetworkStorePersistence.java","0"
"Method","stripExt","src\main\java\networktool\storage\network\NetworkStorePersistence.java","0"
"Method","getInstance","src\main\java\networktool\storage\profile\ScanProfileStore.java","0"
"Method","ScanProfileStore","src\main\java\networktool\storage\profile\ScanProfileStore.java","0"
"Method","load","src\main\java\networktool\storage\profile\ScanProfileStore.java","0"
"Method","getAll","src\main\java\networktool\storage\profile\ScanProfileStore.java","0"
"Method","save","src\main\java\networktool\storage\profile\ScanProfileStore.java","0"
"Method","persist","src\main\java\networktool\storage\profile\ScanProfileStore.java","0"
"Method","delete","src\main\java\networktool\storage\profile\ScanProfileStore.java","0"
"Method","updateLastRun","src\main\java\networktool\storage\profile\ScanProfileStore.java","0"
"Method","load","src\main\java\networktool\storage\profile\ScanProfileStore.java","0"
"Method","loadFromJson","src\main\java\networktool\storage\profile\ScanProfileStore.java","0"
"Method","loadFromJson","src\main\java\networktool\storage\profile\ScanProfileStore.java","0"
"Method","persist","src\main\java\networktool\storage\profile\ScanProfileStore.java","0"
"Method","buildJson","src\main\java\networktool\storage\profile\ScanProfileStore.java","0"
"Method","extractObjects","src\main\java\networktool\storage\profile\ScanProfileStore.java","0"
"Method","extractStringArray","src\main\java\networktool\storage\profile\ScanProfileStore.java","0"
"Method","strArray","src\main\java\networktool\storage\profile\ScanProfileStore.java","0"
"Method","intArray","src\main\java\networktool\storage\profile\ScanProfileStore.java","0"
"Method","esc","src\main\java\networktool\storage\profile\ScanProfileStore.java","0"
"Method","nvl","src\main\java\networktool\storage\profile\ScanProfileStore.java","0"
"Method","bg","src\main\java\networktool\theme\GuiColorPalette.java","0"
"Method","panelBg","src\main\java\networktool\theme\GuiColorPalette.java","0"
"Method","sidebarBg","src\main\java\networktool\theme\GuiColorPalette.java","0"
"Method","btnBg","src\main\java\networktool\theme\GuiColorPalette.java","0"
"Method","btnHov","src\main\java\networktool\theme\GuiColorPalette.java","0"
"Method","border","src\main\java\networktool\theme\GuiColorPalette.java","0"
"Method","borderLt","src\main\java\networktool\theme\GuiColorPalette.java","0"
"Method","fg","src\main\java\networktool\theme\GuiColorPalette.java","0"
"Method","fgDim","src\main\java\networktool\theme\GuiColorPalette.java","0"
"Method","rowEven","src\main\java\networktool\theme\GuiColorPalette.java","0"
"Method","rowOdd","src\main\java\networktool\theme\GuiColorPalette.java","0"
"Method","rowSel","src\main\java\networktool\theme\GuiColorPalette.java","0"
"Method","winCol","src\main\java\networktool\theme\GuiColorPalette.java","0"
"Method","linCol","src\main\java\networktool\theme\GuiColorPalette.java","0"
"Method","aplCol","src\main\java\networktool\theme\GuiColorPalette.java","0"
"Method","iosCol","src\main\java\networktool\theme\GuiColorPalette.java","0"
"Method","andCol","src\main\java\networktool\theme\GuiColorPalette.java","0"
"Method","netCol","src\main\java\networktool\theme\GuiColorPalette.java","0"
"Method","prnCol","src\main\java\networktool\theme\GuiColorPalette.java","0"
"Method","iotCol","src\main\java\networktool\theme\GuiColorPalette.java","0"
"Method","rpiCol","src\main\java\networktool\theme\GuiColorPalette.java","0"
"Method","GuiTheme","src\main\java\networktool\theme\GuiTheme.java","0"
"Method","isDark","src\main\java\networktool\theme\GuiTheme.java","0"
"Method","themeName","src\main\java\networktool\theme\GuiTheme.java","0"
"Method","toggleTheme","src\main\java\networktool\theme\GuiTheme.java","0"
"Method","palette","src\main\java\networktool\theme\GuiTheme.java","0"
"Method","bg","src\main\java\networktool\theme\GuiTheme.java","0"
"Method","panelBg","src\main\java\networktool\theme\GuiTheme.java","0"
"Method","sidebarBg","src\main\java\networktool\theme\GuiTheme.java","0"
"Method","btnBg","src\main\java\networktool\theme\GuiTheme.java","0"
"Method","btnHov","src\main\java\networktool\theme\GuiTheme.java","0"
"Method","border","src\main\java\networktool\theme\GuiTheme.java","0"
"Method","borderLt","src\main\java\networktool\theme\GuiTheme.java","0"
"Method","fg","src\main\java\networktool\theme\GuiTheme.java","0"
"Method","fgDim","src\main\java\networktool\theme\GuiTheme.java","0"
"Method","rowEven","src\main\java\networktool\theme\GuiTheme.java","0"
"Method","rowOdd","src\main\java\networktool\theme\GuiTheme.java","0"
"Method","applyToStatics","src\main\java\networktool\theme\GuiTheme.java","0"
"Method","osColor","src\main\java\networktool\theme\GuiTheme.java","0"
"Method","brighter","src\main\java\networktool\theme\GuiTheme.java","0"
"Method","Color","src\main\java\networktool\theme\GuiTheme.java","0"
"Method","GuiThemeDark","src\main\java\networktool\theme\GuiThemeDark.java","0"
"Method","bg","src\main\java\networktool\theme\GuiThemeDark.java","0"
"Method","panelBg","src\main\java\networktool\theme\GuiThemeDark.java","0"
"Method","sidebarBg","src\main\java\networktool\theme\GuiThemeDark.java","0"
"Method","btnBg","src\main\java\networktool\theme\GuiThemeDark.java","0"
"Method","btnHov","src\main\java\networktool\theme\GuiThemeDark.java","0"
"Method","border","src\main\java\networktool\theme\GuiThemeDark.java","0"
"Method","borderLt","src\main\java\networktool\theme\GuiThemeDark.java","0"
"Method","fg","src\main\java\networktool\theme\GuiThemeDark.java","0"
"Method","fgDim","src\main\java\networktool\theme\GuiThemeDark.java","0"
"Method","rowEven","src\main\java\networktool\theme\GuiThemeDark.java","0"
"Method","rowOdd","src\main\java\networktool\theme\GuiThemeDark.java","0"
"Method","rowSel","src\main\java\networktool\theme\GuiThemeDark.java","0"
"Method","winCol","src\main\java\networktool\theme\GuiThemeDark.java","0"
"Method","linCol","src\main\java\networktool\theme\GuiThemeDark.java","0"
"Method","aplCol","src\main\java\networktool\theme\GuiThemeDark.java","0"
"Method","iosCol","src\main\java\networktool\theme\GuiThemeDark.java","0"
"Method","andCol","src\main\java\networktool\theme\GuiThemeDark.java","0"
"Method","netCol","src\main\java\networktool\theme\GuiThemeDark.java","0"
"Method","prnCol","src\main\java\networktool\theme\GuiThemeDark.java","0"
"Method","iotCol","src\main\java\networktool\theme\GuiThemeDark.java","0"
"Method","rpiCol","src\main\java\networktool\theme\GuiThemeDark.java","0"
"Method","GuiThemeLight","src\main\java\networktool\theme\GuiThemeLight.java","0"
"Method","bg","src\main\java\networktool\theme\GuiThemeLight.java","0"
"Method","panelBg","src\main\java\networktool\theme\GuiThemeLight.java","0"
"Method","sidebarBg","src\main\java\networktool\theme\GuiThemeLight.java","0"
"Method","btnBg","src\main\java\networktool\theme\GuiThemeLight.java","0"
"Method","btnHov","src\main\java\networktool\theme\GuiThemeLight.java","0"
"Method","border","src\main\java\networktool\theme\GuiThemeLight.java","0"
"Method","borderLt","src\main\java\networktool\theme\GuiThemeLight.java","0"
"Method","fg","src\main\java\networktool\theme\GuiThemeLight.java","0"
"Method","fgDim","src\main\java\networktool\theme\GuiThemeLight.java","0"
"Method","rowEven","src\main\java\networktool\theme\GuiThemeLight.java","0"
"Method","rowOdd","src\main\java\networktool\theme\GuiThemeLight.java","0"
"Method","rowSel","src\main\java\networktool\theme\GuiThemeLight.java","0"
"Method","winCol","src\main\java\networktool\theme\GuiThemeLight.java","0"
"Method","linCol","src\main\java\networktool\theme\GuiThemeLight.java","0"
"Method","aplCol","src\main\java\networktool\theme\GuiThemeLight.java","0"
"Method","iosCol","src\main\java\networktool\theme\GuiThemeLight.java","0"
"Method","andCol","src\main\java\networktool\theme\GuiThemeLight.java","0"
"Method","netCol","src\main\java\networktool\theme\GuiThemeLight.java","0"
"Method","prnCol","src\main\java\networktool\theme\GuiThemeLight.java","0"
"Method","iotCol","src\main\java\networktool\theme\GuiThemeLight.java","0"
"Method","rpiCol","src\main\java\networktool\theme\GuiThemeLight.java","0"
"Method","Color","src\main\java\networktool\theme\GuiThemePalette.java","0"
"Method","Color","src\main\java\networktool\theme\GuiThemePalette.java","0"
"Method","BandwidthHttpProbe","src\main\java\networktool\transfer\BandwidthHttpProbe.java","0"
"Method","Result","src\main\java\networktool\transfer\BandwidthHttpProbe.java","0"
"Method","fail","src\main\java\networktool\transfer\BandwidthHttpProbe.java","0"
"Method","download","src\main\java\networktool\transfer\BandwidthHttpProbe.java","0"
"Method","upload","src\main\java\networktool\transfer\BandwidthHttpProbe.java","0"
"Method","tryDownload","src\main\java\networktool\transfer\BandwidthHttpProbe.java","0"
"Method","drain","src\main\java\networktool\transfer\BandwidthHttpProbe.java","0"
"Method","tryUpload","src\main\java\networktool\transfer\BandwidthHttpProbe.java","0"
"Method","try","src\main\java\networktool\transfer\BandwidthHttpProbe.java","0"
"Method","randomBuffer","src\main\java\networktool\transfer\BandwidthHttpProbe.java","0"
"Method","Random","src\main\java\networktool\transfer\BandwidthHttpProbe.java","0"
"Method","open","src\main\java\networktool\transfer\BandwidthHttpProbe.java","0"
"Method","candidateDownloadUrls","src\main\java\networktool\transfer\BandwidthHttpProbe.java","0"
"Method","candidateUploadUrls","src\main\java\networktool\transfer\BandwidthHttpProbe.java","0"
"Method","toMbps","src\main\java\networktool\transfer\BandwidthHttpProbe.java","0"
"Method","BandwidthTester","src\main\java\networktool\transfer\BandwidthTester.java","0"
"Method","testBoth","src\main\java\networktool\transfer\BandwidthTester.java","0"
"Method","testDownload","src\main\java\networktool\transfer\BandwidthTester.java","0"
"Method","testUpload","src\main\java\networktool\transfer\BandwidthTester.java","0"
"Method","FileClient","src\main\java\networktool\transfer\FileClient.java","0"
"Method","sendFile","src\main\java\networktool\transfer\FileClient.java","0"
"Method","try","src\main\java\networktool\transfer\FileClient.java","0"
"Method","FileReceiver","src\main\java\networktool\transfer\FileReceiver.java","0"
"Method","receive","src\main\java\networktool\transfer\FileReceiver.java","0"
"Method","Thread","src\main\java\networktool\transfer\FileReceiver.java","0"
"Method","handleConnection","src\main\java\networktool\transfer\FileReceiver.java","0"
"Method","try","src\main\java\networktool\transfer\FileReceiver.java","0"
"Method","saveFile","src\main\java\networktool\transfer\FileReceiver.java","0"
"Method","saveFile","src\main\java\networktool\transfer\FileReceiver.java","0"
"Method","try","src\main\java\networktool\transfer\FileReceiver.java","0"
"Method","FileServer","src\main\java\networktool\transfer\FileServer.java","0"
"Method","start","src\main\java\networktool\transfer\FileServer.java","0"
"Method","Thread","src\main\java\networktool\transfer\FileServer.java","0"
"Method","acceptLoop","src\main\java\networktool\transfer\FileServer.java","0"
"Method","try","src\main\java\networktool\transfer\FileServer.java","0"
"Method","LatencyProbe","src\main\java\networktool\transfer\LatencyProbe.java","0"
"Method","Result","src\main\java\networktool\transfer\LatencyProbe.java","0"
"Method","fail","src\main\java\networktool\transfer\LatencyProbe.java","0"
"Method","measure","src\main\java\networktool\transfer\LatencyProbe.java","0"
"Method","Result","src\main\java\networktool\transfer\LatencyProbe.java","0"
"Method","firstOpenPort","src\main\java\networktool\transfer\LatencyProbe.java","0"
"Method","connectTime","src\main\java\networktool\transfer\LatencyProbe.java","0"
"Method","try","src\main\java\networktool\transfer\LatencyProbe.java","0"
"Method","jitter","src\main\java\networktool\transfer\LatencyProbe.java","0"
"Method","AppIcon","src\main\java\networktool\util\AppIcon.java","0"
"Method","apply","src\main\java\networktool\util\AppIcon.java","0"
"Method","loadFromClasspath","src\main\java\networktool\util\AppIcon.java","0"
"Method","try","src\main\java\networktool\util\AppIcon.java","0"
"Method","readIco","src\main\java\networktool\util\AppIcon.java","0"
"Method","loadFromFile","src\main\java\networktool\util\AppIcon.java","0"
"Method","readIco","src\main\java\networktool\util\AppIcon.java","0"
"Method","decodeBmpDib","src\main\java\networktool\util\AppIcon.java","0"
"Method","decodeBmpDib","src\main\java\networktool\util\AppIcon.java","0"
"Method","ButtonFactory","src\main\java\networktool\util\ButtonFactory.java","0"
"Method","action","src\main\java\networktool\util\ButtonFactory.java","0"
"Method","icon","src\main\java\networktool\util\ButtonFactory.java","0"
"Method","link","src\main\java\networktool\util\ButtonFactory.java","0"
"Method","mouseEntered","src\main\java\networktool\util\ButtonFactory.java","0"
"Method","mouseExited","src\main\java\networktool\util\ButtonFactory.java","0"
"Method","terminal","src\main\java\networktool\util\ButtonFactory.java","0"
"Method","hoverListener","src\main\java\networktool\util\ButtonFactory.java","0"
"Method","MouseAdapter","src\main\java\networktool\util\ButtonFactory.java","0"
"Method","mouseEntered","src\main\java\networktool\util\ButtonFactory.java","0"
"Method","mouseExited","src\main\java\networktool\util\ButtonFactory.java","0"
"Method","CIDRUtils","src\main\java\networktool\util\CIDRUtils.java","0"
"Method","getAllIPs","src\main\java\networktool\util\CIDRUtils.java","0"
"Method","getSubnet24Prefixes","src\main\java\networktool\util\CIDRUtils.java","0"
"Method","ipToInt","src\main\java\networktool\util\CIDRUtils.java","0"
"Method","intToIp","src\main\java\networktool\util\CIDRUtils.java","0"
"Method","return","src\main\java\networktool\util\CIDRUtils.java","0"
"Method","subnet24String","src\main\java\networktool\util\CIDRUtils.java","0"
"Method","return","src\main\java\networktool\util\CIDRUtils.java","0"
"Method","ContextMenuActions","src\main\java\networktool\util\ContextMenuActions.java","0"
"Method","sendWakeOnLan","src\main\java\networktool\util\ContextMenuActions.java","0"
"Method","promptAndSendMessage","src\main\java\networktool\util\ContextMenuActions.java","0"
"Method","IpValidator","src\main\java\networktool\util\IpValidator.java","0"
"Method","isValidIpv4","src\main\java\networktool\util\IpValidator.java","0"
"Method","isValidCidr","src\main\java\networktool\util\IpValidator.java","0"
"Method","isValidHostname","src\main\java\networktool\util\IpValidator.java","0"
"Method","isResolvable","src\main\java\networktool\util\IpValidator.java","0"
"Method","sanitize","src\main\java\networktool\util\IpValidator.java","0"
"Method","PlatformSupport","src\main\java\networktool\util\PlatformSupport.java","0"
"Method","isWindows","src\main\java\networktool\util\PlatformSupport.java","0"
"Method","isMac","src\main\java\networktool\util\PlatformSupport.java","0"
"Method","isLinux","src\main\java\networktool\util\PlatformSupport.java","0"
"Method","isSafeIp","src\main\java\networktool\util\PlatformSupport.java","0"
"Method","isSafeInterface","src\main\java\networktool\util\PlatformSupport.java","0"
"Method","isSafeMac","src\main\java\networktool\util\PlatformSupport.java","0"
"Method","isSafeCidr","src\main\java\networktool\util\PlatformSupport.java","0"
"Method","isSafeHostname","src\main\java\networktool\util\PlatformSupport.java","0"
"Method","isSafeSubnetPrefix","src\main\java\networktool\util\PlatformSupport.java","0"
"Method","requireSafeIp","src\main\java\networktool\util\PlatformSupport.java","0"
"Method","requireSafeInterface","src\main\java\networktool\util\PlatformSupport.java","0"
"Method","requireSafeMac","src\main\java\networktool\util\PlatformSupport.java","0"
"Method","requireSafeSubnetPrefix","src\main\java\networktool\util\PlatformSupport.java","0"
"Method","escapePowerShell","src\main\java\networktool\util\PlatformSupport.java","0"
"Method","escapeSshArg","src\main\java\networktool\util\PlatformSupport.java","0"
"Method","PlatformUtils","src\main\java\networktool\util\PlatformUtils.java","0"
"Method","isWindows","src\main\java\networktool\util\PlatformUtils.java","0"
"Method","isMac","src\main\java\networktool\util\PlatformUtils.java","0"
"Method","isLinux","src\main\java\networktool\util\PlatformUtils.java","0"
"Method","isSafeIp","src\main\java\networktool\util\PlatformUtils.java","0"
"Method","isSafeInterface","src\main\java\networktool\util\PlatformUtils.java","0"
"Method","isSafeMac","src\main\java\networktool\util\PlatformUtils.java","0"
"Method","isSafeCidr","src\main\java\networktool\util\PlatformUtils.java","0"
"Method","isSafeHostname","src\main\java\networktool\util\PlatformUtils.java","0"
"Method","isSafeSubnetPrefix","src\main\java\networktool\util\PlatformUtils.java","0"
"Method","requireSafeIp","src\main\java\networktool\util\PlatformUtils.java","0"
"Method","requireSafeInterface","src\main\java\networktool\util\PlatformUtils.java","0"
"Method","requireSafeMac","src\main\java\networktool\util\PlatformUtils.java","0"
"Method","requireSafeSubnetPrefix","src\main\java\networktool\util\PlatformUtils.java","0"
"Method","escapePowerShell","src\main\java\networktool\util\PlatformUtils.java","0"
"Method","escapeSshArg","src\main\java\networktool\util\PlatformUtils.java","0"
"Method","SafeCommand","src\main\java\networktool\util\SafeCommand.java","0"
"Method","of","src\main\java\networktool\util\SafeCommand.java","0"
"Method","raw","src\main\java\networktool\util\SafeCommand.java","0"
"Method","iface","src\main\java\networktool\util\SafeCommand.java","0"
"Method","ip","src\main\java\networktool\util\SafeCommand.java","0"
"Method","mac","src\main\java\networktool\util\SafeCommand.java","0"
"Method","build","src\main\java\networktool\util\SafeCommand.java","0"
"Method","exec","src\main\java\networktool\util\SafeCommand.java","0"
"Method","StatusTags","src\main\java\networktool\util\StatusTags.java","0"
"Method","TableConfig","src\main\java\networktool\util\TableConfig.java","0"
"Method","buildTable","src\main\java\networktool\util\TableConfig.java","0"
"Method","prepareRenderer","src\main\java\networktool\util\TableConfig.java","0"
"Method","applyBaseStyle","src\main\java\networktool\util\TableConfig.java","0"
"Method","buildSavedTable","src\main\java\networktool\util\TableConfig.java","0"
"Method","isCellEditable","src\main\java\networktool\util\TableConfig.java","0"
"Method","prepareRenderer","src\main\java\networktool\util\TableConfig.java","0"
"Method","applyBaseStyle","src\main\java\networktool\util\TableConfig.java","0"
"Method","buildSavedTableAll","src\main\java\networktool\util\TableConfig.java","0"
"Method","isCellEditable","src\main\java\networktool\util\TableConfig.java","0"
"Method","prepareRenderer","src\main\java\networktool\util\TableConfig.java","0"
"Method","applyBaseStyle","src\main\java\networktool\util\TableConfig.java","0"
"Method","applyBaseStyle","src\main\java\networktool\util\TableConfig.java","0"
"Method","applyColumnWidths","src\main\java\networktool\util\TableConfig.java","0"
"Method","styleHeader","src\main\java\networktool\util\TableConfig.java","0"
"Method","applyColumnWidths","src\main\java\networktool\util\TableConfig.java","0"
"Method","styleHeader","src\main\java\networktool\util\TableConfig.java","0"
"Method","preferredHeight","src\main\java\networktool\util\TableConfig.java","0"
"Method","styledEditor","src\main\java\networktool\util\TableConfig.java","0"
"Method","setup","test\main\java\networktool\MainTest.java","0"
"Method","teardown","test\main\java\networktool\MainTest.java","0"
"Method","auditLogger_init_doesNotThrow","test\main\java\networktool\MainTest.java","0"
"Method","assertDoesNotThrow","test\main\java\networktool\MainTest.java","0"
"Method","userAuth_init_doesNotThrow","test\main\java\networktool\MainTest.java","0"
"Method","assertDoesNotThrow","test\main\java\networktool\MainTest.java","0"
"Method","storageLocationsResolver_resolveDataDir_notNull","test\main\java\networktool\MainTest.java","0"
"Method","assertNotNull","test\main\java\networktool\MainTest.java","0"
"Method","mainClass_hasMainMethod","test\main\java\networktool\MainTest.java","0"
"Method","assertNotNull","test\main\java\networktool\MainTest.java","0"
"Method","isCliMode_methodDoesNotExist","test\main\java\networktool\MainTest.java","0"
"Method","assertFalse","test\main\java\networktool\MainTest.java","0"
"Method","cliLogin_methodDoesNotExist","test\main\java\networktool\MainTest.java","0"
"Method","assertFalse","test\main\java\networktool\MainTest.java","0"
"Method","headless","test\main\java\networktool\gui\components\TrafficSpectrogramRendererTest.java","0"
"Method","graphics","test\main\java\networktool\gui\components\TrafficSpectrogramRendererTest.java","0"
"Method","BufferedImage","test\main\java\networktool\gui\components\TrafficSpectrogramRendererTest.java","0"
"Method","paint_emptyList_doesNotThrow","test\main\java\networktool\gui\components\TrafficSpectrogramRendererTest.java","0"
"Method","assertDoesNotThrow","test\main\java\networktool\gui\components\TrafficSpectrogramRendererTest.java","0"
"Method","paint_singleSample_doesNotThrow","test\main\java\networktool\gui\components\TrafficSpectrogramRendererTest.java","0"
"Method","assertDoesNotThrow","test\main\java\networktool\gui\components\TrafficSpectrogramRendererTest.java","0"
"Method","paint_multipleSamples_doesNotThrow","test\main\java\networktool\gui\components\TrafficSpectrogramRendererTest.java","0"
"Method","TrafficSample","test\main\java\networktool\gui\components\TrafficSpectrogramRendererTest.java","0"
"Method","assertDoesNotThrow","test\main\java\networktool\gui\components\TrafficSpectrogramRendererTest.java","0"
"Method","paint_zeroWidthHeight_doesNotThrow","test\main\java\networktool\gui\components\TrafficSpectrogramRendererTest.java","0"
"Method","assertDoesNotThrow","test\main\java\networktool\gui\components\TrafficSpectrogramRendererTest.java","0"
"Method","paint_allZeroDeltas_doesNotThrow","test\main\java\networktool\gui\components\TrafficSpectrogramRendererTest.java","0"
"Method","assertDoesNotThrow","test\main\java\networktool\gui\components\TrafficSpectrogramRendererTest.java","0"
"Method","paint_highTrafficLevel_doesNotThrow","test\main\java\networktool\gui\components\TrafficSpectrogramRendererTest.java","0"
"Method","assertDoesNotThrow","test\main\java\networktool\gui\components\TrafficSpectrogramRendererTest.java","0"
"Method","paint_largeSampleList_doesNotThrow","test\main\java\networktool\gui\components\TrafficSpectrogramRendererTest.java","0"
"Method","assertDoesNotThrow","test\main\java\networktool\gui\components\TrafficSpectrogramRendererTest.java","0"
"Method","headless","test\main\java\networktool\gui\components\TrafficWaveformRendererTest.java","0"
"Method","graphics","test\main\java\networktool\gui\components\TrafficWaveformRendererTest.java","0"
"Method","BufferedImage","test\main\java\networktool\gui\components\TrafficWaveformRendererTest.java","0"
"Method","paint_emptyList_doesNotThrow","test\main\java\networktool\gui\components\TrafficWaveformRendererTest.java","0"
"Method","assertDoesNotThrow","test\main\java\networktool\gui\components\TrafficWaveformRendererTest.java","0"
"Method","paint_singleSample_doesNotThrow","test\main\java\networktool\gui\components\TrafficWaveformRendererTest.java","0"
"Method","assertDoesNotThrow","test\main\java\networktool\gui\components\TrafficWaveformRendererTest.java","0"
"Method","paint_multipleSamples_doesNotThrow","test\main\java\networktool\gui\components\TrafficWaveformRendererTest.java","0"
"Method","TrafficSample","test\main\java\networktool\gui\components\TrafficWaveformRendererTest.java","0"
"Method","assertDoesNotThrow","test\main\java\networktool\gui\components\TrafficWaveformRendererTest.java","0"
"Method","paint_zeroWidthHeight_doesNotThrow","test\main\java\networktool\gui\components\TrafficWaveformRendererTest.java","0"
"Method","assertDoesNotThrow","test\main\java\networktool\gui\components\TrafficWaveformRendererTest.java","0"
"Method","paint_belowMinScale_doesNotOverflowBar","test\main\java\networktool\gui\components\TrafficWaveformRendererTest.java","0"
"Method","assertDoesNotThrow","test\main\java\networktool\gui\components\TrafficWaveformRendererTest.java","0"
"Method","paint_allNegativeOrZeroDeltas_doesNotThrow","test\main\java\networktool\gui\components\TrafficWaveformRendererTest.java","0"
"Method","assertDoesNotThrow","test\main\java\networktool\gui\components\TrafficWaveformRendererTest.java","0"
"Method","paint_largeSampleList_doesNotThrow","test\main\java\networktool\gui\components\TrafficWaveformRendererTest.java","0"
"Method","assertDoesNotThrow","test\main\java\networktool\gui\components\TrafficWaveformRendererTest.java","0"
"Method","trafficSample_fieldsAccessible","test\main\java\networktool\gui\components\TrafficWaveformRendererTest.java","0"
"Method","assertEquals","test\main\java\networktool\gui\components\TrafficWaveformRendererTest.java","0"
"Method","assertEquals","test\main\java\networktool\gui\components\TrafficWaveformRendererTest.java","0"
"Method","assertEquals","test\main\java\networktool\gui\components\TrafficWaveformRendererTest.java","0"
"Method","headless","test\main\java\networktool\gui\components\scan\GuiTrafficSpectrogramActionsTest.java","0"
"Method","setup","test\main\java\networktool\gui\components\scan\GuiTrafficSpectrogramActionsTest.java","0"
"Method","teardown","test\main\java\networktool\gui\components\scan\GuiTrafficSpectrogramActionsTest.java","0"
"Method","toggle_whenInactive_doesNotThrow_andDoesNotAutoStart","test\main\java\networktool\gui\components\scan\GuiTrafficSpectrogramActionsTest.java","0"
"Method","assertDoesNotThrow","test\main\java\networktool\gui\components\scan\GuiTrafficSpectrogramActionsTest.java","0"
"Method","assertFalse","test\main\java\networktool\gui\components\scan\GuiTrafficSpectrogramActionsTest.java","0"
"Method","toggle_whenActive_stopsVisualizer","test\main\java\networktool\gui\components\scan\GuiTrafficSpectrogramActionsTest.java","0"
"Method","assertTrue","test\main\java\networktool\gui\components\scan\GuiTrafficSpectrogramActionsTest.java","0"
"Method","assertFalse","test\main\java\networktool\gui\components\scan\GuiTrafficSpectrogramActionsTest.java","0"
"Method","toggle_whenActive_doesNotThrow","test\main\java\networktool\gui\components\scan\GuiTrafficSpectrogramActionsTest.java","0"
"Method","assertDoesNotThrow","test\main\java\networktool\gui\components\scan\GuiTrafficSpectrogramActionsTest.java","0"
"Method","startWithInterface_setsActiveAndInterface","test\main\java\networktool\gui\components\scan\GuiTrafficSpectrogramActionsTest.java","0"
"Method","assertTrue","test\main\java\networktool\gui\components\scan\GuiTrafficSpectrogramActionsTest.java","0"
"Method","assertEquals","test\main\java\networktool\gui\components\scan\GuiTrafficSpectrogramActionsTest.java","0"
"Method","startWithInterface_doesNotThrow","test\main\java\networktool\gui\components\scan\GuiTrafficSpectrogramActionsTest.java","0"
"Method","assertDoesNotThrow","test\main\java\networktool\gui\components\scan\GuiTrafficSpectrogramActionsTest.java","0"
"Method","startWithInterface_embedsPanel_doesNotThrowEvenTwice","test\main\java\networktool\gui\components\scan\GuiTrafficSpectrogramActionsTest.java","0"
"Method","headless","test\main\java\networktool\gui\components\scan\GuiTrafficVisualizerActionsTest.java","0"
"Method","setup","test\main\java\networktool\gui\components\scan\GuiTrafficVisualizerActionsTest.java","0"
"Method","teardown","test\main\java\networktool\gui\components\scan\GuiTrafficVisualizerActionsTest.java","0"
"Method","toggle_whenInactive_doesNotThrow_andDoesNotAutoStart","test\main\java\networktool\gui\components\scan\GuiTrafficVisualizerActionsTest.java","0"
"Method","assertDoesNotThrow","test\main\java\networktool\gui\components\scan\GuiTrafficVisualizerActionsTest.java","0"
"Method","assertFalse","test\main\java\networktool\gui\components\scan\GuiTrafficVisualizerActionsTest.java","0"
"Method","toggle_whenActive_stopsVisualizer","test\main\java\networktool\gui\components\scan\GuiTrafficVisualizerActionsTest.java","0"
"Method","assertTrue","test\main\java\networktool\gui\components\scan\GuiTrafficVisualizerActionsTest.java","0"
"Method","assertFalse","test\main\java\networktool\gui\components\scan\GuiTrafficVisualizerActionsTest.java","0"
"Method","toggle_whenActive_doesNotThrow","test\main\java\networktool\gui\components\scan\GuiTrafficVisualizerActionsTest.java","0"
"Method","assertDoesNotThrow","test\main\java\networktool\gui\components\scan\GuiTrafficVisualizerActionsTest.java","0"
"Method","startWithInterface_setsActiveAndInterface","test\main\java\networktool\gui\components\scan\GuiTrafficVisualizerActionsTest.java","0"
"Method","assertTrue","test\main\java\networktool\gui\components\scan\GuiTrafficVisualizerActionsTest.java","0"
"Method","assertEquals","test\main\java\networktool\gui\components\scan\GuiTrafficVisualizerActionsTest.java","0"
"Method","startWithInterface_doesNotThrow","test\main\java\networktool\gui\components\scan\GuiTrafficVisualizerActionsTest.java","0"
"Method","assertDoesNotThrow","test\main\java\networktool\gui\components\scan\GuiTrafficVisualizerActionsTest.java","0"
"Method","startWithInterface_embedsPanel_doesNotThrowEvenTwice","test\main\java\networktool\gui\components\scan\GuiTrafficVisualizerActionsTest.java","0"
"Method","host","test\main\java\networktool\gui\components\table\SearchResultRowTest.java","0"
"Method","matchesByIp","test\main\java\networktool\gui\components\table\SearchResultRowTest.java","0"
"Method","assertTrue","test\main\java\networktool\gui\components\table\SearchResultRowTest.java","0"
"Method","matchesByHostnameCaseInsensitive","test\main\java\networktool\gui\components\table\SearchResultRowTest.java","0"
"Method","assertTrue","test\main\java\networktool\gui\components\table\SearchResultRowTest.java","0"
"Method","matchesByOs","test\main\java\networktool\gui\components\table\SearchResultRowTest.java","0"
"Method","assertTrue","test\main\java\networktool\gui\components\table\SearchResultRowTest.java","0"
"Method","matchesByNotes","test\main\java\networktool\gui\components\table\SearchResultRowTest.java","0"
"Method","assertTrue","test\main\java\networktool\gui\components\table\SearchResultRowTest.java","0"
"Method","noMatchReturnsFalse","test\main\java\networktool\gui\components\table\SearchResultRowTest.java","0"
"Method","assertFalse","test\main\java\networktool\gui\components\table\SearchResultRowTest.java","0"
"Method","nullFieldsDoNotThrow","test\main\java\networktool\gui\components\table\SearchResultRowTest.java","0"
"Method","assertFalse","test\main\java\networktool\gui\components\table\SearchResultRowTest.java","0"
"Method","dispatch_registeredId_runsActionAndReturnsTrue","test\main\java\networktool\gui\core\GuiMenuRegistryTest.java","0"
"Method","assertTrue","test\main\java\networktool\gui\core\GuiMenuRegistryTest.java","0"
"Method","assertEquals","test\main\java\networktool\gui\core\GuiMenuRegistryTest.java","0"
"Method","dispatch_unknownId_returnsFalse_doesNotThrow","test\main\java\networktool\gui\core\GuiMenuRegistryTest.java","0"
"Method","assertFalse","test\main\java\networktool\gui\core\GuiMenuRegistryTest.java","0"
"Method","contains_reflectsRegisteredIds","test\main\java\networktool\gui\core\GuiMenuRegistryTest.java","0"
"Method","assertFalse","test\main\java\networktool\gui\core\GuiMenuRegistryTest.java","0"
"Method","assertTrue","test\main\java\networktool\gui\core\GuiMenuRegistryTest.java","0"
"Method","register_sameId_overwritesPrevious","test\main\java\networktool\gui\core\GuiMenuRegistryTest.java","0"
"Method","assertEquals","test\main\java\networktool\gui\core\GuiMenuRegistryTest.java","0"
"Method","assertEquals","test\main\java\networktool\gui\core\GuiMenuRegistryTest.java","0"
"Method","size_reflectsDistinctRegistrations","test\main\java\networktool\gui\core\GuiMenuRegistryTest.java","0"
"Method","assertEquals","test\main\java\networktool\gui\core\GuiMenuRegistryTest.java","0"
"Method","dispatch_propagatesRuntimeExceptionFromAction","test\main\java\networktool\gui\core\GuiMenuRegistryTest.java","0"
"Method","assertThrows","test\main\java\networktool\gui\core\GuiMenuRegistryTest.java","0"
"Method","realMenuHandler_registersAllExpectedIds","test\main\java\networktool\gui\core\GuiMenuRegistryTest.java","0"
"Method","assertDoesNotThrow","test\main\java\networktool\gui\core\GuiMenuRegistryTest.java","0"
"Method","headless","test\main\java\networktool\gui\core\GuiWindowActionsTest.java","0"
"Method","enterFullscreen_nullMonitor_doesNotThrow","test\main\java\networktool\gui\core\GuiWindowActionsTest.java","0"
"Method","assertDoesNotThrow","test\main\java\networktool\gui\core\GuiWindowActionsTest.java","0"
"Method","enterFullscreen_setsUndecorated","test\main\java\networktool\gui\core\GuiWindowActionsTest.java","0"
"Method","assertTrue","test\main\java\networktool\gui\core\GuiWindowActionsTest.java","0"
"Method","installWindowClose_doesNotThrow","test\main\java\networktool\gui\core\GuiWindowActionsTest.java","0"
"Method","installWindowClose_registersListener","test\main\java\networktool\gui\core\GuiWindowActionsTest.java","0"
"Method","assertTrue","test\main\java\networktool\gui\core\GuiWindowActionsTest.java","0"
"Method","installKeyboardShortcuts_doesNotThrow","test\main\java\networktool\gui\core\GuiWindowActionsTest.java","0"
"Method","GuiInputPanel","test\main\java\networktool\gui\core\GuiWindowActionsTest.java","0"
"Method","clearState","test\main\java\networktool\gui\map\GuiNetworkMapTest.java","0"
"Method","switchStore_add_contains","test\main\java\networktool\gui\map\GuiNetworkMapTest.java","0"
"Method","switchStore_remove","test\main\java\networktool\gui\map\GuiNetworkMapTest.java","0"
"Method","switchStore_clear","test\main\java\networktool\gui\map\GuiNetworkMapTest.java","0"
"Method","endDevice_windows","test\main\java\networktool\gui\map\GuiNetworkMapTest.java","0"
"Method","endDevice_android","test\main\java\networktool\gui\map\GuiNetworkMapTest.java","0"
"Method","endDevice_linux","test\main\java\networktool\gui\map\GuiNetworkMapTest.java","0"
"Method","endDevice_macos","test\main\java\networktool\gui\map\GuiNetworkMapTest.java","0"
"Method","endDevice_raspberry","test\main\java\networktool\gui\map\GuiNetworkMapTest.java","0"
"Method","notEndDevice_unknown","test\main\java\networktool\gui\map\GuiNetworkMapTest.java","0"
"Method","notEndDevice_switch","test\main\java\networktool\gui\map\GuiNetworkMapTest.java","0"
"Method","keyword_router_os","test\main\java\networktool\gui\map\GuiNetworkMapTest.java","0"
"Method","keyword_fritz_hn","test\main\java\networktool\gui\map\GuiNetworkMapTest.java","0"
"Method","keyword_sw_dash","test\main\java\networktool\gui\map\GuiNetworkMapTest.java","0"
"Method","keyword_no_match","test\main\java\networktool\gui\map\GuiNetworkMapTest.java","0"
"Method","keyword_null_safe","test\main\java\networktool\gui\map\GuiNetworkMapTest.java","0"
"Method","oui_cisco_colon","test\main\java\networktool\gui\map\GuiNetworkMapTest.java","0"
"Method","oui_hp_procurve","test\main\java\networktool\gui\map\GuiNetworkMapTest.java","0"
"Method","oui_dash_format","test\main\java\networktool\gui\map\GuiNetworkMapTest.java","0"
"Method","oui_unknown_mac","test\main\java\networktool\gui\map\GuiNetworkMapTest.java","0"
"Method","oui_no_bracket","test\main\java\networktool\gui\map\GuiNetworkMapTest.java","0"
"Method","oui_null","test\main\java\networktool\gui\map\GuiNetworkMapTest.java","0"
"Method","subnet24_normal","test\main\java\networktool\gui\map\GuiNetworkMapTest.java","0"
"Method","subnet24_null","test\main\java\networktool\gui\map\GuiNetworkMapTest.java","0"
"Method","lastOctet_normal","test\main\java\networktool\gui\map\GuiNetworkMapTest.java","0"
"Method","lastOctet_null","test\main\java\networktool\gui\map\GuiNetworkMapTest.java","0"
"Method","classify_manual_switch","test\main\java\networktool\gui\map\GuiNetworkMapTest.java","0"
"Method","assertEquals","test\main\java\networktool\gui\map\GuiNetworkMapTest.java","0"
"Method","classify_keyword_switch","test\main\java\networktool\gui\map\GuiNetworkMapTest.java","0"
"Method","assertEquals","test\main\java\networktool\gui\map\GuiNetworkMapTest.java","0"
"Method","findUpstream_intermediate_hop","test\main\java\networktool\gui\map\GuiNetworkMapTest.java","0"
"Method","assertEquals","test\main\java\networktool\gui\map\GuiNetworkMapTest.java","0"
"Method","findUpstream_direct_returns_null","test\main\java\networktool\gui\map\GuiNetworkMapTest.java","0"
"Method","assertNull","test\main\java\networktool\gui\map\GuiNetworkMapTest.java","0"
"Method","findUpstream_empty_returns_null","test\main\java\networktool\gui\map\GuiNetworkMapTest.java","0"
"Method","assertNull","test\main\java\networktool\gui\map\GuiNetworkMapTest.java","0"
"Method","findUpstream_timeout_skipped","test\main\java\networktool\gui\map\GuiNetworkMapTest.java","0"
"Method","assertNull","test\main\java\networktool\gui\map\GuiNetworkMapTest.java","0"
"Method","hopDiscovery_doesNotThrow","test\main\java\networktool\gui\map\GuiNetworkMapTest.java","0"
"Method","assertDoesNotThrow","test\main\java\networktool\gui\map\GuiNetworkMapTest.java","0"
"Method","hopParent_put_get","test\main\java\networktool\gui\map\GuiNetworkMapTest.java","0"
"Method","assertEquals","test\main\java\networktool\gui\map\GuiNetworkMapTest.java","0"
"Method","hopParent_missing_null","test\main\java\networktool\gui\map\GuiNetworkMapTest.java","0"
"Method","assertNull","test\main\java\networktool\gui\map\GuiNetworkMapTest.java","0"
"Method","headless","test\main\java\networktool\gui\map\MapContextMenuTest.java","0"
"Method","show_doesNotThrowHeadless","test\main\java\networktool\gui\map\MapContextMenuTest.java","0"
"Method","endDeviceOsListIsNotEmptyAndLowercase","test\main\java\networktool\gui\map\MapDeviceSignaturesTest.java","0"
"Method","assertFalse","test\main\java\networktool\gui\map\MapDeviceSignaturesTest.java","0"
"Method","endDeviceHostnameListContainsCommonPhoneModels","test\main\java\networktool\gui\map\MapDeviceSignaturesTest.java","0"
"Method","assertTrue","test\main\java\networktool\gui\map\MapDeviceSignaturesTest.java","0"
"Method","assertTrue","test\main\java\networktool\gui\map\MapDeviceSignaturesTest.java","0"
"Method","assertTrue","test\main\java\networktool\gui\map\MapDeviceSignaturesTest.java","0"
"Method","switchOuisAreValidFormat","test\main\java\networktool\gui\map\MapDeviceSignaturesTest.java","0"
"Method","assertFalse","test\main\java\networktool\gui\map\MapDeviceSignaturesTest.java","0"
"Method","portSetsDoNotOverlap","test\main\java\networktool\gui\map\MapDeviceSignaturesTest.java","0"
"Method","dnsAndDhcpPortsArePresent","test\main\java\networktool\gui\map\MapDeviceSignaturesTest.java","0"
"Method","assertTrue","test\main\java\networktool\gui\map\MapDeviceSignaturesTest.java","0"
"Method","assertTrue","test\main\java\networktool\gui\map\MapDeviceSignaturesTest.java","0"
"Method","enableTestMode","test\main\java\networktool\gui\map\MapEdgeBuilderTest.java","0"
"Method","disableTestMode","test\main\java\networktool\gui\map\MapEdgeBuilderTest.java","0"
"Method","node","test\main\java\networktool\gui\map\MapEdgeBuilderTest.java","0"
"Method","cleanup","test\main\java\networktool\gui\map\MapEdgeBuilderTest.java","0"
"Method","nullGatewayYieldsNoEdges","test\main\java\networktool\gui\map\MapEdgeBuilderTest.java","0"
"Method","assertTrue","test\main\java\networktool\gui\map\MapEdgeBuilderTest.java","0"
"Method","hostWithoutSwitchConnectsToGateway","test\main\java\networktool\gui\map\MapEdgeBuilderTest.java","0"
"Method","assertEquals","test\main\java\networktool\gui\map\MapEdgeBuilderTest.java","0"
"Method","assertSame","test\main\java\networktool\gui\map\MapEdgeBuilderTest.java","0"
"Method","assertSame","test\main\java\networktool\gui\map\MapEdgeBuilderTest.java","0"
"Method","assertEquals","test\main\java\networktool\gui\map\MapEdgeBuilderTest.java","0"
"Method","selfNodeGetsSelfLinkEdge","test\main\java\networktool\gui\map\MapEdgeBuilderTest.java","0"
"Method","assertTrue","test\main\java\networktool\gui\map\MapEdgeBuilderTest.java","0"
"Method","switchesUplinkToGateway","test\main\java\networktool\gui\map\MapEdgeBuilderTest.java","0"
"Method","assertTrue","test\main\java\networktool\gui\map\MapEdgeBuilderTest.java","0"
"Method","hostInSameSubnetAsSwitchConnectsToSwitch","test\main\java\networktool\gui\map\MapEdgeBuilderTest.java","0"
"Method","assertSame","test\main\java\networktool\gui\map\MapEdgeBuilderTest.java","0"
"Method","hopParentCreatesIntermediateSwitchNode","test\main\java\networktool\gui\map\MapEdgeBuilderTest.java","0"
"Method","assertTrue","test\main\java\networktool\gui\map\MapEdgeBuilderTest.java","0"
"Method","assertEquals","test\main\java\networktool\gui\map\MapEdgeBuilderTest.java","0"
"Method","manuallyMarkedSwitchIsPreferredOverNearestByOctet","test\main\java\networktool\gui\map\MapEdgeBuilderTest.java","0"
"Method","assertSame","test\main\java\networktool\gui\map\MapEdgeBuilderTest.java","0"
"Method","headless","test\main\java\networktool\gui\map\MapLegendTest.java","0"
"Method","build_returnsPanel","test\main\java\networktool\gui\map\MapLegendTest.java","0"
"Method","build_hasChildren","test\main\java\networktool\gui\map\MapLegendTest.java","0"
"Method","node","test\main\java\networktool\gui\map\MapNodeStyleTest.java","0"
"Method","iconForGateway","test\main\java\networktool\gui\map\MapNodeStyleTest.java","0"
"Method","assertEquals","test\main\java\networktool\gui\map\MapNodeStyleTest.java","0"
"Method","iconForSelf","test\main\java\networktool\gui\map\MapNodeStyleTest.java","0"
"Method","assertEquals","test\main\java\networktool\gui\map\MapNodeStyleTest.java","0"
"Method","iconForSwitch","test\main\java\networktool\gui\map\MapNodeStyleTest.java","0"
"Method","assertEquals","test\main\java\networktool\gui\map\MapNodeStyleTest.java","0"
"Method","iconForWindowsHost","test\main\java\networktool\gui\map\MapNodeStyleTest.java","0"
"Method","assertEquals","test\main\java\networktool\gui\map\MapNodeStyleTest.java","0"
"Method","iconForLinuxHost","test\main\java\networktool\gui\map\MapNodeStyleTest.java","0"
"Method","assertEquals","test\main\java\networktool\gui\map\MapNodeStyleTest.java","0"
"Method","iconForUnknownOsIsQuestionMark","test\main\java\networktool\gui\map\MapNodeStyleTest.java","0"
"Method","assertEquals","test\main\java\networktool\gui\map\MapNodeStyleTest.java","0"
"Method","infraRoleOverridesTypeIcon","test\main\java\networktool\gui\map\MapNodeStyleTest.java","0"
"Method","assertEquals","test\main\java\networktool\gui\map\MapNodeStyleTest.java","0"
"Method","radiusIsLargerForInfrastructure","test\main\java\networktool\gui\map\MapNodeStyleTest.java","0"
"Method","assertTrue","test\main\java\networktool\gui\map\MapNodeStyleTest.java","0"
"Method","isInfraSwitchTrueForDnsRole","test\main\java\networktool\gui\map\MapNodeStyleTest.java","0"
"Method","assertTrue","test\main\java\networktool\gui\map\MapNodeStyleTest.java","0"
"Method","isInfraSwitchFalseForPlainSwitch","test\main\java\networktool\gui\map\MapNodeStyleTest.java","0"
"Method","assertFalse","test\main\java\networktool\gui\map\MapNodeStyleTest.java","0"
"Method","isInfraSwitchFalseForHost","test\main\java\networktool\gui\map\MapNodeStyleTest.java","0"
"Method","assertFalse","test\main\java\networktool\gui\map\MapNodeStyleTest.java","0"
"Method","cleanHostnameReturnsNullWhenEqualsIp","test\main\java\networktool\gui\map\MapNodeStyleTest.java","0"
"Method","assertNull","test\main\java\networktool\gui\map\MapNodeStyleTest.java","0"
"Method","cleanHostnameReturnsNullForAutoGenerated","test\main\java\networktool\gui\map\MapNodeStyleTest.java","0"
"Method","assertNull","test\main\java\networktool\gui\map\MapNodeStyleTest.java","0"
"Method","cleanHofstnameTruncatesLongNames","test\main\java\networktool\gui\map\MapNodeStyleTest.java","0"
"Method","assertNotNull","test\main\java\networktool\gui\map\MapNodeStyleTest.java","0"
"Method","assertTrue","test\main\java\networktool\gui\map\MapNodeStyleTest.java","0"
"Method","assertTrue","test\main\java\networktool\gui\map\MapNodeStyleTest.java","0"
"Method","cleanHostnameStripsMacSuffix","test\main\java\networktool\gui\map\MapNodeStyleTest.java","0"
"Method","assertEquals","test\main\java\networktool\gui\map\MapNodeStyleTest.java","0"
"Method","extractRoleLabelForKnownRoles","test\main\java\networktool\gui\map\MapNodeStyleTest.java","0"
"Method","assertEquals","test\main\java\networktool\gui\map\MapNodeStyleTest.java","0"
"Method","assertEquals","test\main\java\networktool\gui\map\MapNodeStyleTest.java","0"
"Method","assertEquals","test\main\java\networktool\gui\map\MapNodeStyleTest.java","0"
"Method","extractRoleLabelReturnsNullForPlainOs","test\main\java\networktool\gui\map\MapNodeStyleTest.java","0"
"Method","assertNull","test\main\java\networktool\gui\map\MapNodeStyleTest.java","0"
"Method","assertNull","test\main\java\networktool\gui\map\MapNodeStyleTest.java","0"
"Method","subnet24ExtractsFirstThreeOctets","test\main\java\networktool\gui\map\MapTopologyTest.java","0"
"Method","assertEquals","test\main\java\networktool\gui\map\MapTopologyTest.java","0"
"Method","subnet24NullForInvalidIp","test\main\java\networktool\gui\map\MapTopologyTest.java","0"
"Method","assertNull","test\main\java\networktool\gui\map\MapTopologyTest.java","0"
"Method","assertNull","test\main\java\networktool\gui\map\MapTopologyTest.java","0"
"Method","lastOctetParsesCorrectly","test\main\java\networktool\gui\map\MapTopologyTest.java","0"
"Method","assertEquals","test\main\java\networktool\gui\map\MapTopologyTest.java","0"
"Method","lastOctetFallbackForInvalidIp","test\main\java\networktool\gui\map\MapTopologyTest.java","0"
"Method","assertEquals","test\main\java\networktool\gui\map\MapTopologyTest.java","0"
"Method","assertEquals","test\main\java\networktool\gui\map\MapTopologyTest.java","0"
"Method","endDeviceDetectedByWindowsOs","test\main\java\networktool\gui\map\MapTopologyTest.java","0"
"Method","assertTrue","test\main\java\networktool\gui\map\MapTopologyTest.java","0"
"Method","endDeviceDetectedByPhoneHostname","test\main\java\networktool\gui\map\MapTopologyTest.java","0"
"Method","assertTrue","test\main\java\networktool\gui\map\MapTopologyTest.java","0"
"Method","endDeviceFalseForUnknownIsolated","test\main\java\networktool\gui\map\MapTopologyTest.java","0"
"Method","assertFalse","test\main\java\networktool\gui\map\MapTopologyTest.java","0"
"Method","switchDetectedByRouterKeyword","test\main\java\networktool\gui\map\MapTopologyTest.java","0"
"Method","assertTrue","test\main\java\networktool\gui\map\MapTopologyTest.java","0"
"Method","switchDetectedByFritzHostname","test\main\java\networktool\gui\map\MapTopologyTest.java","0"
"Method","assertTrue","test\main\java\networktool\gui\map\MapTopologyTest.java","0"
"Method","switchFalseForNullValues","test\main\java\networktool\gui\map\MapTopologyTest.java","0"
"Method","assertFalse","test\main\java\networktool\gui\map\MapTopologyTest.java","0"
"Method","switchByOuiDetectsCiscoMac","test\main\java\networktool\gui\map\MapTopologyTest.java","0"
"Method","assertTrue","test\main\java\networktool\gui\map\MapTopologyTest.java","0"
"Method","switchByOuiFalseForUnknownVendor","test\main\java\networktool\gui\map\MapTopologyTest.java","0"
"Method","assertFalse","test\main\java\networktool\gui\map\MapTopologyTest.java","0"
"Method","switchByOuiFalseWithoutBrackets","test\main\java\networktool\gui\map\MapTopologyTest.java","0"
"Method","assertFalse","test\main\java\networktool\gui\map\MapTopologyTest.java","0"
"Method","assertFalse","test\main\java\networktool\gui\map\MapTopologyTest.java","0"
"Method","classifyPromotesKeywordSwitch","test\main\java\networktool\gui\map\MapTopologyTest.java","0"
"Method","assertEquals","test\main\java\networktool\gui\map\MapTopologyTest.java","0"
"Method","classifyKeepsEndDeviceAsHost","test\main\java\networktool\gui\map\MapTopologyTest.java","0"
"Method","assertEquals","test\main\java\networktool\gui\map\MapTopologyTest.java","0"
"Method","classifyIgnoresNonHostNodes","test\main\java\networktool\gui\map\MapTopologyTest.java","0"
"Method","assertEquals","test\main\java\networktool\gui\map\MapTopologyTest.java","0"
"Method","clearState","test\main\java\networktool\gui\map\NetworkMapTest.java","0"
"Method","isEndDevice_windows","test\main\java\networktool\gui\map\NetworkMapTest.java","0"
"Method","assertTrue","test\main\java\networktool\gui\map\NetworkMapTest.java","0"
"Method","isEndDevice_android","test\main\java\networktool\gui\map\NetworkMapTest.java","0"
"Method","assertTrue","test\main\java\networktool\gui\map\NetworkMapTest.java","0"
"Method","isEndDevice_drucker","test\main\java\networktool\gui\map\NetworkMapTest.java","0"
"Method","assertTrue","test\main\java\networktool\gui\map\NetworkMapTest.java","0"
"Method","isEndDevice_raspberry","test\main\java\networktool\gui\map\NetworkMapTest.java","0"
"Method","assertTrue","test\main\java\networktool\gui\map\NetworkMapTest.java","0"
"Method","notEndDevice_router","test\main\java\networktool\gui\map\NetworkMapTest.java","0"
"Method","assertFalse","test\main\java\networktool\gui\map\NetworkMapTest.java","0"
"Method","notEndDevice_unknown","test\main\java\networktool\gui\map\NetworkMapTest.java","0"
"Method","assertFalse","test\main\java\networktool\gui\map\NetworkMapTest.java","0"
"Method","isSwitchByKeyword_router_os","test\main\java\networktool\gui\map\NetworkMapTest.java","0"
"Method","assertTrue","test\main\java\networktool\gui\map\NetworkMapTest.java","0"
"Method","isSwitchByKeyword_fritz_hn","test\main\java\networktool\gui\map\NetworkMapTest.java","0"
"Method","assertTrue","test\main\java\networktool\gui\map\NetworkMapTest.java","0"
"Method","isSwitchByKeyword_dns_os","test\main\java\networktool\gui\map\NetworkMapTest.java","0"
"Method","assertTrue","test\main\java\networktool\gui\map\NetworkMapTest.java","0"
"Method","isSwitchByKeyword_dhcp_os","test\main\java\networktool\gui\map\NetworkMapTest.java","0"
"Method","assertTrue","test\main\java\networktool\gui\map\NetworkMapTest.java","0"
"Method","isSwitchByKeyword_null_safe","test\main\java\networktool\gui\map\NetworkMapTest.java","0"
"Method","assertFalse","test\main\java\networktool\gui\map\NetworkMapTest.java","0"
"Method","isSwitchByOui_cisco_colon","test\main\java\networktool\gui\map\NetworkMapTest.java","0"
"Method","assertTrue","test\main\java\networktool\gui\map\NetworkMapTest.java","0"
"Method","isSwitchByOui_hp_procurve","test\main\java\networktool\gui\map\NetworkMapTest.java","0"
"Method","assertTrue","test\main\java\networktool\gui\map\NetworkMapTest.java","0"
"Method","isSwitchByOui_mikrotik","test\main\java\networktool\gui\map\NetworkMapTest.java","0"
"Method","assertTrue","test\main\java\networktool\gui\map\NetworkMapTest.java","0"
"Method","isSwitchByOui_ubiquiti","test\main\java\networktool\gui\map\NetworkMapTest.java","0"
"Method","assertTrue","test\main\java\networktool\gui\map\NetworkMapTest.java","0"
"Method","isSwitchByOui_dash_format","test\main\java\networktool\gui\map\NetworkMapTest.java","0"
"Method","assertTrue","test\main\java\networktool\gui\map\NetworkMapTest.java","0"
"Method","isSwitchByOui_unknown_mac","test\main\java\networktool\gui\map\NetworkMapTest.java","0"
"Method","assertFalse","test\main\java\networktool\gui\map\NetworkMapTest.java","0"
"Method","isSwitchByOui_no_bracket","test\main\java\networktool\gui\map\NetworkMapTest.java","0"
"Method","assertFalse","test\main\java\networktool\gui\map\NetworkMapTest.java","0"
"Method","isSwitchByOui_null","test\main\java\networktool\gui\map\NetworkMapTest.java","0"
"Method","assertFalse","test\main\java\networktool\gui\map\NetworkMapTest.java","0"
"Method","subnet24_normal","test\main\java\networktool\gui\map\NetworkMapTest.java","0"
"Method","assertEquals","test\main\java\networktool\gui\map\NetworkMapTest.java","0"
"Method","subnet24_null","test\main\java\networktool\gui\map\NetworkMapTest.java","0"
"Method","assertNull","test\main\java\networktool\gui\map\NetworkMapTest.java","0"
"Method","lastOctet_normal","test\main\java\networktool\gui\map\NetworkMapTest.java","0"
"Method","assertEquals","test\main\java\networktool\gui\map\NetworkMapTest.java","0"
"Method","lastOctet_null","test\main\java\networktool\gui\map\NetworkMapTest.java","0"
"Method","assertEquals","test\main\java\networktool\gui\map\NetworkMapTest.java","0"
"Method","classifyNodes_manual_switch","test\main\java\networktool\gui\map\NetworkMapTest.java","0"
"Method","assertEquals","test\main\java\networktool\gui\map\NetworkMapTest.java","0"
"Method","classifyNodes_enddevice_not_promoted","test\main\java\networktool\gui\map\NetworkMapTest.java","0"
"Method","assertEquals","test\main\java\networktool\gui\map\NetworkMapTest.java","0"
"Method","classifyNodes_keyword_switch","test\main\java\networktool\gui\map\NetworkMapTest.java","0"
"Method","assertEquals","test\main\java\networktool\gui\map\NetworkMapTest.java","0"
"Method","classifyNodes_windows_stays_host","test\main\java\networktool\gui\map\NetworkMapTest.java","0"
"Method","assertEquals","test\main\java\networktool\gui\map\NetworkMapTest.java","0"
"Method","classifyNodes_dns_keyword_promoted","test\main\java\networktool\gui\map\NetworkMapTest.java","0"
"Method","assertEquals","test\main\java\networktool\gui\map\NetworkMapTest.java","0"
"Method","findUpstream_empty_returns_null","test\main\java\networktool\gui\map\NetworkMapTest.java","0"
"Method","assertNull","test\main\java\networktool\gui\map\NetworkMapTest.java","0"
"Method","findUpstream_single_hop_returns_null","test\main\java\networktool\gui\map\NetworkMapTest.java","0"
"Method","assertNull","test\main\java\networktool\gui\map\NetworkMapTest.java","0"
"Method","findUpstream_intermediate_hop_detected","test\main\java\networktool\gui\map\NetworkMapTest.java","0"
"Method","assertEquals","test\main\java\networktool\gui\map\NetworkMapTest.java","0"
"Method","findUpstream_timeout_hops_skipped","test\main\java\networktool\gui\map\NetworkMapTest.java","0"
"Method","assertNull","test\main\java\networktool\gui\map\NetworkMapTest.java","0"
"Method","findUpstream_gateway_skipped","test\main\java\networktool\gui\map\NetworkMapTest.java","0"
"Method","assertEquals","test\main\java\networktool\gui\map\NetworkMapTest.java","0"
"Method","discover_doesNotThrow","test\main\java\networktool\gui\map\NetworkMapTest.java","0"
"Method","assertDoesNotThrow","test\main\java\networktool\gui\map\NetworkMapTest.java","0"
"Method","getRole_unknown_byDefault","test\main\java\networktool\gui\map\NetworkMapTest.java","0"
"Method","assertEquals","test\main\java\networktool\gui\map\NetworkMapTest.java","0"
"Method","getAllRoles_empty_initially","test\main\java\networktool\gui\map\NetworkMapTest.java","0"
"Method","assertTrue","test\main\java\networktool\gui\map\NetworkMapTest.java","0"
"Method","getAllRoles_isUnmodifiable","test\main\java\networktool\gui\map\NetworkMapTest.java","0"
"Method","assertThrows","test\main\java\networktool\gui\map\NetworkMapTest.java","0"
"Method","clear_removesRoles","test\main\java\networktool\gui\map\NetworkMapTest.java","0"
"Method","assertTrue","test\main\java\networktool\gui\map\NetworkMapTest.java","0"
"Method","probe_unreachable_staysUnknown","test\main\java\networktool\gui\map\NetworkMapTest.java","0"
"Method","assertEquals","test\main\java\networktool\gui\map\NetworkMapTest.java","0"
"Method","probeAll_doesNotThrow","test\main\java\networktool\gui\map\NetworkMapTest.java","0"
"Method","assertDoesNotThrow","test\main\java\networktool\gui\map\NetworkMapTest.java","0"
"Method","nodeRole_values_exist","test\main\java\networktool\gui\map\NetworkMapTest.java","0"
"Method","assertNotNull","test\main\java\networktool\gui\map\NetworkMapTest.java","0"
"Method","assertNotNull","test\main\java\networktool\gui\map\NetworkMapTest.java","0"
"Method","assertNotNull","test\main\java\networktool\gui\map\NetworkMapTest.java","0"
"Method","assertNotNull","test\main\java\networktool\gui\map\NetworkMapTest.java","0"
"Method","assertNotNull","test\main\java\networktool\gui\map\NetworkMapTest.java","0"
"Method","probe_loopback_doesNotThrow","test\main\java\networktool\gui\map\NetworkMapTest.java","0"
"Method","assertDoesNotThrow","test\main\java\networktool\gui\map\NetworkMapTest.java","0"
"Method","add_contains","test\main\java\networktool\gui\map\NetworkMapTest.java","0"
"Method","assertTrue","test\main\java\networktool\gui\map\NetworkMapTest.java","0"
"Method","remove_notContained","test\main\java\networktool\gui\map\NetworkMapTest.java","0"
"Method","assertFalse","test\main\java\networktool\gui\map\NetworkMapTest.java","0"
"Method","clear_removesAll","test\main\java\networktool\gui\map\NetworkMapTest.java","0"
"Method","assertFalse","test\main\java\networktool\gui\map\NetworkMapTest.java","0"
"Method","put_get","test\main\java\networktool\gui\map\NetworkMapTest.java","0"
"Method","assertEquals","test\main\java\networktool\gui\map\NetworkMapTest.java","0"
"Method","missing_null","test\main\java\networktool\gui\map\NetworkMapTest.java","0"
"Method","assertNull","test\main\java\networktool\gui\map\NetworkMapTest.java","0"
"Method","parseEvent_validMessage_notNull","test\main\java\networktool\gui\notification\NotificationListenerPackageTest.java","0"
"Method","assertNotNull","test\main\java\networktool\gui\notification\NotificationListenerPackageTest.java","0"
"Method","parseEvent_openEvent_notNull","test\main\java\networktool\gui\notification\NotificationListenerPackageTest.java","0"
"Method","parseEvent_null_returnsNull","test\main\java\networktool\gui\notification\NotificationListenerPackageTest.java","0"
"Method","assertNull","test\main\java\networktool\gui\notification\NotificationListenerPackageTest.java","0"
"Method","parseEvent_notJsonObject_returnsNull","test\main\java\networktool\gui\notification\NotificationListenerPackageTest.java","0"
"Method","assertNull","test\main\java\networktool\gui\notification\NotificationListenerPackageTest.java","0"
"Method","parseEvent_emptyObject_notNull","test\main\java\networktool\gui\notification\NotificationListenerPackageTest.java","0"
"Method","parseEvent_withEscapedChars_notNull","test\main\java\networktool\gui\notification\NotificationListenerPackageTest.java","0"
"Method","assertNotNull","test\main\java\networktool\gui\notification\NotificationListenerPackageTest.java","0"
"Method","parsesBasicMessageEvent","test\main\java\networktool\gui\notification\NtfyJsonParserTest.java","0"
"Method","assertNotNull","test\main\java\networktool\gui\notification\NtfyJsonParserTest.java","0"
"Method","assertEquals","test\main\java\networktool\gui\notification\NtfyJsonParserTest.java","0"
"Method","assertEquals","test\main\java\networktool\gui\notification\NtfyJsonParserTest.java","0"
"Method","assertEquals","test\main\java\networktool\gui\notification\NtfyJsonParserTest.java","0"
"Method","assertEquals","test\main\java\networktool\gui\notification\NtfyJsonParserTest.java","0"
"Method","assertEquals","test\main\java\networktool\gui\notification\NtfyJsonParserTest.java","0"
"Method","parsesKeepaliveEventWithoutMessage","test\main\java\networktool\gui\notification\NtfyJsonParserTest.java","0"
"Method","assertNotNull","test\main\java\networktool\gui\notification\NtfyJsonParserTest.java","0"
"Method","assertEquals","test\main\java\networktool\gui\notification\NtfyJsonParserTest.java","0"
"Method","assertNull","test\main\java\networktool\gui\notification\NtfyJsonParserTest.java","0"
"Method","handlesEscapedQuotesInMessage","test\main\java\networktool\gui\notification\NtfyJsonParserTest.java","0"
"Method","assertNotNull","test\main\java\networktool\gui\notification\NtfyJsonParserTest.java","0"
"Method","assertEquals","test\main\java\networktool\gui\notification\NtfyJsonParserTest.java","0"
"Method","handlesEscapedNewlineInMessage","test\main\java\networktool\gui\notification\NtfyJsonParserTest.java","0"
"Method","assertEquals","test\main\java\networktool\gui\notification\NtfyJsonParserTest.java","0"
"Method","missingFieldYieldsNull","test\main\java\networktool\gui\notification\NtfyJsonParserTest.java","0"
"Method","assertNotNull","test\main\java\networktool\gui\notification\NtfyJsonParserTest.java","0"
"Method","assertNull","test\main\java\networktool\gui\notification\NtfyJsonParserTest.java","0"
"Method","assertNull","test\main\java\networktool\gui\notification\NtfyJsonParserTest.java","0"
"Method","nullInputReturnsNull","test\main\java\networktool\gui\notification\NtfyJsonParserTest.java","0"
"Method","assertNull","test\main\java\networktool\gui\notification\NtfyJsonParserTest.java","0"
"Method","blankLineReturnsNull","test\main\java\networktool\gui\notification\NtfyJsonParserTest.java","0"
"Method","assertNull","test\main\java\networktool\gui\notification\NtfyJsonParserTest.java","0"
"Method","assertNull","test\main\java\networktool\gui\notification\NtfyJsonParserTest.java","0"
"Method","nonJsonInputReturnsNull","test\main\java\networktool\gui\notification\NtfyJsonParserTest.java","0"
"Method","assertNull","test\main\java\networktool\gui\notification\NtfyJsonParserTest.java","0"
"Method","fieldOrderDoesNotMatter","test\main\java\networktool\gui\notification\NtfyJsonParserTest.java","0"
"Method","assertEquals","test\main\java\networktool\gui\notification\NtfyJsonParserTest.java","0"
"Method","assertEquals","test\main\java\networktool\gui\notification\NtfyJsonParserTest.java","0"
"Method","headless","test\main\java\networktool\gui\panels\audit\GuiAuditPanelTest.java","0"
"Method","actionColor_login_returnsAccent2","test\main\java\networktool\gui\panels\audit\GuiAuditPanelTest.java","0"
"Method","actionColor_loginFailed_returnsWarn","test\main\java\networktool\gui\panels\audit\GuiAuditPanelTest.java","0"
"Method","actionColor_loginBlocked_returnsWarn","test\main\java\networktool\gui\panels\audit\GuiAuditPanelTest.java","0"
"Method","actionColor_securityAlert_returnsWarn","test\main\java\networktool\gui\panels\audit\GuiAuditPanelTest.java","0"
"Method","actionColor_securityMonitorStart_returnsOrange","test\main\java\networktool\gui\panels\audit\GuiAuditPanelTest.java","0"
"Method","actionColor_arpMonitor_returnsOrange","test\main\java\networktool\gui\panels\audit\GuiAuditPanelTest.java","0"
"Method","actionColor_portMonitor_returnsOrange","test\main\java\networktool\gui\panels\audit\GuiAuditPanelTest.java","0"
"Method","actionColor_scan_returnsInfo","test\main\java\networktool\gui\panels\audit\GuiAuditPanelTest.java","0"
"Method","actionColor_exportCsv_returnsYellow","test\main\java\networktool\gui\panels\audit\GuiAuditPanelTest.java","0"
"Method","actionColor_userCreated_returnsAccent","test\main\java\networktool\gui\panels\audit\GuiAuditPanelTest.java","0"
"Method","actionColor_appStart_returnsAccent","test\main\java\networktool\gui\panels\audit\GuiAuditPanelTest.java","0"
"Method","actionColor_null_returnsFg","test\main\java\networktool\gui\panels\audit\GuiAuditPanelTest.java","0"
"Method","actionColor_unknown_returnsFg","test\main\java\networktool\gui\panels\audit\GuiAuditPanelTest.java","0"
"Method","actionColor_rogueDevice_returnsWarn","test\main\java\networktool\gui\panels\audit\GuiAuditPanelTest.java","0"
"Method","actionColor_arpSpoofing_returnsWarn","test\main\java\networktool\gui\panels\audit\GuiAuditPanelTest.java","0"
"Method","parse_validNdjsonLine_notNull","test\main\java\networktool\gui\panels\audit\GuiAuditPanelTest.java","0"
"Method","parse_null_returnsNull","test\main\java\networktool\gui\panels\audit\GuiAuditPanelTest.java","0"
"Method","parse_empty_returnsNull","test\main\java\networktool\gui\panels\audit\GuiAuditPanelTest.java","0"
"Method","model","test\main\java\networktool\gui\panels\saved\SavedHostsBulkActionsTest.java","0"
"Method","noRowsCheckedYieldsEmptyList","test\main\java\networktool\gui\panels\saved\SavedHostsBulkActionsTest.java","0"
"Method","assertTrue","test\main\java\networktool\gui\panels\saved\SavedHostsBulkActionsTest.java","0"
"Method","returnsOnlyCheckedIps","test\main\java\networktool\gui\panels\saved\SavedHostsBulkActionsTest.java","0"
"Method","assertEquals","test\main\java\networktool\gui\panels\saved\SavedHostsBulkActionsTest.java","0"
"Method","skipsPlaceholderDashRow","test\main\java\networktool\gui\panels\saved\SavedHostsBulkActionsTest.java","0"
"Method","assertTrue","test\main\java\networktool\gui\panels\saved\SavedHostsBulkActionsTest.java","0"
"Method","nullModelYieldsEmptyList","test\main\java\networktool\gui\panels\saved\SavedHostsBulkActionsTest.java","0"
"Method","assertTrue","test\main\java\networktool\gui\panels\saved\SavedHostsBulkActionsTest.java","0"
"Method","clearSession","test\main\java\networktool\gui\security\NoteEncyptionExceptionTest.java","0"
"Method","decrypt_correctPassword_returnsPlaintext","test\main\java\networktool\gui\security\NoteEncyptionExceptionTest.java","0"
"Method","assertEquals","test\main\java\networktool\gui\security\NoteEncyptionExceptionTest.java","0"
"Method","decrypt_wrongPassword_throwsNoteDecryptionException","test\main\java\networktool\gui\security\NoteEncyptionExceptionTest.java","0"
"Method","assertNotNull","test\main\java\networktool\gui\security\NoteEncyptionExceptionTest.java","0"
"Method","decrypt_corruptData_throwsNoteDecryptionException","test\main\java\networktool\gui\security\NoteEncyptionExceptionTest.java","0"
"Method","assertThrows","test\main\java\networktool\gui\security\NoteEncyptionExceptionTest.java","0"
"Method","decrypt_plainText_returnsAsIs_noException","test\main\java\networktool\gui\security\NoteEncyptionExceptionTest.java","0"
"Method","assertDoesNotThrow","test\main\java\networktool\gui\security\NoteEncyptionExceptionTest.java","0"
"Method","decrypt_null_returnsNull","test\main\java\networktool\gui\security\NoteEncyptionExceptionTest.java","0"
"Method","assertNull","test\main\java\networktool\gui\security\NoteEncyptionExceptionTest.java","0"
"Method","isEncrypted_detectsPrefix","test\main\java\networktool\gui\security\NoteEncyptionExceptionTest.java","0"
"Method","assertTrue","test\main\java\networktool\gui\security\NoteEncyptionExceptionTest.java","0"
"Method","assertFalse","test\main\java\networktool\gui\security\NoteEncyptionExceptionTest.java","0"
"Method","nullFields_defaulted","test\main\java\networktool\logging\DebugLoggerTest.java","0"
"Method","assertEquals","test\main\java\networktool\logging\DebugLoggerTest.java","0"
"Method","assertEquals","test\main\java\networktool\logging\DebugLoggerTest.java","0"
"Method","assertEquals","test\main\java\networktool\logging\DebugLoggerTest.java","0"
"Method","toLine_containsFields","test\main\java\networktool\logging\DebugLoggerTest.java","0"
"Method","assertTrue","test\main\java\networktool\logging\DebugLoggerTest.java","0"
"Method","toLine_sanitizesTabsAndNewlines","test\main\java\networktool\logging\DebugLoggerTest.java","0"
"Method","assertEquals","test\main\java\networktool\logging\DebugLoggerTest.java","0"
"Method","append_and_readRecent","test\main\java\networktool\logging\DebugLoggerTest.java","0"
"Method","assertEquals","test\main\java\networktool\logging\DebugLoggerTest.java","0"
"Method","assertEquals","test\main\java\networktool\logging\DebugLoggerTest.java","0"
"Method","readRecent_newestFirst","test\main\java\networktool\logging\DebugLoggerTest.java","0"
"Method","assertEquals","test\main\java\networktool\logging\DebugLoggerTest.java","0"
"Method","readRecent_noFile_empty","test\main\java\networktool\logging\DebugLoggerTest.java","0"
"Method","assertTrue","test\main\java\networktool\logging\DebugLoggerTest.java","0"
"Method","clear_removesFile","test\main\java\networktool\logging\DebugLoggerTest.java","0"
"Method","assertTrue","test\main\java\networktool\logging\DebugLoggerTest.java","0"
"Method","clear_nonExistent_doesNotThrow","test\main\java\networktool\logging\DebugLoggerTest.java","0"
"Method","assertDoesNotThrow","test\main\java\networktool\logging\DebugLoggerTest.java","0"
"Method","parse_invalidLine_null","test\main\java\networktool\logging\DebugLoggerTest.java","0"
"Method","assertNull","test\main\java\networktool\logging\DebugLoggerTest.java","0"
"Method","assertNull","test\main\java\networktool\logging\DebugLoggerTest.java","0"
"Method","assertNull","test\main\java\networktool\logging\DebugLoggerTest.java","0"
"Method","parse_valid","test\main\java\networktool\logging\DebugLoggerTest.java","0"
"Method","assertNotNull","test\main\java\networktool\logging\DebugLoggerTest.java","0"
"Method","assertEquals","test\main\java\networktool\logging\DebugLoggerTest.java","0"
"Method","maxLines_respected","test\main\java\networktool\logging\DebugLoggerTest.java","0"
"Method","assertEquals","test\main\java\networktool\logging\DebugLoggerTest.java","0"
"Method","setup","test\main\java\networktool\logging\DebugLoggerTest.java","0"
"Method","teardown","test\main\java\networktool\logging\DebugLoggerTest.java","0"
"Method","info_persisted","test\main\java\networktool\logging\DebugLoggerTest.java","0"
"Method","assertTrue","test\main\java\networktool\logging\DebugLoggerTest.java","0"
"Method","levels_setCorrectly","test\main\java\networktool\logging\DebugLoggerTest.java","0"
"Method","assertTrue","test\main\java\networktool\logging\DebugLoggerTest.java","0"
"Method","assertTrue","test\main\java\networktool\logging\DebugLoggerTest.java","0"
"Method","assertTrue","test\main\java\networktool\logging\DebugLoggerTest.java","0"
"Method","clear_removesEntries","test\main\java\networktool\logging\DebugLoggerTest.java","0"
"Method","assertTrue","test\main\java\networktool\logging\DebugLoggerTest.java","0"
"Method","persistsAcrossReinit","test\main\java\networktool\logging\DebugLoggerTest.java","0"
"Method","assertTrue","test\main\java\networktool\logging\DebugLoggerTest.java","0"
"Method","nullFields_defaulted","test\main\java\networktool\logging\LogEntryTest.java","0"
"Method","assertEquals","test\main\java\networktool\logging\LogEntryTest.java","0"
"Method","assertEquals","test\main\java\networktool\logging\LogEntryTest.java","0"
"Method","assertEquals","test\main\java\networktool\logging\LogEntryTest.java","0"
"Method","assertEquals","test\main\java\networktool\logging\LogEntryTest.java","0"
"Method","assertEquals","test\main\java\networktool\logging\LogEntryTest.java","0"
"Method","assertEquals","test\main\java\networktool\logging\LogEntryTest.java","0"
"Method","toNdjson_containsAllFields","test\main\java\networktool\logging\LogEntryTest.java","0"
"Method","assertTrue","test\main\java\networktool\logging\LogEntryTest.java","0"
"Method","assertTrue","test\main\java\networktool\logging\LogEntryTest.java","0"
"Method","assertTrue","test\main\java\networktool\logging\LogEntryTest.java","0"
"Method","assertTrue","test\main\java\networktool\logging\LogEntryTest.java","0"
"Method","assertTrue","test\main\java\networktool\logging\LogEntryTest.java","0"
"Method","assertTrue","test\main\java\networktool\logging\LogEntryTest.java","0"
"Method","assertTrue","test\main\java\networktool\logging\LogEntryTest.java","0"
"Method","toNdjson_escapesQuotes","test\main\java\networktool\logging\LogEntryTest.java","0"
"Method","assertTrue","test\main\java\networktool\logging\LogEntryTest.java","0"
"Method","toNdjson_escapesBackslash","test\main\java\networktool\logging\LogEntryTest.java","0"
"Method","assertTrue","test\main\java\networktool\logging\LogEntryTest.java","0"
"Method","toNdjson_escapesNewline","test\main\java\networktool\logging\LogEntryTest.java","0"
"Method","assertTrue","test\main\java\networktool\logging\LogEntryTest.java","0"
"Method","toNdjson_escapesTab","test\main\java\networktool\logging\LogEntryTest.java","0"
"Method","assertTrue","test\main\java\networktool\logging\LogEntryTest.java","0"
"Method","toNdjson_stripsCarriageReturn","test\main\java\networktool\logging\LogEntryTest.java","0"
"Method","assertFalse","test\main\java\networktool\logging\LogEntryTest.java","0"
"Method","noLegacy","test\main\java\networktool\logging\LogFileBaseTest.java","0"
"Method","LogFileBase","test\main\java\networktool\logging\LogFileBaseTest.java","0"
"Method","append_and_readRecent","test\main\java\networktool\logging\LogFileBaseTest.java","0"
"Method","assertEquals","test\main\java\networktool\logging\LogFileBaseTest.java","0"
"Method","assertEquals","test\main\java\networktool\logging\LogFileBaseTest.java","0"
"Method","readRecent_newestFirst","test\main\java\networktool\logging\LogFileBaseTest.java","0"
"Method","assertEquals","test\main\java\networktool\logging\LogFileBaseTest.java","0"
"Method","readRecent_noFile_empty","test\main\java\networktool\logging\LogFileBaseTest.java","0"
"Method","assertTrue","test\main\java\networktool\logging\LogFileBaseTest.java","0"
"Method","clear_removesEntries","test\main\java\networktool\logging\LogFileBaseTest.java","0"
"Method","assertTrue","test\main\java\networktool\logging\LogFileBaseTest.java","0"
"Method","clear_nonExistent_doesNotThrow","test\main\java\networktool\logging\LogFileBaseTest.java","0"
"Method","assertDoesNotThrow","test\main\java\networktool\logging\LogFileBaseTest.java","0"
"Method","maxLines_respected","test\main\java\networktool\logging\LogFileBaseTest.java","0"
"Method","assertEquals","test\main\java\networktool\logging\LogFileBaseTest.java","0"
"Method","legacyParser_usedForNonJsonLines","test\main\java\networktool\logging\LogFileBaseTest.java","0"
"Method","assertEquals","test\main\java\networktool\logging\LogFileBaseTest.java","0"
"Method","assertEquals","test\main\java\networktool\logging\LogFileBaseTest.java","0"
"Method","parseNdjson_missingTimestamp_returnsNull","test\main\java\networktool\logging\LogFileBaseTest.java","0"
"Method","parseNdjson_null_returnsNull","test\main\java\networktool\logging\LogFileBaseTest.java","0"
"Method","assertNull","test\main\java\networktool\logging\LogFileBaseTest.java","0"
"Method","parseNdjson_nonJson_returnsNull","test\main\java\networktool\logging\LogFileBaseTest.java","0"
"Method","assertNull","test\main\java\networktool\logging\LogFileBaseTest.java","0"
"Method","parseNdjson_roundtrip","test\main\java\networktool\logging\LogFileBaseTest.java","0"
"Method","assertNotNull","test\main\java\networktool\logging\LogFileBaseTest.java","0"
"Method","assertEquals","test\main\java\networktool\logging\LogFileBaseTest.java","0"
"Method","assertEquals","test\main\java\networktool\logging\LogFileBaseTest.java","0"
"Method","assertEquals","test\main\java\networktool\logging\LogFileBaseTest.java","0"
"Method","nowFormatted_notBlank","test\main\java\networktool\logging\LogFileBaseTest.java","0"
"Method","assertFalse","test\main\java\networktool\logging\LogFileBaseTest.java","0"
"Method","scan_arpCacheReadFailure_doesNotThrow","test\main\java\networktool\logic\analysis\discovery\ArpMonitorLoggingTest.java","0"
"Method","assertDoesNotThrow","test\main\java\networktool\logic\analysis\discovery\ArpMonitorLoggingTest.java","0"
"Method","loopbackReachable","test\main\java\networktool\logic\analysis\discovery\NetworkDiscoveryTest.java","0"
"Method","analyze_unreachable_returnsNull","test\main\java\networktool\logic\analysis\discovery\NetworkDiscoveryTest.java","0"
"Method","assertNull","test\main\java\networktool\logic\analysis\discovery\NetworkDiscoveryTest.java","0"
"Method","analyze_localhost_returnsResult","test\main\java\networktool\logic\analysis\discovery\NetworkDiscoveryTest.java","0"
"Method","assumeTrue","test\main\java\networktool\logic\analysis\discovery\NetworkDiscoveryTest.java","0"
"Method","assertNotNull","test\main\java\networktool\logic\analysis\discovery\NetworkDiscoveryTest.java","0"
"Method","assertTrue","test\main\java\networktool\logic\analysis\discovery\NetworkDiscoveryTest.java","0"
"Method","assertEquals","test\main\java\networktool\logic\analysis\discovery\NetworkDiscoveryTest.java","0"
"Method","result_lossRate_between0and1","test\main\java\networktool\logic\analysis\discovery\NetworkDiscoveryTest.java","0"
"Method","assumeTrue","test\main\java\networktool\logic\analysis\discovery\NetworkDiscoveryTest.java","0"
"Method","assertNotNull","test\main\java\networktool\logic\analysis\discovery\NetworkDiscoveryTest.java","0"
"Method","assertTrue","test\main\java\networktool\logic\analysis\discovery\NetworkDiscoveryTest.java","0"
"Method","result_avgMs_nonNegative","test\main\java\networktool\logic\analysis\discovery\NetworkDiscoveryTest.java","0"
"Method","assumeTrue","test\main\java\networktool\logic\analysis\discovery\NetworkDiscoveryTest.java","0"
"Method","assertNotNull","test\main\java\networktool\logic\analysis\discovery\NetworkDiscoveryTest.java","0"
"Method","assertTrue","test\main\java\networktool\logic\analysis\discovery\NetworkDiscoveryTest.java","0"
"Method","result_minLessThanMax","test\main\java\networktool\logic\analysis\discovery\NetworkDiscoveryTest.java","0"
"Method","assumeTrue","test\main\java\networktool\logic\analysis\discovery\NetworkDiscoveryTest.java","0"
"Method","assertNotNull","test\main\java\networktool\logic\analysis\discovery\NetworkDiscoveryTest.java","0"
"Method","assertTrue","test\main\java\networktool\logic\analysis\discovery\NetworkDiscoveryTest.java","0"
"Method","result_jitter_nonNegative","test\main\java\networktool\logic\analysis\discovery\NetworkDiscoveryTest.java","0"
"Method","assumeTrue","test\main\java\networktool\logic\analysis\discovery\NetworkDiscoveryTest.java","0"
"Method","assertNotNull","test\main\java\networktool\logic\analysis\discovery\NetworkDiscoveryTest.java","0"
"Method","assertTrue","test\main\java\networktool\logic\analysis\discovery\NetworkDiscoveryTest.java","0"
"Method","result_highJitter_detectedCorrectly","test\main\java\networktool\logic\analysis\discovery\NetworkDiscoveryTest.java","0"
"Method","assertTrue","test\main\java\networktool\logic\analysis\discovery\NetworkDiscoveryTest.java","0"
"Method","result_lowJitter_notHighJitter","test\main\java\networktool\logic\analysis\discovery\NetworkDiscoveryTest.java","0"
"Method","assertFalse","test\main\java\networktool\logic\analysis\discovery\NetworkDiscoveryTest.java","0"
"Method","result_unstable_detectedCorrectly","test\main\java\networktool\logic\analysis\discovery\NetworkDiscoveryTest.java","0"
"Method","assertTrue","test\main\java\networktool\logic\analysis\discovery\NetworkDiscoveryTest.java","0"
"Method","result_stable_notUnstable","test\main\java\networktool\logic\analysis\discovery\NetworkDiscoveryTest.java","0"
"Method","assertFalse","test\main\java\networktool\logic\analysis\discovery\NetworkDiscoveryTest.java","0"
"Method","result_toString_containsAvg","test\main\java\networktool\logic\analysis\discovery\NetworkDiscoveryTest.java","0"
"Method","assertTrue","test\main\java\networktool\logic\analysis\discovery\NetworkDiscoveryTest.java","0"
"Method","fingerprintFromTiming_unreachable_returnsNull","test\main\java\networktool\logic\analysis\discovery\NetworkDiscoveryTest.java","0"
"Method","assertNull","test\main\java\networktool\logic\analysis\discovery\NetworkDiscoveryTest.java","0"
"Method","fingerprintFromTiming_doesNotThrow","test\main\java\networktool\logic\analysis\discovery\NetworkDiscoveryTest.java","0"
"Method","assertDoesNotThrow","test\main\java\networktool\logic\analysis\discovery\NetworkDiscoveryTest.java","0"
"Method","analyze_unreachable_returnsNull","test\main\java\networktool\logic\analysis\discovery\NetworkDiscoveryTest.java","0"
"Method","assertDoesNotThrow","test\main\java\networktool\logic\analysis\discovery\NetworkDiscoveryTest.java","0"
"Method","analyze_doesNotThrow","test\main\java\networktool\logic\analysis\discovery\NetworkDiscoveryTest.java","0"
"Method","assertDoesNotThrow","test\main\java\networktool\logic\analysis\discovery\NetworkDiscoveryTest.java","0"
"Method","result_fields_accessible","test\main\java\networktool\logic\analysis\discovery\NetworkDiscoveryTest.java","0"
"Method","assertEquals","test\main\java\networktool\logic\analysis\discovery\NetworkDiscoveryTest.java","0"
"Method","assertEquals","test\main\java\networktool\logic\analysis\discovery\NetworkDiscoveryTest.java","0"
"Method","classify_windows_vendorClass","test\main\java\networktool\logic\analysis\discovery\NetworkDiscoveryTest.java","0"
"Method","assertTrue","test\main\java\networktool\logic\analysis\discovery\NetworkDiscoveryTest.java","0"
"Method","classify_android_vendorClass","test\main\java\networktool\logic\analysis\discovery\NetworkDiscoveryTest.java","0"
"Method","assertTrue","test\main\java\networktool\logic\analysis\discovery\NetworkDiscoveryTest.java","0"
"Method","discover_returnsNonNullList","test\main\java\networktool\logic\analysis\discovery\NetworkDiscoveryTest.java","0"
"Method","assertNotNull","test\main\java\networktool\logic\analysis\discovery\NetworkDiscoveryTest.java","0"
"Method","discover_doesNotThrow","test\main\java\networktool\logic\analysis\discovery\NetworkDiscoveryTest.java","0"
"Method","assertDoesNotThrow","test\main\java\networktool\logic\analysis\discovery\NetworkDiscoveryTest.java","0"
"Method","discover_resultIsUnmodifiable","test\main\java\networktool\logic\analysis\discovery\NetworkDiscoveryTest.java","0"
"Method","assertThrows","test\main\java\networktool\logic\analysis\discovery\NetworkDiscoveryTest.java","0"
"Method","device_guessOs_windows","test\main\java\networktool\logic\analysis\discovery\NetworkDiscoveryTest.java","0"
"Method","assertEquals","test\main\java\networktool\logic\analysis\discovery\NetworkDiscoveryTest.java","0"
"Method","device_guessOs_fritz","test\main\java\networktool\logic\analysis\discovery\NetworkDiscoveryTest.java","0"
"Method","assertEquals","test\main\java\networktool\logic\analysis\discovery\NetworkDiscoveryTest.java","0"
"Method","device_guessOs_synology","test\main\java\networktool\logic\analysis\discovery\NetworkDiscoveryTest.java","0"
"Method","assertEquals","test\main\java\networktool\logic\analysis\discovery\NetworkDiscoveryTest.java","0"
"Method","device_guessOs_unknownServer_returnsNull","test\main\java\networktool\logic\analysis\discovery\NetworkDiscoveryTest.java","0"
"Method","assertNull","test\main\java\networktool\logic\analysis\discovery\NetworkDiscoveryTest.java","0"
"Method","device_guessOs_nullServer_returnsNull","test\main\java\networktool\logic\analysis\discovery\NetworkDiscoveryTest.java","0"
"Method","assertNull","test\main\java\networktool\logic\analysis\discovery\NetworkDiscoveryTest.java","0"
"Method","device_fields_accessible","test\main\java\networktool\logic\analysis\discovery\NetworkDiscoveryTest.java","0"
"Method","assertEquals","test\main\java\networktool\logic\analysis\discovery\NetworkDiscoveryTest.java","0"
"Method","assertEquals","test\main\java\networktool\logic\analysis\discovery\NetworkDiscoveryTest.java","0"
"Method","assertEquals","test\main\java\networktool\logic\analysis\discovery\NetworkDiscoveryTest.java","0"
"Method","discover_returnsNonNullList","test\main\java\networktool\logic\analysis\discovery\NetworkDiscoveryTest.java","0"
"Method","assertNotNull","test\main\java\networktool\logic\analysis\discovery\NetworkDiscoveryTest.java","0"
"Method","discover_doesNotThrow","test\main\java\networktool\logic\analysis\discovery\NetworkDiscoveryTest.java","0"
"Method","assertDoesNotThrow","test\main\java\networktool\logic\analysis\discovery\NetworkDiscoveryTest.java","0"
"Method","discover_resultIsUnmodifiable","test\main\java\networktool\logic\analysis\discovery\NetworkDiscoveryTest.java","0"
"Method","assertThrows","test\main\java\networktool\logic\analysis\discovery\NetworkDiscoveryTest.java","0"
"Method","queryHost_unreachable_returnsEmptyList","test\main\java\networktool\logic\analysis\discovery\NetworkDiscoveryTest.java","0"
"Method","assertNotNull","test\main\java\networktool\logic\analysis\discovery\NetworkDiscoveryTest.java","0"
"Method","assertTrue","test\main\java\networktool\logic\analysis\discovery\NetworkDiscoveryTest.java","0"
"Method","queryHost_doesNotThrow","test\main\java\networktool\logic\analysis\discovery\NetworkDiscoveryTest.java","0"
"Method","assertDoesNotThrow","test\main\java\networktool\logic\analysis\discovery\NetworkDiscoveryTest.java","0"
"Method","serviceRecord_guessOs_airplay","test\main\java\networktool\logic\analysis\discovery\NetworkDiscoveryTest.java","0"
"Method","assertEquals","test\main\java\networktool\logic\analysis\discovery\NetworkDiscoveryTest.java","0"
"Method","serviceRecord_guessOs_googlecast","test\main\java\networktool\logic\analysis\discovery\NetworkDiscoveryTest.java","0"
"Method","assertEquals","test\main\java\networktool\logic\analysis\discovery\NetworkDiscoveryTest.java","0"
"Method","serviceRecord_guessOs_printer","test\main\java\networktool\logic\analysis\discovery\NetworkDiscoveryTest.java","0"
"Method","assertEquals","test\main\java\networktool\logic\analysis\discovery\NetworkDiscoveryTest.java","0"
"Method","serviceRecord_guessOs_smb","test\main\java\networktool\logic\analysis\discovery\NetworkDiscoveryTest.java","0"
"Method","assertEquals","test\main\java\networktool\logic\analysis\discovery\NetworkDiscoveryTest.java","0"
"Method","serviceRecord_guessOs_http_returnsNull","test\main\java\networktool\logic\analysis\discovery\NetworkDiscoveryTest.java","0"
"Method","assertNull","test\main\java\networktool\logic\analysis\discovery\NetworkDiscoveryTest.java","0"
"Method","serviceRecord_fields_accessible","test\main\java\networktool\logic\analysis\discovery\NetworkDiscoveryTest.java","0"
"Method","assertEquals","test\main\java\networktool\logic\analysis\discovery\NetworkDiscoveryTest.java","0"
"Method","assertEquals","test\main\java\networktool\logic\analysis\discovery\NetworkDiscoveryTest.java","0"
"Method","assertEquals","test\main\java\networktool\logic\analysis\discovery\NetworkDiscoveryTest.java","0"
"Method","assertEquals","test\main\java\networktool\logic\analysis\discovery\NetworkDiscoveryTest.java","0"
"Method","loopbackReachable","test\main\java\networktool\logic\analysis\os\ExtendedOsDetectorTest.java","0"
"Method","detect_unreachable_returnsResult","test\main\java\networktool\logic\analysis\os\ExtendedOsDetectorTest.java","0"
"Method","assertNotNull","test\main\java\networktool\logic\analysis\os\ExtendedOsDetectorTest.java","0"
"Method","assertNotNull","test\main\java\networktool\logic\analysis\os\ExtendedOsDetectorTest.java","0"
"Method","assertNotNull","test\main\java\networktool\logic\analysis\os\ExtendedOsDetectorTest.java","0"
"Method","assertNotNull","test\main\java\networktool\logic\analysis\os\ExtendedOsDetectorTest.java","0"
"Method","detect_doesNotThrow","test\main\java\networktool\logic\analysis\os\ExtendedOsDetectorTest.java","0"
"Method","assertDoesNotThrow","test\main\java\networktool\logic\analysis\os\ExtendedOsDetectorTest.java","0"
"Method","detect_localhost_returnsResult","test\main\java\networktool\logic\analysis\os\ExtendedOsDetectorTest.java","0"
"Method","assumeTrue","test\main\java\networktool\logic\analysis\os\ExtendedOsDetectorTest.java","0"
"Method","assertNotNull","test\main\java\networktool\logic\analysis\os\ExtendedOsDetectorTest.java","0"
"Method","assertFalse","test\main\java\networktool\logic\analysis\os\ExtendedOsDetectorTest.java","0"
"Method","detect_unreachable_confidenceNiedrig","test\main\java\networktool\logic\analysis\os\ExtendedOsDetectorTest.java","0"
"Method","assertEquals","test\main\java\networktool\logic\analysis\os\ExtendedOsDetectorTest.java","0"
"Method","detect_result_display_containsOs","test\main\java\networktool\logic\analysis\os\ExtendedOsDetectorTest.java","0"
"Method","assertTrue","test\main\java\networktool\logic\analysis\os\ExtendedOsDetectorTest.java","0"
"Method","detect_highConfidence_skipsExtendedSteps","test\main\java\networktool\logic\analysis\os\ExtendedOsDetectorTest.java","0"
"Method","assumeTrue","test\main\java\networktool\logic\analysis\os\ExtendedOsDetectorTest.java","0"
"Method","assertNotNull","test\main\java\networktool\logic\analysis\os\ExtendedOsDetectorTest.java","0"
"Method","detect_resultMethod_notNull","test\main\java\networktool\logic\analysis\os\ExtendedOsDetectorTest.java","0"
"Method","assertNotNull","test\main\java\networktool\logic\analysis\os\ExtendedOsDetectorTest.java","0"
"Method","assertFalse","test\main\java\networktool\logic\analysis\os\ExtendedOsDetectorTest.java","0"
"Method","analyze_unreachable_returnsNull","test\main\java\networktool\logic\analysis\os\OsBannerAnalyzerTest.java","0"
"Method","assertNull","test\main\java\networktool\logic\analysis\os\OsBannerAnalyzerTest.java","0"
"Method","analyze_doesNotThrow","test\main\java\networktool\logic\analysis\os\OsBannerAnalyzerTest.java","0"
"Method","assertDoesNotThrow","test\main\java\networktool\logic\analysis\os\OsBannerAnalyzerTest.java","0"
"Method","analyzeHttps_unreachable_returnsNull","test\main\java\networktool\logic\analysis\os\OsBannerAnalyzerTest.java","0"
"Method","assertNull","test\main\java\networktool\logic\analysis\os\OsBannerAnalyzerTest.java","0"
"Method","analyzeFtp_unreachable_returnsNull","test\main\java\networktool\logic\analysis\os\OsBannerAnalyzerTest.java","0"
"Method","assertNull","test\main\java\networktool\logic\analysis\os\OsBannerAnalyzerTest.java","0"
"Method","capture","test\main\java\networktool\logic\analysis\os\OsDetectionLoggerTest.java","0"
"Method","tryStep_success_logsOk","test\main\java\networktool\logic\analysis\os\OsDetectionLoggerTest.java","0"
"Method","assertTrue","test\main\java\networktool\logic\analysis\os\OsDetectionLoggerTest.java","0"
"Method","assertTrue","test\main\java\networktool\logic\analysis\os\OsDetectionLoggerTest.java","0"
"Method","assertTrue","test\main\java\networktool\logic\analysis\os\OsDetectionLoggerTest.java","0"
"Method","tryStep_null_logsFail","test\main\java\networktool\logic\analysis\os\OsDetectionLoggerTest.java","0"
"Method","assertTrue","test\main\java\networktool\logic\analysis\os\OsDetectionLoggerTest.java","0"
"Method","assertTrue","test\main\java\networktool\logic\analysis\os\OsDetectionLoggerTest.java","0"
"Method","tryStep_returnsSignatureUnchanged","test\main\java\networktool\logic\analysis\os\OsDetectionLoggerTest.java","0"
"Method","assertSame","test\main\java\networktool\logic\analysis\os\OsDetectionLoggerTest.java","0"
"Method","tryStep_null_returnsNull","test\main\java\networktool\logic\analysis\os\OsDetectionLoggerTest.java","0"
"Method","assertNull","test\main\java\networktool\logic\analysis\os\OsDetectionLoggerTest.java","0"
"Method","tryStep_logsScore","test\main\java\networktool\logic\analysis\os\OsDetectionLoggerTest.java","0"
"Method","assertTrue","test\main\java\networktool\logic\analysis\os\OsDetectionLoggerTest.java","0"
"Method","tryStep_logsMethodName","test\main\java\networktool\logic\analysis\os\OsDetectionLoggerTest.java","0"
"Method","assertTrue","test\main\java\networktool\logic\analysis\os\OsDetectionLoggerTest.java","0"
"Method","allDepths_unreachable_returnUnbekanntNiedrig","test\main\java\networktool\logic\analysis\os\OsDetectionPipelineDepthTest.java","0"
"Method","assertEquals","test\main\java\networktool\logic\analysis\os\OsDetectionPipelineDepthTest.java","0"
"Method","assertEquals","test\main\java\networktool\logic\analysis\os\OsDetectionPipelineDepthTest.java","0"
"Method","standardDepth_matchesLegacyRunMethod","test\main\java\networktool\logic\analysis\os\OsDetectionPipelineDepthTest.java","0"
"Method","assertEquals","test\main\java\networktool\logic\analysis\os\OsDetectionPipelineDepthTest.java","0"
"Method","assertEquals","test\main\java\networktool\logic\analysis\os\OsDetectionPipelineDepthTest.java","0"
"Method","assertEquals","test\main\java\networktool\logic\analysis\os\OsDetectionPipelineDepthTest.java","0"
"Method","gruendlich_neverWorseThanStandard_onSameInput","test\main\java\networktool\logic\analysis\os\OsDetectionPipelineDepthTest.java","0"
"Method","assertTrue","test\main\java\networktool\logic\analysis\os\OsDetectionPipelineDepthTest.java","0"
"Method","allDepths_doNotThrow","test\main\java\networktool\logic\analysis\os\OsDetectionPipelineDepthTest.java","0"
"Method","confidenceScore","test\main\java\networktool\logic\analysis\os\OsDetectionPipelineDepthTest.java","0"
"Method","loopbackReachable","test\main\java\networktool\logic\analysis\os\OsDetectionPipelineTest.java","0"
"Method","run_unreachable_returnsUnbekannt","test\main\java\networktool\logic\analysis\os\OsDetectionPipelineTest.java","0"
"Method","assertNotNull","test\main\java\networktool\logic\analysis\os\OsDetectionPipelineTest.java","0"
"Method","assertEquals","test\main\java\networktool\logic\analysis\os\OsDetectionPipelineTest.java","0"
"Method","assertEquals","test\main\java\networktool\logic\analysis\os\OsDetectionPipelineTest.java","0"
"Method","run_doesNotThrow","test\main\java\networktool\logic\analysis\os\OsDetectionPipelineTest.java","0"
"Method","assertDoesNotThrow","test\main\java\networktool\logic\analysis\os\OsDetectionPipelineTest.java","0"
"Method","run_localhost_returnsNonBlank","test\main\java\networktool\logic\analysis\os\OsDetectionPipelineTest.java","0"
"Method","assumeTrue","test\main\java\networktool\logic\analysis\os\OsDetectionPipelineTest.java","0"
"Method","assertNotNull","test\main\java\networktool\logic\analysis\os\OsDetectionPipelineTest.java","0"
"Method","assertFalse","test\main\java\networktool\logic\analysis\os\OsDetectionPipelineTest.java","0"
"Method","run_methodNotNull","test\main\java\networktool\logic\analysis\os\OsDetectionPipelineTest.java","0"
"Method","assertNotNull","test\main\java\networktool\logic\analysis\os\OsDetectionPipelineTest.java","0"
"Method","run_confidenceNotNull","test\main\java\networktool\logic\analysis\os\OsDetectionPipelineTest.java","0"
"Method","assertNotNull","test\main\java\networktool\logic\analysis\os\OsDetectionPipelineTest.java","0"
"Method","run_result_display_containsOs","test\main\java\networktool\logic\analysis\os\OsDetectionPipelineTest.java","0"
"Method","assertTrue","test\main\java\networktool\logic\analysis\os\OsDetectionPipelineTest.java","0"
"Method","run_consistentWithOsDetector","test\main\java\networktool\logic\analysis\os\OsDetectionPipelineTest.java","0"
"Method","assertEquals","test\main\java\networktool\logic\analysis\os\OsDetectionPipelineTest.java","0"
"Method","assertEquals","test\main\java\networktool\logic\analysis\os\OsDetectionPipelineTest.java","0"
"Method","assertEquals","test\main\java\networktool\logic\analysis\os\OsDetectionPipelineTest.java","0"
"Method","safeCall_normalResult_returned","test\main\java\networktool\logic\analysis\os\OsDetectionStepRunnerTest.java","0"
"Method","assertSame","test\main\java\networktool\logic\analysis\os\OsDetectionStepRunnerTest.java","0"
"Method","safeCall_null_returnsNull","test\main\java\networktool\logic\analysis\os\OsDetectionStepRunnerTest.java","0"
"Method","assertNull","test\main\java\networktool\logic\analysis\os\OsDetectionStepRunnerTest.java","0"
"Method","safeCall_throwingSupplier_returnsNull","test\main\java\networktool\logic\analysis\os\OsDetectionStepRunnerTest.java","0"
"Method","safeCall_npe_returnsNull","test\main\java\networktool\logic\analysis\os\OsDetectionStepRunnerTest.java","0"
"Method","loopbackReachable","test\main\java\networktool\logic\analysis\os\OsDetectorDelegationTest.java","0"
"Method","detectWithConfidence_returnsSameAsPipeline","test\main\java\networktool\logic\analysis\os\OsDetectorDelegationTest.java","0"
"Method","assertEquals","test\main\java\networktool\logic\analysis\os\OsDetectorDelegationTest.java","0"
"Method","assertEquals","test\main\java\networktool\logic\analysis\os\OsDetectorDelegationTest.java","0"
"Method","assertEquals","test\main\java\networktool\logic\analysis\os\OsDetectorDelegationTest.java","0"
"Method","detect_returnsOsString","test\main\java\networktool\logic\analysis\os\OsDetectorDelegationTest.java","0"
"Method","assertNotNull","test\main\java\networktool\logic\analysis\os\OsDetectorDelegationTest.java","0"
"Method","assertFalse","test\main\java\networktool\logic\analysis\os\OsDetectorDelegationTest.java","0"
"Method","detectWithConfidence_unreachable_niedrig","test\main\java\networktool\logic\analysis\os\OsDetectorDelegationTest.java","0"
"Method","assertEquals","test\main\java\networktool\logic\analysis\os\OsDetectorDelegationTest.java","0"
"Method","detectFromHostname_null_returnsNull","test\main\java\networktool\logic\analysis\os\OsDetectorDelegationTest.java","0"
"Method","assertNull","test\main\java\networktool\logic\analysis\os\OsDetectorDelegationTest.java","0"
"Method","detectFromHostname_sameAsIp_returnsNull","test\main\java\networktool\logic\analysis\os\OsDetectorDelegationTest.java","0"
"Method","assertNull","test\main\java\networktool\logic\analysis\os\OsDetectorDelegationTest.java","0"
"Method","detectFromHostname_hostPrefix_returnsNull","test\main\java\networktool\logic\analysis\os\OsDetectorDelegationTest.java","0"
"Method","assertNull","test\main\java\networktool\logic\analysis\os\OsDetectorDelegationTest.java","0"
"Method","detectFromHostname_raspberry_detected","test\main\java\networktool\logic\analysis\os\OsDetectorDelegationTest.java","0"
"Method","assertEquals","test\main\java\networktool\logic\analysis\os\OsDetectorDelegationTest.java","0"
"Method","isOpen_closedPort_false","test\main\java\networktool\logic\analysis\os\OsDetectorDelegationTest.java","0"
"Method","assertFalse","test\main\java\networktool\logic\analysis\os\OsDetectorDelegationTest.java","0"
"Method","getMacFromArp_doesNotThrow","test\main\java\networktool\logic\analysis\os\OsDetectorDelegationTest.java","0"
"Method","assertDoesNotThrow","test\main\java\networktool\logic\analysis\os\OsDetectorDelegationTest.java","0"
"Method","osResult_display_containsOs","test\main\java\networktool\logic\analysis\os\OsDetectorDelegationTest.java","0"
"Method","assertTrue","test\main\java\networktool\logic\analysis\os\OsDetectorDelegationTest.java","0"
"Method","confidence_values_exist","test\main\java\networktool\logic\analysis\os\OsDetectorDelegationTest.java","0"
"Method","assertNotNull","test\main\java\networktool\logic\analysis\os\OsDetectorDelegationTest.java","0"
"Method","assertNotNull","test\main\java\networktool\logic\analysis\os\OsDetectorDelegationTest.java","0"
"Method","assertNotNull","test\main\java\networktool\logic\analysis\os\OsDetectorDelegationTest.java","0"
"Method","localhost_detect_doesNotThrow","test\main\java\networktool\logic\analysis\os\OsDetectorDelegationTest.java","0"
"Method","assumeTrue","test\main\java\networktool\logic\analysis\os\OsDetectorDelegationTest.java","0"
"Method","assertDoesNotThrow","test\main\java\networktool\logic\analysis\os\OsDetectorDelegationTest.java","0"
"Method","schnell_unreachable_niedrig","test\main\java\networktool\logic\analysis\os\OsDetectorDepthOverloadTest.java","0"
"Method","assertNotNull","test\main\java\networktool\logic\analysis\os\OsDetectorDepthOverloadTest.java","0"
"Method","assertEquals","test\main\java\networktool\logic\analysis\os\OsDetectorDepthOverloadTest.java","0"
"Method","standard_unreachable_niedrig","test\main\java\networktool\logic\analysis\os\OsDetectorDepthOverloadTest.java","0"
"Method","assertEquals","test\main\java\networktool\logic\analysis\os\OsDetectorDepthOverloadTest.java","0"
"Method","gruendlich_unreachable_niedrig","test\main\java\networktool\logic\analysis\os\OsDetectorDepthOverloadTest.java","0"
"Method","assertNotNull","test\main\java\networktool\logic\analysis\os\OsDetectorDepthOverloadTest.java","0"
"Method","assertEquals","test\main\java\networktool\logic\analysis\os\OsDetectorDepthOverloadTest.java","0"
"Method","standardOverload_matchesLegacyNoArgOverload","test\main\java\networktool\logic\analysis\os\OsDetectorDepthOverloadTest.java","0"
"Method","assertEquals","test\main\java\networktool\logic\analysis\os\OsDetectorDepthOverloadTest.java","0"
"Method","assertEquals","test\main\java\networktool\logic\analysis\os\OsDetectorDepthOverloadTest.java","0"
"Method","assertEquals","test\main\java\networktool\logic\analysis\os\OsDetectorDepthOverloadTest.java","0"
"Method","gruendlich_routesThrough_extendedOsDetector","test\main\java\networktool\logic\analysis\os\OsDetectorDepthOverloadTest.java","0"
"Method","assertEquals","test\main\java\networktool\logic\analysis\os\OsDetectorDepthOverloadTest.java","0"
"Method","assertEquals","test\main\java\networktool\logic\analysis\os\OsDetectorDepthOverloadTest.java","0"
"Method","allDepths_doNotThrow","test\main\java\networktool\logic\analysis\os\OsDetectorDepthOverloadTest.java","0"
"Method","result_display_containsOs","test\main\java\networktool\logic\analysis\os\OsDetectorDepthOverloadTest.java","0"
"Method","assertTrue","test\main\java\networktool\logic\analysis\os\OsDetectorDepthOverloadTest.java","0"
"Method","extractOui_methodDoesNotExist","test\main\java\networktool\logic\analysis\os\OsDetectorFixTest.java","0"
"Method","assertFalse","test\main\java\networktool\logic\analysis\os\OsDetectorFixTest.java","0"
"Method","detectWithConfidence_unreachable_returnsResult","test\main\java\networktool\logic\analysis\os\OsDetectorFixTest.java","0"
"Method","assertNotNull","test\main\java\networktool\logic\analysis\os\OsDetectorFixTest.java","0"
"Method","assertNotNull","test\main\java\networktool\logic\analysis\os\OsDetectorFixTest.java","0"
"Method","detect_doesNotThrowOnUnreachable","test\main\java\networktool\logic\analysis\os\OsDetectorFixTest.java","0"
"Method","assertDoesNotThrow","test\main\java\networktool\logic\analysis\os\OsDetectorFixTest.java","0"
"Method","classifyHostname_null_returnsNull","test\main\java\networktool\logic\analysis\os\OsDetectorFixTest.java","0"
"Method","assertNull","test\main\java\networktool\logic\analysis\os\OsDetectorFixTest.java","0"
"Method","classifyHostname_raspberry_detected","test\main\java\networktool\logic\analysis\os\OsDetectorFixTest.java","0"
"Method","assertEquals","test\main\java\networktool\logic\analysis\os\OsDetectorFixTest.java","0"
"Method","c","test\main\java\networktool\logic\analysis\os\OsDetectorHostnameTest.java","0"
"Method","iphone","test\main\java\networktool\logic\analysis\os\OsDetectorHostnameTest.java","0"
"Method","ipad","test\main\java\networktool\logic\analysis\os\OsDetectorHostnameTest.java","0"
"Method","macbook","test\main\java\networktool\logic\analysis\os\OsDetectorHostnameTest.java","0"
"Method","imac","test\main\java\networktool\logic\analysis\os\OsDetectorHostnameTest.java","0"
"Method","macmini","test\main\java\networktool\logic\analysis\os\OsDetectorHostnameTest.java","0"
"Method","appletv","test\main\java\networktool\logic\analysis\os\OsDetectorHostnameTest.java","0"
"Method","homepod","test\main\java\networktool\logic\analysis\os\OsDetectorHostnameTest.java","0"
"Method","apple_generic","test\main\java\networktool\logic\analysis\os\OsDetectorHostnameTest.java","0"
"Method","samsung","test\main\java\networktool\logic\analysis\os\OsDetectorHostnameTest.java","0"
"Method","samsung_sm","test\main\java\networktool\logic\analysis\os\OsDetectorHostnameTest.java","0"
"Method","pixel","test\main\java\networktool\logic\analysis\os\OsDetectorHostnameTest.java","0"
"Method","huawei","test\main\java\networktool\logic\analysis\os\OsDetectorHostnameTest.java","0"
"Method","xiaomi","test\main\java\networktool\logic\analysis\os\OsDetectorHostnameTest.java","0"
"Method","poco","test\main\java\networktool\logic\analysis\os\OsDetectorHostnameTest.java","0"
"Method","oneplus","test\main\java\networktool\logic\analysis\os\OsDetectorHostnameTest.java","0"
"Method","nothing","test\main\java\networktool\logic\analysis\os\OsDetectorHostnameTest.java","0"
"Method","oppo","test\main\java\networktool\logic\analysis\os\OsDetectorHostnameTest.java","0"
"Method","realme","test\main\java\networktool\logic\analysis\os\OsDetectorHostnameTest.java","0"
"Method","motorola","test\main\java\networktool\logic\analysis\os\OsDetectorHostnameTest.java","0"
"Method","sony","test\main\java\networktool\logic\analysis\os\OsDetectorHostnameTest.java","0"
"Method","nokia","test\main\java\networktool\logic\analysis\os\OsDetectorHostnameTest.java","0"
"Method","fairphone","test\main\java\networktool\logic\analysis\os\OsDetectorHostnameTest.java","0"
"Method","android_gen","test\main\java\networktool\logic\analysis\os\OsDetectorHostnameTest.java","0"
"Method","fritzbox","test\main\java\networktool\logic\analysis\os\OsDetectorHostnameTest.java","0"
"Method","fritzSuffix_notMatchedAsRouter","test\main\java\networktool\logic\analysis\os\OsDetectorHostnameTest.java","0"
"Method","assertNotEquals","test\main\java\networktool\logic\analysis\os\OsDetectorHostnameTest.java","0"
"Method","assertNotEquals","test\main\java\networktool\logic\analysis\os\OsDetectorHostnameTest.java","0"
"Method","fritzHostname_stillDetected","test\main\java\networktool\logic\analysis\os\OsDetectorHostnameTest.java","0"
"Method","assertTrue","test\main\java\networktool\logic\analysis\os\OsDetectorHostnameTest.java","0"
"Method","assertTrue","test\main\java\networktool\logic\analysis\os\OsDetectorHostnameTest.java","0"
"Method","unifi","test\main\java\networktool\logic\analysis\os\OsDetectorHostnameTest.java","0"
"Method","mikrotik","test\main\java\networktool\logic\analysis\os\OsDetectorHostnameTest.java","0"
"Method","cisco","test\main\java\networktool\logic\analysis\os\OsDetectorHostnameTest.java","0"
"Method","openwrt","test\main\java\networktool\logic\analysis\os\OsDetectorHostnameTest.java","0"
"Method","switch_","test\main\java\networktool\logic\analysis\os\OsDetectorHostnameTest.java","0"
"Method","accesspoint","test\main\java\networktool\logic\analysis\os\OsDetectorHostnameTest.java","0"
"Method","synology","test\main\java\networktool\logic\analysis\os\OsDetectorHostnameTest.java","0"
"Method","diskstation","test\main\java\networktool\logic\analysis\os\OsDetectorHostnameTest.java","0"
"Method","qnap","test\main\java\networktool\logic\analysis\os\OsDetectorHostnameTest.java","0"
"Method","truenas","test\main\java\networktool\logic\analysis\os\OsDetectorHostnameTest.java","0"
"Method","nas_generic","test\main\java\networktool\logic\analysis\os\OsDetectorHostnameTest.java","0"
"Method","printer","test\main\java\networktool\logic\analysis\os\OsDetectorHostnameTest.java","0"
"Method","epson","test\main\java\networktool\logic\analysis\os\OsDetectorHostnameTest.java","0"
"Method","canon","test\main\java\networktool\logic\analysis\os\OsDetectorHostnameTest.java","0"
"Method","brother","test\main\java\networktool\logic\analysis\os\OsDetectorHostnameTest.java","0"
"Method","jetdirect","test\main\java\networktool\logic\analysis\os\OsDetectorHostnameTest.java","0"
"Method","chromecast","test\main\java\networktool\logic\analysis\os\OsDetectorHostnameTest.java","0"
"Method","echo","test\main\java\networktool\logic\analysis\os\OsDetectorHostnameTest.java","0"
"Method","sonos","test\main\java\networktool\logic\analysis\os\OsDetectorHostnameTest.java","0"
"Method","shelly","test\main\java\networktool\logic\analysis\os\OsDetectorHostnameTest.java","0"
"Method","tasmota","test\main\java\networktool\logic\analysis\os\OsDetectorHostnameTest.java","0"
"Method","esp32","test\main\java\networktool\logic\analysis\os\OsDetectorHostnameTest.java","0"
"Method","iot_gen","test\main\java\networktool\logic\analysis\os\OsDetectorHostnameTest.java","0"
"Method","xbox","test\main\java\networktool\logic\analysis\os\OsDetectorHostnameTest.java","0"
"Method","ps5","test\main\java\networktool\logic\analysis\os\OsDetectorHostnameTest.java","0"
"Method","nintendo","test\main\java\networktool\logic\analysis\os\OsDetectorHostnameTest.java","0"
"Method","raspberry","test\main\java\networktool\logic\analysis\os\OsDetectorHostnameTest.java","0"
"Method","ubuntu","test\main\java\networktool\logic\analysis\os\OsDetectorHostnameTest.java","0"
"Method","windows","test\main\java\networktool\logic\analysis\os\OsDetectorHostnameTest.java","0"
"Method","ipcam","test\main\java\networktool\logic\analysis\os\OsDetectorHostnameTest.java","0"
"Method","voip","test\main\java\networktool\logic\analysis\os\OsDetectorHostnameTest.java","0"
"Method","unknown","test\main\java\networktool\logic\analysis\os\OsDetectorHostnameTest.java","0"
"Method","null_input","test\main\java\networktool\logic\analysis\os\OsDetectorHostnameTest.java","0"
"Method","iphone_detected","test\main\java\networktool\logic\analysis\os\OsDetectorPackageTest.java","0"
"Method","assertEquals","test\main\java\networktool\logic\analysis\os\OsDetectorPackageTest.java","0"
"Method","ipad_detected","test\main\java\networktool\logic\analysis\os\OsDetectorPackageTest.java","0"
"Method","assertEquals","test\main\java\networktool\logic\analysis\os\OsDetectorPackageTest.java","0"
"Method","macbook_detected","test\main\java\networktool\logic\analysis\os\OsDetectorPackageTest.java","0"
"Method","assertEquals","test\main\java\networktool\logic\analysis\os\OsDetectorPackageTest.java","0"
"Method","imac_detected","test\main\java\networktool\logic\analysis\os\OsDetectorPackageTest.java","0"
"Method","assertEquals","test\main\java\networktool\logic\analysis\os\OsDetectorPackageTest.java","0"
"Method","windows_desktop_detected","test\main\java\networktool\logic\analysis\os\OsDetectorPackageTest.java","0"
"Method","assertEquals","test\main\java\networktool\logic\analysis\os\OsDetectorPackageTest.java","0"
"Method","windows_laptop_detected","test\main\java\networktool\logic\analysis\os\OsDetectorPackageTest.java","0"
"Method","assertEquals","test\main\java\networktool\logic\analysis\os\OsDetectorPackageTest.java","0"
"Method","raspberry_detected","test\main\java\networktool\logic\analysis\os\OsDetectorPackageTest.java","0"
"Method","assertEquals","test\main\java\networktool\logic\analysis\os\OsDetectorPackageTest.java","0"
"Method","fritzbox_detected","test\main\java\networktool\logic\analysis\os\OsDetectorPackageTest.java","0"
"Method","assertEquals","test\main\java\networktool\logic\analysis\os\OsDetectorPackageTest.java","0"
"Method","samsung_detected","test\main\java\networktool\logic\analysis\os\OsDetectorPackageTest.java","0"
"Method","assertTrue","test\main\java\networktool\logic\analysis\os\OsDetectorPackageTest.java","0"
"Method","pixel_detected","test\main\java\networktool\logic\analysis\os\OsDetectorPackageTest.java","0"
"Method","assertTrue","test\main\java\networktool\logic\analysis\os\OsDetectorPackageTest.java","0"
"Method","xiaomi_detected","test\main\java\networktool\logic\analysis\os\OsDetectorPackageTest.java","0"
"Method","assertTrue","test\main\java\networktool\logic\analysis\os\OsDetectorPackageTest.java","0"
"Method","synology_detected","test\main\java\networktool\logic\analysis\os\OsDetectorPackageTest.java","0"
"Method","assertEquals","test\main\java\networktool\logic\analysis\os\OsDetectorPackageTest.java","0"
"Method","android_generic","test\main\java\networktool\logic\analysis\os\OsDetectorPackageTest.java","0"
"Method","assertEquals","test\main\java\networktool\logic\analysis\os\OsDetectorPackageTest.java","0"
"Method","xbox_detected","test\main\java\networktool\logic\analysis\os\OsDetectorPackageTest.java","0"
"Method","assertEquals","test\main\java\networktool\logic\analysis\os\OsDetectorPackageTest.java","0"
"Method","chromecast_detected","test\main\java\networktool\logic\analysis\os\OsDetectorPackageTest.java","0"
"Method","assertEquals","test\main\java\networktool\logic\analysis\os\OsDetectorPackageTest.java","0"
"Method","playstation_detected","test\main\java\networktool\logic\analysis\os\OsDetectorPackageTest.java","0"
"Method","assertNotNull","test\main\java\networktool\logic\analysis\os\OsDetectorPackageTest.java","0"
"Method","printer_detected","test\main\java\networktool\logic\analysis\os\OsDetectorPackageTest.java","0"
"Method","assertNotNull","test\main\java\networktool\logic\analysis\os\OsDetectorPackageTest.java","0"
"Method","unknown_returnsNull","test\main\java\networktool\logic\analysis\os\OsDetectorPackageTest.java","0"
"Method","assertNull","test\main\java\networktool\logic\analysis\os\OsDetectorPackageTest.java","0"
"Method","null_returnsNull","test\main\java\networktool\logic\analysis\os\OsDetectorPackageTest.java","0"
"Method","assertNull","test\main\java\networktool\logic\analysis\os\OsDetectorPackageTest.java","0"
"Method","detectByPorts_unreachable_returnsUnbekannt","test\main\java\networktool\logic\analysis\os\OsDetectorPortsTest.java","0"
"Method","assertEquals","test\main\java\networktool\logic\analysis\os\OsDetectorPortsTest.java","0"
"Method","detectWithSignature_unreachable_returnsNull","test\main\java\networktool\logic\analysis\os\OsDetectorPortsTest.java","0"
"Method","assertNull","test\main\java\networktool\logic\analysis\os\OsDetectorPortsTest.java","0"
"Method","detectWithSignature_doesNotThrow","test\main\java\networktool\logic\analysis\os\OsDetectorPortsTest.java","0"
"Method","assertDoesNotThrow","test\main\java\networktool\logic\analysis\os\OsDetectorPortsTest.java","0"
"Method","isOpen_closedPort_false","test\main\java\networktool\logic\analysis\os\OsDetectorPortsTest.java","0"
"Method","assertFalse","test\main\java\networktool\logic\analysis\os\OsDetectorPortsTest.java","0"
"Method","detectWebServer_doesNotThrow","test\main\java\networktool\logic\analysis\os\OsDetectorPortsTest.java","0"
"Method","assertDoesNotThrow","test\main\java\networktool\logic\analysis\os\OsDetectorPortsTest.java","0"
"Method","detectWebServer_unreachable_returnsWebServer","test\main\java\networktool\logic\analysis\os\OsDetectorPortsTest.java","0"
"Method","assertEquals","test\main\java\networktool\logic\analysis\os\OsDetectorPortsTest.java","0"
"Method","noTcp_ttl0_noMac_returnsNull","test\main\java\networktool\logic\analysis\os\OsFingerprintTest.java","0"
"Method","assertNull","test\main\java\networktool\logic\analysis\os\OsFingerprintTest.java","0"
"Method","noTcp_ttl32_returnsRouter","test\main\java\networktool\logic\analysis\os\OsFingerprintTest.java","0"
"Method","assertEquals","test\main\java\networktool\logic\analysis\os\OsFingerprintTest.java","0"
"Method","noTcp_ttl64_returnsLinuxOrAndroid","test\main\java\networktool\logic\analysis\os\OsFingerprintTest.java","0"
"Method","assertEquals","test\main\java\networktool\logic\analysis\os\OsFingerprintTest.java","0"
"Method","noTcp_ttl128_returnsWindowsOrAndroid","test\main\java\networktool\logic\analysis\os\OsFingerprintTest.java","0"
"Method","assertEquals","test\main\java\networktool\logic\analysis\os\OsFingerprintTest.java","0"
"Method","noTcp_ttl255_returnsIosMacos","test\main\java\networktool\logic\analysis\os\OsFingerprintTest.java","0"
"Method","assertEquals","test\main\java\networktool\logic\analysis\os\OsFingerprintTest.java","0"
"Method","noTcp_raspberryMac_overridesTtl","test\main\java\networktool\logic\analysis\os\OsFingerprintTest.java","0"
"Method","assertNotNull","test\main\java\networktool\logic\analysis\os\OsFingerprintTest.java","0"
"Method","assertTrue","test\main\java\networktool\logic\analysis\os\OsFingerprintTest.java","0"
"Method","noTcp_appleMac_overridesHighTtl","test\main\java\networktool\logic\analysis\os\OsFingerprintTest.java","0"
"Method","assertNotNull","test\main\java\networktool\logic\analysis\os\OsFingerprintTest.java","0"
"Method","assertTrue","test\main\java\networktool\logic\analysis\os\OsFingerprintTest.java","0"
"Method","noTcp_isFast","test\main\java\networktool\logic\analysis\os\OsFingerprintTest.java","0"
"Method","assertTrue","test\main\java\networktool\logic\analysis\os\OsFingerprintTest.java","0"
"Method","resolve_ttl0_noMac_returnsNull","test\main\java\networktool\logic\analysis\os\OsFingerprintTest.java","0"
"Method","assertNull","test\main\java\networktool\logic\analysis\os\OsFingerprintTest.java","0"
"Method","resolve_ttl32_returnsRouter","test\main\java\networktool\logic\analysis\os\OsFingerprintTest.java","0"
"Method","assertNotNull","test\main\java\networktool\logic\analysis\os\OsFingerprintTest.java","0"
"Method","assertTrue","test\main\java\networktool\logic\analysis\os\OsFingerprintTest.java","0"
"Method","resolve_ttl128_returnsWindowsOrAndroid","test\main\java\networktool\logic\analysis\os\OsFingerprintTest.java","0"
"Method","assertNotNull","test\main\java\networktool\logic\analysis\os\OsFingerprintTest.java","0"
"Method","assertTrue","test\main\java\networktool\logic\analysis\os\OsFingerprintTest.java","0"
"Method","resolve_ttl255_returnsApple","test\main\java\networktool\logic\analysis\os\OsFingerprintTest.java","0"
"Method","assertNotNull","test\main\java\networktool\logic\analysis\os\OsFingerprintTest.java","0"
"Method","assertTrue","test\main\java\networktool\logic\analysis\os\OsFingerprintTest.java","0"
"Method","resolve_raspberryMac_recognized","test\main\java\networktool\logic\analysis\os\OsFingerprintTest.java","0"
"Method","assertNotNull","test\main\java\networktool\logic\analysis\os\OsFingerprintTest.java","0"
"Method","assertTrue","test\main\java\networktool\logic\analysis\os\OsFingerprintTest.java","0"
"Method","runParallel_empty_returnsNull","test\main\java\networktool\logic\analysis\os\OsParallelStepRunnerTest.java","0"
"Method","assertNull","test\main\java\networktool\logic\analysis\os\OsParallelStepRunnerTest.java","0"
"Method","runParallel_picksHighestScore","test\main\java\networktool\logic\analysis\os\OsParallelStepRunnerTest.java","0"
"Method","assertNotNull","test\main\java\networktool\logic\analysis\os\OsParallelStepRunnerTest.java","0"
"Method","assertEquals","test\main\java\networktool\logic\analysis\os\OsParallelStepRunnerTest.java","0"
"Method","runParallel_allNull_returnsNull","test\main\java\networktool\logic\analysis\os\OsParallelStepRunnerTest.java","0"
"Method","assertNull","test\main\java\networktool\logic\analysis\os\OsParallelStepRunnerTest.java","0"
"Method","runParallel_throwingStep_ignoredNotThrown","test\main\java\networktool\logic\analysis\os\OsParallelStepRunnerTest.java","0"
"Method","assertNotNull","test\main\java\networktool\logic\analysis\os\OsParallelStepRunnerTest.java","0"
"Method","assertEquals","test\main\java\networktool\logic\analysis\os\OsParallelStepRunnerTest.java","0"
"Method","runParallel_slowStep_doesNotBlockOthers","test\main\java\networktool\logic\analysis\os\OsParallelStepRunnerTest.java","0"
"Method","assertNotNull","test\main\java\networktool\logic\analysis\os\OsParallelStepRunnerTest.java","0"
"Method","assertEquals","test\main\java\networktool\logic\analysis\os\OsParallelStepRunnerTest.java","0"
"Method","assertTrue","test\main\java\networktool\logic\analysis\os\OsParallelStepRunnerTest.java","0"
"Method","runParallel_fasterThanSequential_whenAllSlow","test\main\java\networktool\logic\analysis\os\OsParallelStepRunnerTest.java","0"
"Method","assertTrue","test\main\java\networktool\logic\analysis\os\OsParallelStepRunnerTest.java","0"
"Method","runParallel_noThreadLeak","test\main\java\networktool\logic\analysis\os\OsParallelStepRunnerTest.java","0"
"Method","sleepQuiet","test\main\java\networktool\logic\analysis\os\OsParallelStepRunnerTest.java","0"
"Method","assertTrue","test\main\java\networktool\logic\analysis\os\OsParallelStepRunnerTest.java","0"
"Method","sleep3s","test\main\java\networktool\logic\analysis\os\OsParallelStepRunnerTest.java","0"
"Method","sleepQuiet","test\main\java\networktool\logic\analysis\os\OsParallelStepRunnerTest.java","0"
"Method","sleepAndReturn","test\main\java\networktool\logic\analysis\os\OsParallelStepRunnerTest.java","0"
"Method","sleepQuiet","test\main\java\networktool\logic\analysis\os\OsParallelStepRunnerTest.java","0"
"Method","sleepQuiet","test\main\java\networktool\logic\analysis\os\OsParallelStepRunnerTest.java","0"
"Method","open","test\main\java\networktool\logic\analysis\os\OsPortClassifierTest.java","0"
"Method","windows_smbAndRdp_highScore","test\main\java\networktool\logic\analysis\os\OsPortClassifierTest.java","0"
"Method","assertEquals","test\main\java\networktool\logic\analysis\os\OsPortClassifierTest.java","0"
"Method","assertEquals","test\main\java\networktool\logic\analysis\os\OsPortClassifierTest.java","0"
"Method","windows_smbAndWinrm","test\main\java\networktool\logic\analysis\os\OsPortClassifierTest.java","0"
"Method","assertEquals","test\main\java\networktool\logic\analysis\os\OsPortClassifierTest.java","0"
"Method","windows_rdpAndRpc","test\main\java\networktool\logic\analysis\os\OsPortClassifierTest.java","0"
"Method","assertEquals","test\main\java\networktool\logic\analysis\os\OsPortClassifierTest.java","0"
"Method","windows_smbOnly","test\main\java\networktool\logic\analysis\os\OsPortClassifierTest.java","0"
"Method","assertEquals","test\main\java\networktool\logic\analysis\os\OsPortClassifierTest.java","0"
"Method","windows_rpcOnly","test\main\java\networktool\logic\analysis\os\OsPortClassifierTest.java","0"
"Method","assertEquals","test\main\java\networktool\logic\analysis\os\OsPortClassifierTest.java","0"
"Method","windows_netbiosOnly","test\main\java\networktool\logic\analysis\os\OsPortClassifierTest.java","0"
"Method","assertEquals","test\main\java\networktool\logic\analysis\os\OsPortClassifierTest.java","0"
"Method","macos_afpAndMdns","test\main\java\networktool\logic\analysis\os\OsPortClassifierTest.java","0"
"Method","assertEquals","test\main\java\networktool\logic\analysis\os\OsPortClassifierTest.java","0"
"Method","macos_afpOnly","test\main\java\networktool\logic\analysis\os\OsPortClassifierTest.java","0"
"Method","assertEquals","test\main\java\networktool\logic\analysis\os\OsPortClassifierTest.java","0"
"Method","macos_airplay","test\main\java\networktool\logic\analysis\os\OsPortClassifierTest.java","0"
"Method","assertEquals","test\main\java\networktool\logic\analysis\os\OsPortClassifierTest.java","0"
"Method","printer_jetdirect","test\main\java\networktool\logic\analysis\os\OsPortClassifierTest.java","0"
"Method","assertEquals","test\main\java\networktool\logic\analysis\os\OsPortClassifierTest.java","0"
"Method","printer_ippAndLpd","test\main\java\networktool\logic\analysis\os\OsPortClassifierTest.java","0"
"Method","assertEquals","test\main\java\networktool\logic\analysis\os\OsPortClassifierTest.java","0"
"Method","printer_ippOnly","test\main\java\networktool\logic\analysis\os\OsPortClassifierTest.java","0"
"Method","assertEquals","test\main\java\networktool\logic\analysis\os\OsPortClassifierTest.java","0"
"Method","printer_lpdOnly","test\main\java\networktool\logic\analysis\os\OsPortClassifierTest.java","0"
"Method","assertEquals","test\main\java\networktool\logic\analysis\os\OsPortClassifierTest.java","0"
"Method","iot_mqtt","test\main\java\networktool\logic\analysis\os\OsPortClassifierTest.java","0"
"Method","assertEquals","test\main\java\networktool\logic\analysis\os\OsPortClassifierTest.java","0"
"Method","assertEquals","test\main\java\networktool\logic\analysis\os\OsPortClassifierTest.java","0"
"Method","network_snmp","test\main\java\networktool\logic\analysis\os\OsPortClassifierTest.java","0"
"Method","assertEquals","test\main\java\networktool\logic\analysis\os\OsPortClassifierTest.java","0"
"Method","network_dhcp","test\main\java\networktool\logic\analysis\os\OsPortClassifierTest.java","0"
"Method","assertEquals","test\main\java\networktool\logic\analysis\os\OsPortClassifierTest.java","0"
"Method","network_dns","test\main\java\networktool\logic\analysis\os\OsPortClassifierTest.java","0"
"Method","assertEquals","test\main\java\networktool\logic\analysis\os\OsPortClassifierTest.java","0"
"Method","network_telnet","test\main\java\networktool\logic\analysis\os\OsPortClassifierTest.java","0"
"Method","assertEquals","test\main\java\networktool\logic\analysis\os\OsPortClassifierTest.java","0"
"Method","linux_sshOnly","test\main\java\networktool\logic\analysis\os\OsPortClassifierTest.java","0"
"Method","assertEquals","test\main\java\networktool\logic\analysis\os\OsPortClassifierTest.java","0"
"Method","linux_mysqlWithSsh","test\main\java\networktool\logic\analysis\os\OsPortClassifierTest.java","0"
"Method","assertEquals","test\main\java\networktool\logic\analysis\os\OsPortClassifierTest.java","0"
"Method","linux_postgresWithSsh","test\main\java\networktool\logic\analysis\os\OsPortClassifierTest.java","0"
"Method","assertEquals","test\main\java\networktool\logic\analysis\os\OsPortClassifierTest.java","0"
"Method","linux_redisWithSsh","test\main\java\networktool\logic\analysis\os\OsPortClassifierTest.java","0"
"Method","assertEquals","test\main\java\networktool\logic\analysis\os\OsPortClassifierTest.java","0"
"Method","linux_prometheusWithSsh","test\main\java\networktool\logic\analysis\os\OsPortClassifierTest.java","0"
"Method","assertEquals","test\main\java\networktool\logic\analysis\os\OsPortClassifierTest.java","0"
"Method","linux_elasticsearchWithSsh","test\main\java\networktool\logic\analysis\os\OsPortClassifierTest.java","0"
"Method","assertEquals","test\main\java\networktool\logic\analysis\os\OsPortClassifierTest.java","0"
"Method","linux_mailServerWithSsh","test\main\java\networktool\logic\analysis\os\OsPortClassifierTest.java","0"
"Method","assertEquals","test\main\java\networktool\logic\analysis\os\OsPortClassifierTest.java","0"
"Method","linux_httpsWithSsh","test\main\java\networktool\logic\analysis\os\OsPortClassifierTest.java","0"
"Method","assertEquals","test\main\java\networktool\logic\analysis\os\OsPortClassifierTest.java","0"
"Method","mssql_windows","test\main\java\networktool\logic\analysis\os\OsPortClassifierTest.java","0"
"Method","assertEquals","test\main\java\networktool\logic\analysis\os\OsPortClassifierTest.java","0"
"Method","mysqlOnly_linuxUnix","test\main\java\networktool\logic\analysis\os\OsPortClassifierTest.java","0"
"Method","assertEquals","test\main\java\networktool\logic\analysis\os\OsPortClassifierTest.java","0"
"Method","postgresOnly_linuxUnix","test\main\java\networktool\logic\analysis\os\OsPortClassifierTest.java","0"
"Method","assertEquals","test\main\java\networktool\logic\analysis\os\OsPortClassifierTest.java","0"
"Method","httpsOnly_webServer","test\main\java\networktool\logic\analysis\os\OsPortClassifierTest.java","0"
"Method","assertEquals","test\main\java\networktool\logic\analysis\os\OsPortClassifierTest.java","0"
"Method","noPorts_returnsNull","test\main\java\networktool\logic\analysis\os\OsPortClassifierTest.java","0"
"Method","assertNull","test\main\java\networktool\logic\analysis\os\OsPortClassifierTest.java","0"
"Method","unrelatedPort_returnsNull","test\main\java\networktool\logic\analysis\os\OsPortClassifierTest.java","0"
"Method","assertNull","test\main\java\networktool\logic\analysis\os\OsPortClassifierTest.java","0"
"Method","probeNetBios_unreachable_returnsNull","test\main\java\networktool\logic\analysis\os\OsProbeUdpTest.java","0"
"Method","assertNull","test\main\java\networktool\logic\analysis\os\OsProbeUdpTest.java","0"
"Method","probeNetBios_localhost_doesNotThrow","test\main\java\networktool\logic\analysis\os\OsProbeUdpTest.java","0"
"Method","assertDoesNotThrow","test\main\java\networktool\logic\analysis\os\OsProbeUdpTest.java","0"
"Method","probeMdns_unreachable_returnsNull","test\main\java\networktool\logic\analysis\os\OsProbeUdpTest.java","0"
"Method","assertNull","test\main\java\networktool\logic\analysis\os\OsProbeUdpTest.java","0"
"Method","probeMdns_localhost_doesNotThrow","test\main\java\networktool\logic\analysis\os\OsProbeUdpTest.java","0"
"Method","assertDoesNotThrow","test\main\java\networktool\logic\analysis\os\OsProbeUdpTest.java","0"
"Method","probeSnmp_unreachable_returnsNull","test\main\java\networktool\logic\analysis\os\OsProbeUdpTest.java","0"
"Method","assertNull","test\main\java\networktool\logic\analysis\os\OsProbeUdpTest.java","0"
"Method","probeSnmp_localhost_doesNotThrow","test\main\java\networktool\logic\analysis\os\OsProbeUdpTest.java","0"
"Method","assertDoesNotThrow","test\main\java\networktool\logic\analysis\os\OsProbeUdpTest.java","0"
"Method","probe_unreachable_returnsNull","test\main\java\networktool\logic\analysis\os\OsProbeUdpTest.java","0"
"Method","assertNull","test\main\java\networktool\logic\analysis\os\OsProbeUdpTest.java","0"
"Method","probe_doesNotHang","test\main\java\networktool\logic\analysis\os\OsProbeUdpTest.java","0"
"Method","assertTrue","test\main\java\networktool\logic\analysis\os\OsProbeUdpTest.java","0"
"Method","best_nullA_returnsB","test\main\java\networktool\logic\analysis\os\OsSignatureTest.java","0"
"Method","assertSame","test\main\java\networktool\logic\analysis\os\OsSignatureTest.java","0"
"Method","best_nullB_returnsA","test\main\java\networktool\logic\analysis\os\OsSignatureTest.java","0"
"Method","assertSame","test\main\java\networktool\logic\analysis\os\OsSignatureTest.java","0"
"Method","best_higherScoreWins","test\main\java\networktool\logic\analysis\os\OsSignatureTest.java","0"
"Method","assertEquals","test\main\java\networktool\logic\analysis\os\OsSignatureTest.java","0"
"Method","best_equalScore_firstWins","test\main\java\networktool\logic\analysis\os\OsSignatureTest.java","0"
"Method","assertEquals","test\main\java\networktool\logic\analysis\os\OsSignatureTest.java","0"
"Method","toConfidence_high","test\main\java\networktool\logic\analysis\os\OsSignatureTest.java","0"
"Method","toConfidence_medium","test\main\java\networktool\logic\analysis\os\OsSignatureTest.java","0"
"Method","toConfidence_low","test\main\java\networktool\logic\analysis\os\OsSignatureTest.java","0"
"Method","toConfidence_exact80","test\main\java\networktool\logic\analysis\os\OsSignatureTest.java","0"
"Method","toConfidence_exact40","test\main\java\networktool\logic\analysis\os\OsSignatureTest.java","0"
"Method","values_containsAllThree","test\main\java\networktool\logic\analysis\os\ScanDepthTest.java","0"
"Method","assertEquals","test\main\java\networktool\logic\analysis\os\ScanDepthTest.java","0"
"Method","assertNotNull","test\main\java\networktool\logic\analysis\os\ScanDepthTest.java","0"
"Method","assertNotNull","test\main\java\networktool\logic\analysis\os\ScanDepthTest.java","0"
"Method","assertNotNull","test\main\java\networktool\logic\analysis\os\ScanDepthTest.java","0"
"Method","valueOf_roundtrip","test\main\java\networktool\logic\analysis\os\ScanDepthTest.java","0"
"Method","assertEquals","test\main\java\networktool\logic\analysis\os\ScanDepthTest.java","0"
"Method","enableTestMode","test\main\java\networktool\logic\analysis\probe\IpInspectorExtTest.java","0"
"Method","disableTestMode","test\main\java\networktool\logic\analysis\probe\IpInspectorExtTest.java","0"
"Method","loopbackReachable","test\main\java\networktool\logic\analysis\probe\IpInspectorExtTest.java","0"
"Method","quickScan_testMode_doesNotThrow","test\main\java\networktool\logic\analysis\probe\IpInspectorExtTest.java","0"
"Method","assertDoesNotThrow","test\main\java\networktool\logic\analysis\probe\IpInspectorExtTest.java","0"
"Method","inspect_testMode_doesNotThrow","test\main\java\networktool\logic\analysis\probe\IpInspectorExtTest.java","0"
"Method","assertDoesNotThrow","test\main\java\networktool\logic\analysis\probe\IpInspectorExtTest.java","0"
"Method","inspectHopsOnly_testMode_doesNotThrow","test\main\java\networktool\logic\analysis\probe\IpInspectorExtTest.java","0"
"Method","assertDoesNotThrow","test\main\java\networktool\logic\analysis\probe\IpInspectorExtTest.java","0"
"Method","quickScan_unreachable_doesNotThrow","test\main\java\networktool\logic\analysis\probe\IpInspectorExtTest.java","0"
"Method","assertDoesNotThrow","test\main\java\networktool\logic\analysis\probe\IpInspectorExtTest.java","0"
"Method","inspect_unreachable_doesNotThrow","test\main\java\networktool\logic\analysis\probe\IpInspectorExtTest.java","0"
"Method","assertDoesNotThrow","test\main\java\networktool\logic\analysis\probe\IpInspectorExtTest.java","0"
"Method","quickScan_localhost_doesNotThrow","test\main\java\networktool\logic\analysis\probe\IpInspectorExtTest.java","0"
"Method","assumeTrue","test\main\java\networktool\logic\analysis\probe\IpInspectorExtTest.java","0"
"Method","assertDoesNotThrow","test\main\java\networktool\logic\analysis\probe\IpInspectorExtTest.java","0"
"Method","inspect_localhost_doesNotThrow","test\main\java\networktool\logic\analysis\probe\IpInspectorExtTest.java","0"
"Method","assumeTrue","test\main\java\networktool\logic\analysis\probe\IpInspectorExtTest.java","0"
"Method","assertDoesNotThrow","test\main\java\networktool\logic\analysis\probe\IpInspectorExtTest.java","0"
"Method","parseLine_noDoubleSemicolon_msValuesCorrect","test\main\java\networktool\logic\analysis\probe\TracerouteRunnerFixTest.java","0"
"Method","assertNotNull","test\main\java\networktool\logic\analysis\probe\TracerouteRunnerFixTest.java","0"
"Method","assertEquals","test\main\java\networktool\logic\analysis\probe\TracerouteRunnerFixTest.java","0"
"Method","parseLine_singleMs_noExtraEntry","test\main\java\networktool\logic\analysis\probe\TracerouteRunnerFixTest.java","0"
"Method","assertNotNull","test\main\java\networktool\logic\analysis\probe\TracerouteRunnerFixTest.java","0"
"Method","assertFalse","test\main\java\networktool\logic\analysis\probe\TracerouteRunnerFixTest.java","0"
"Method","parseLine_timeout_emptyMsValues","test\main\java\networktool\logic\analysis\probe\TracerouteRunnerFixTest.java","0"
"Method","assertNotNull","test\main\java\networktool\logic\analysis\probe\TracerouteRunnerFixTest.java","0"
"Method","assertTrue","test\main\java\networktool\logic\analysis\probe\TracerouteRunnerFixTest.java","0"
"Method","assertTrue","test\main\java\networktool\logic\analysis\probe\TracerouteRunnerFixTest.java","0"
"Method","parseLine_windows_normal","test\main\java\networktool\logic\analysis\probe\TracerouteRunnerPackageTest.java","0"
"Method","assertNotNull","test\main\java\networktool\logic\analysis\probe\TracerouteRunnerPackageTest.java","0"
"Method","assertEquals","test\main\java\networktool\logic\analysis\probe\TracerouteRunnerPackageTest.java","0"
"Method","assertEquals","test\main\java\networktool\logic\analysis\probe\TracerouteRunnerPackageTest.java","0"
"Method","assertFalse","test\main\java\networktool\logic\analysis\probe\TracerouteRunnerPackageTest.java","0"
"Method","parseLine_timeout","test\main\java\networktool\logic\analysis\probe\TracerouteRunnerPackageTest.java","0"
"Method","assertNotNull","test\main\java\networktool\logic\analysis\probe\TracerouteRunnerPackageTest.java","0"
"Method","assertTrue","test\main\java\networktool\logic\analysis\probe\TracerouteRunnerPackageTest.java","0"
"Method","parseLine_linux","test\main\java\networktool\logic\analysis\probe\TracerouteRunnerPackageTest.java","0"
"Method","assertNotNull","test\main\java\networktool\logic\analysis\probe\TracerouteRunnerPackageTest.java","0"
"Method","assertEquals","test\main\java\networktool\logic\analysis\probe\TracerouteRunnerPackageTest.java","0"
"Method","assertEquals","test\main\java\networktool\logic\analysis\probe\TracerouteRunnerPackageTest.java","0"
"Method","parseLine_empty_returnsNull","test\main\java\networktool\logic\analysis\probe\TracerouteRunnerPackageTest.java","0"
"Method","assertNull","test\main\java\networktool\logic\analysis\probe\TracerouteRunnerPackageTest.java","0"
"Method","parseLine_noNumber_returnsNull","test\main\java\networktool\logic\analysis\probe\TracerouteRunnerPackageTest.java","0"
"Method","assertNull","test\main\java\networktool\logic\analysis\probe\TracerouteRunnerPackageTest.java","0"
"Method","parseLine_multipleMs","test\main\java\networktool\logic\analysis\probe\TracerouteRunnerPackageTest.java","0"
"Method","assertNotNull","test\main\java\networktool\logic\analysis\probe\TracerouteRunnerPackageTest.java","0"
"Method","assertFalse","test\main\java\networktool\logic\analysis\probe\TracerouteRunnerPackageTest.java","0"
"Method","hopInfo_latencyFormatted_single","test\main\java\networktool\logic\analysis\probe\TracerouteRunnerPackageTest.java","0"
"Method","assertEquals","test\main\java\networktool\logic\analysis\probe\TracerouteRunnerPackageTest.java","0"
"Method","hopInfo_latencyFormatted_multiple","test\main\java\networktool\logic\analysis\probe\TracerouteRunnerPackageTest.java","0"
"Method","assertTrue","test\main\java\networktool\logic\analysis\probe\TracerouteRunnerPackageTest.java","0"
"Method","assertTrue","test\main\java\networktool\logic\analysis\probe\TracerouteRunnerPackageTest.java","0"
"Method","hopInfo_latencyFormatted_empty","test\main\java\networktool\logic\analysis\probe\TracerouteRunnerPackageTest.java","0"
"Method","assertEquals","test\main\java\networktool\logic\analysis\probe\TracerouteRunnerPackageTest.java","0"
"Method","tryWinRM_shellMetachars_rejected","test\main\java\networktool\logic\messaging\MessageDeliveryInjectionTest.java","0"
"Method","tryWinRM_scriptBreakout_rejected","test\main\java\networktool\logic\messaging\MessageDeliveryInjectionTest.java","0"
"Method","tryWinRM_blank_rejected","test\main\java\networktool\logic\messaging\MessageDeliveryInjectionTest.java","0"
"Method","assertFalse","test\main\java\networktool\logic\messaging\MessageDeliveryInjectionTest.java","0"
"Method","assertFalse","test\main\java\networktool\logic\messaging\MessageDeliveryInjectionTest.java","0"
"Method","trySsh_shellMetachars_rejected","test\main\java\networktool\logic\messaging\MessageDeliveryInjectionTest.java","0"
"Method","assertFalse","test\main\java\networktool\logic\messaging\MessageDeliveryInjectionTest.java","0"
"Method","trySsh_backtickInjection_rejected","test\main\java\networktool\logic\messaging\MessageDeliveryInjectionTest.java","0"
"Method","assertFalse","test\main\java\networktool\logic\messaging\MessageDeliveryInjectionTest.java","0"
"Method","trySsh_null_rejected","test\main\java\networktool\logic\messaging\MessageDeliveryInjectionTest.java","0"
"Method","assertFalse","test\main\java\networktool\logic\messaging\MessageDeliveryInjectionTest.java","0"
"Method","tryWinRM_validButUnreachable_returnsFalse","test\main\java\networktool\logic\messaging\MessageDeliveryInjectionTest.java","0"
"Method","assertFalse","test\main\java\networktool\logic\messaging\MessageDeliveryInjectionTest.java","0"
"Method","trySsh_validButUnreachable_returnsFalse","test\main\java\networktool\logic\messaging\MessageDeliveryInjectionTest.java","0"
"Method","assertFalse","test\main\java\networktool\logic\messaging\MessageDeliveryInjectionTest.java","0"
"Method","tryListener_injectionAttemptIp_falseNotThrow","test\main\java\networktool\logic\messaging\MessageDeliveryInjectionTest.java","0"
"Method","tryListener_null_falseNotThrow","test\main\java\networktool\logic\messaging\MessageDeliveryInjectionTest.java","0"
"Method","assertFalse","test\main\java\networktool\logic\messaging\MessageDeliveryInjectionTest.java","0"
"Method","tryNtfy_injectionAttemptTopic_doesNotThrow","test\main\java\networktool\logic\messaging\MessageDeliveryInjectionTest.java","0"
"Method","trySsh_shellMetachars_rejected","test\main\java\networktool\logic\messaging\MessageDeliverySshTest.java","0"
"Method","assertFalse","test\main\java\networktool\logic\messaging\MessageDeliverySshTest.java","0"
"Method","trySsh_backtickInjection_rejected","test\main\java\networktool\logic\messaging\MessageDeliverySshTest.java","0"
"Method","assertFalse","test\main\java\networktool\logic\messaging\MessageDeliverySshTest.java","0"
"Method","trySsh_null_rejected","test\main\java\networktool\logic\messaging\MessageDeliverySshTest.java","0"
"Method","assertFalse","test\main\java\networktool\logic\messaging\MessageDeliverySshTest.java","0"
"Method","trySsh_validButUnreachable_returnsFalse","test\main\java\networktool\logic\messaging\MessageDeliverySshTest.java","0"
"Method","assertFalse","test\main\java\networktool\logic\messaging\MessageDeliverySshTest.java","0"
"Method","trySsh_closedPort_returnsFalse","test\main\java\networktool\logic\messaging\MessageDeliverySshTest.java","0"
"Method","assertFalse","test\main\java\networktool\logic\messaging\MessageDeliverySshTest.java","0"
"Method","tryWinRM_shellMetachars_rejected","test\main\java\networktool\logic\messaging\MessageDeliveryWinRmTest.java","0"
"Method","tryWinRM_scriptBreakout_rejected","test\main\java\networktool\logic\messaging\MessageDeliveryWinRmTest.java","0"
"Method","tryWinRM_blank_rejected","test\main\java\networktool\logic\messaging\MessageDeliveryWinRmTest.java","0"
"Method","assertFalse","test\main\java\networktool\logic\messaging\MessageDeliveryWinRmTest.java","0"
"Method","assertFalse","test\main\java\networktool\logic\messaging\MessageDeliveryWinRmTest.java","0"
"Method","tryWinRM_validButUnreachable_returnsFalse","test\main\java\networktool\logic\messaging\MessageDeliveryWinRmTest.java","0"
"Method","assertFalse","test\main\java\networktool\logic\messaging\MessageDeliveryWinRmTest.java","0"
"Method","tryWinRM_closedPort_returnsFalse","test\main\java\networktool\logic\messaging\MessageDeliveryWinRmTest.java","0"
"Method","assertFalse","test\main\java\networktool\logic\messaging\MessageDeliveryWinRmTest.java","0"
"Method","tryListener_closedPort_returnsFalse","test\main\java\networktool\logic\messaging\MessagingPackageTest.java","0"
"Method","assertFalse","test\main\java\networktool\logic\messaging\MessagingPackageTest.java","0"
"Method","tryWinRM_closedPort_returnsFalse","test\main\java\networktool\logic\messaging\MessagingPackageTest.java","0"
"Method","assertFalse","test\main\java\networktool\logic\messaging\MessagingPackageTest.java","0"
"Method","trySsh_closedPort_returnsFalse","test\main\java\networktool\logic\messaging\MessagingPackageTest.java","0"
"Method","assertFalse","test\main\java\networktool\logic\messaging\MessagingPackageTest.java","0"
"Method","tryNtfy_invalidTopic_doesNotThrow","test\main\java\networktool\logic\messaging\MessagingPackageTest.java","0"
"Method","assertDoesNotThrow","test\main\java\networktool\logic\messaging\MessagingPackageTest.java","0"
"Method","readStream_emptyStream_returnsEmpty","test\main\java\networktool\logic\messaging\MessagingPackageTest.java","0"
"Method","assertEquals","test\main\java\networktool\logic\messaging\MessagingPackageTest.java","0"
"Method","readStream_withContent_returnsText","test\main\java\networktool\logic\messaging\MessagingPackageTest.java","0"
"Method","assertTrue","test\main\java\networktool\logic\messaging\MessagingPackageTest.java","0"
"Method","assertTrue","test\main\java\networktool\logic\messaging\MessagingPackageTest.java","0"
"Method","timeout_constant_positive","test\main\java\networktool\logic\messaging\MessagingPackageTest.java","0"
"Method","assertTrue","test\main\java\networktool\logic\messaging\MessagingPackageTest.java","0"
"Method","commonPorts_methodDoesNotExist","test\main\java\networktool\logic\ports\PortScannerFixTest.java","0"
"Method","assertFalse","test\main\java\networktool\logic\ports\PortScannerFixTest.java","0"
"Method","defaultPorts_notEmpty","test\main\java\networktool\logic\ports\PortScannerFixTest.java","0"
"Method","assertFalse","test\main\java\networktool\logic\ports\PortScannerFixTest.java","0"
"Method","fastPorts_notEmpty","test\main\java\networktool\logic\ports\PortScannerFixTest.java","0"
"Method","assertFalse","test\main\java\networktool\logic\ports\PortScannerFixTest.java","0"
"Method","fastPorts_subsetOfDefaultPorts","test\main\java\networktool\logic\ports\PortScannerFixTest.java","0"
"Method","assertTrue","test\main\java\networktool\logic\ports\PortScannerFixTest.java","0"
"Method","setActivePorts_null_resetsToDefault","test\main\java\networktool\logic\ports\PortScannerFixTest.java","0"
"Method","assertEquals","test\main\java\networktool\logic\ports\PortScannerFixTest.java","0"
"Method","setActivePorts_empty_resetsToDefault","test\main\java\networktool\logic\ports\PortScannerFixTest.java","0"
"Method","assertEquals","test\main\java\networktool\logic\ports\PortScannerFixTest.java","0"
"Method","setActivePorts_custom_applied","test\main\java\networktool\logic\ports\PortScannerFixTest.java","0"
"Method","assertEquals","test\main\java\networktool\logic\ports\PortScannerFixTest.java","0"
"Method","probePort_closed_returnsClosed","test\main\java\networktool\logic\ports\PortScannerFixTest.java","0"
"Method","assertEquals","test\main\java\networktool\logic\ports\PortScannerFixTest.java","0"
"Method","isOpen_closedPort_false","test\main\java\networktool\logic\ports\PortScannerFixTest.java","0"
"Method","assertFalse","test\main\java\networktool\logic\ports\PortScannerFixTest.java","0"
"Method","scanSimple_doesNotThrow","test\main\java\networktool\logic\ports\PortScannerFixTest.java","0"
"Method","assertDoesNotThrow","test\main\java\networktool\logic\ports\PortScannerFixTest.java","0"
"Method","grab_closedPort_returnsServiceName","test\main\java\networktool\logic\ports\PortsPackageTest.java","0"
"Method","assertNotNull","test\main\java\networktool\logic\ports\PortsPackageTest.java","0"
"Method","assertFalse","test\main\java\networktool\logic\ports\PortsPackageTest.java","0"
"Method","grab_knownPort_returnsLabel","test\main\java\networktool\logic\ports\PortsPackageTest.java","0"
"Method","assertNotNull","test\main\java\networktool\logic\ports\PortsPackageTest.java","0"
"Method","assertTrue","test\main\java\networktool\logic\ports\PortsPackageTest.java","0"
"Method","grab_port80_returnsHttpLabel","test\main\java\networktool\logic\ports\PortsPackageTest.java","0"
"Method","assertNotNull","test\main\java\networktool\logic\ports\PortsPackageTest.java","0"
"Method","grab_port443_returnsHttpsLabel","test\main\java\networktool\logic\ports\PortsPackageTest.java","0"
"Method","assertEquals","test\main\java\networktool\logic\ports\PortsPackageTest.java","0"
"Method","grab_defaultTimeout","test\main\java\networktool\logic\ports\PortsPackageTest.java","0"
"Method","assertNotNull","test\main\java\networktool\logic\ports\PortsPackageTest.java","0"
"Method","grab_port21_returnsFtp","test\main\java\networktool\logic\ports\PortsPackageTest.java","0"
"Method","assertEquals","test\main\java\networktool\logic\ports\PortsPackageTest.java","0"
"Method","grab_port53_returnsDns","test\main\java\networktool\logic\ports\PortsPackageTest.java","0"
"Method","assertEquals","test\main\java\networktool\logic\ports\PortsPackageTest.java","0"
"Method","grab_port3306_returnsMysql","test\main\java\networktool\logic\ports\PortsPackageTest.java","0"
"Method","assertEquals","test\main\java\networktool\logic\ports\PortsPackageTest.java","0"
"Method","grab_port6379_returnsRedis","test\main\java\networktool\logic\ports\PortsPackageTest.java","0"
"Method","assertEquals","test\main\java\networktool\logic\ports\PortsPackageTest.java","0"
"Method","grab_port27017_returnsMongo","test\main\java\networktool\logic\ports\PortsPackageTest.java","0"
"Method","assertEquals","test\main\java\networktool\logic\ports\PortsPackageTest.java","0"
"Method","grab_port1883_returnsMqtt","test\main\java\networktool\logic\ports\PortsPackageTest.java","0"
"Method","assertEquals","test\main\java\networktool\logic\ports\PortsPackageTest.java","0"
"Method","grab_port5353_returnsMdns","test\main\java\networktool\logic\ports\PortsPackageTest.java","0"
"Method","assertEquals","test\main\java\networktool\logic\ports\PortsPackageTest.java","0"
"Method","grab_port9100_returnsJetDirect","test\main\java\networktool\logic\ports\PortsPackageTest.java","0"
"Method","assertEquals","test\main\java\networktool\logic\ports\PortsPackageTest.java","0"
"Method","grab_port515_returnsLpd","test\main\java\networktool\logic\ports\PortsPackageTest.java","0"
"Method","assertEquals","test\main\java\networktool\logic\ports\PortsPackageTest.java","0"
"Method","grab_port548_returnsAfp","test\main\java\networktool\logic\ports\PortsPackageTest.java","0"
"Method","assertEquals","test\main\java\networktool\logic\ports\PortsPackageTest.java","0"
"Method","grab_port161_returnsSnmp","test\main\java\networktool\logic\ports\PortsPackageTest.java","0"
"Method","assertEquals","test\main\java\networktool\logic\ports\PortsPackageTest.java","0"
"Method","grab_port3389_returnsRdp","test\main\java\networktool\logic\ports\PortsPackageTest.java","0"
"Method","assertEquals","test\main\java\networktool\logic\ports\PortsPackageTest.java","0"
"Method","grab_port5985_returnsWinrm","test\main\java\networktool\logic\ports\PortsPackageTest.java","0"
"Method","assertNotNull","test\main\java\networktool\logic\ports\PortsPackageTest.java","0"
"Method","grab_port5986_returnsWinrmHttps","test\main\java\networktool\logic\ports\PortsPackageTest.java","0"
"Method","assertEquals","test\main\java\networktool\logic\ports\PortsPackageTest.java","0"
"Method","probePort_closedPort_returnsClosed","test\main\java\networktool\logic\ports\PortsPackageTest.java","0"
"Method","assertEquals","test\main\java\networktool\logic\ports\PortsPackageTest.java","0"
"Method","isOpen_closedPort_false","test\main\java\networktool\logic\ports\PortsPackageTest.java","0"
"Method","assertFalse","test\main\java\networktool\logic\ports\PortsPackageTest.java","0"
"Method","isOpen_withServer_true","test\main\java\networktool\logic\ports\PortsPackageTest.java","0"
"Method","try","test\main\java\networktool\logic\ports\PortsPackageTest.java","0"
"Method","assertTrue","test\main\java\networktool\logic\ports\PortsPackageTest.java","0"
"Method","probePort_openPort_returnsOpen","test\main\java\networktool\logic\ports\PortsPackageTest.java","0"
"Method","try","test\main\java\networktool\logic\ports\PortsPackageTest.java","0"
"Method","assertEquals","test\main\java\networktool\logic\ports\PortsPackageTest.java","0"
"Method","scanSimple_closedHost_emptyMap","test\main\java\networktool\logic\ports\PortsPackageTest.java","0"
"Method","assertNotNull","test\main\java\networktool\logic\ports\PortsPackageTest.java","0"
"Method","resetRate","test\main\java\networktool\logic\scan\host\HostAliveCheckerRateLimitTest.java","0"
"Method","isAlive_withHighRate_sameResultAsUnlimited","test\main\java\networktool\logic\scan\host\HostAliveCheckerRateLimitTest.java","0"
"Method","try","test\main\java\networktool\logic\scan\host\HostAliveCheckerRateLimitTest.java","0"
"Method","assertTrue","test\main\java\networktool\logic\scan\host\HostAliveCheckerRateLimitTest.java","0"
"Method","isAlive_withThrottledRate_stillEventuallyTrue","test\main\java\networktool\logic\scan\host\HostAliveCheckerRateLimitTest.java","0"
"Method","try","test\main\java\networktool\logic\scan\host\HostAliveCheckerRateLimitTest.java","0"
"Method","assertTrue","test\main\java\networktool\logic\scan\host\HostAliveCheckerRateLimitTest.java","0"
"Method","isAlive_unreachable_falseRegardlessOfRate","test\main\java\networktool\logic\scan\host\HostAliveCheckerRateLimitTest.java","0"
"Method","assertFalse","test\main\java\networktool\logic\scan\host\HostAliveCheckerRateLimitTest.java","0"
"Method","isAlive_lowRate_takesLongerButDoesNotThrow","test\main\java\networktool\logic\scan\host\HostAliveCheckerRateLimitTest.java","0"
"Method","assertDoesNotThrow","test\main\java\networktool\logic\scan\host\HostAliveCheckerRateLimitTest.java","0"
"Method","reachableViaSocket","test\main\java\networktool\logic\scan\host\HostAliveCheckerRateLimitTest.java","0"
"Method","try","test\main\java\networktool\logic\scan\host\HostAliveCheckerRateLimitTest.java","0"
"Method","discover_emptyList_returnsEmpty","test\main\java\networktool\logic\scan\host\NetworkDiscoverySweepTest.java","0"
"Method","assertTrue","test\main\java\networktool\logic\scan\host\NetworkDiscoverySweepTest.java","0"
"Method","discover_doesNotThrow","test\main\java\networktool\logic\scan\host\NetworkDiscoverySweepTest.java","0"
"Method","assertDoesNotThrow","test\main\java\networktool\logic\scan\host\NetworkDiscoverySweepTest.java","0"
"Method","discover_resultSubsetOfCandidates","test\main\java\networktool\logic\scan\host\NetworkDiscoverySweepTest.java","0"
"Method","assertTrue","test\main\java\networktool\logic\scan\host\NetworkDiscoverySweepTest.java","0"
"Method","readMacFromArp_localhost_doesNotThrow","test\main\java\networktool\logic\scan\host\NetworkHostScannerPackageTest.java","0"
"Method","assertDoesNotThrow","test\main\java\networktool\logic\scan\host\NetworkHostScannerPackageTest.java","0"
"Method","readMacFromArp_unreachable_returnsNull","test\main\java\networktool\logic\scan\host\NetworkHostScannerPackageTest.java","0"
"Method","assertNull","test\main\java\networktool\logic\scan\host\NetworkHostScannerPackageTest.java","0"
"Method","shrinkTimeouts","test\main\java\networktool\logic\scan\host\NetworkTimeoutTestBase.java","0"
"Method","getAllSubnets_doesNotThrow","test\main\java\networktool\logic\scan\host\SubnetDetectorTest.java","0"
"Method","assertDoesNotThrow","test\main\java\networktool\logic\scan\host\SubnetDetectorTest.java","0"
"Method","getAllSubnets_returnsNotNull","test\main\java\networktool\logic\scan\host\SubnetDetectorTest.java","0"
"Method","assertNotNull","test\main\java\networktool\logic\scan\host\SubnetDetectorTest.java","0"
"Method","getAllSubnets_noMoreThan256Entries","test\main\java\networktool\logic\scan\host\SubnetDetectorTest.java","0"
"Method","assertTrue","test\main\java\networktool\logic\scan\host\SubnetDetectorTest.java","0"
"Method","getAllSubnets_formattedCorrectly","test\main\java\networktool\logic\scan\host\SubnetDetectorTest.java","0"
"Method","assertEquals","test\main\java\networktool\logic\scan\host\SubnetDetectorTest.java","0"
"Method","assertTrue","test\main\java\networktool\logic\scan\host\SubnetDetectorTest.java","0"
"Method","getAllSubnets_noLoopback","test\main\java\networktool\logic\scan\host\SubnetDetectorTest.java","0"
"Method","assertFalse","test\main\java\networktool\logic\scan\host\SubnetDetectorTest.java","0"
"Method","getAllSubnets_noLinkLocal","test\main\java\networktool\logic\scan\host\SubnetDetectorTest.java","0"
"Method","getAllSubnets_noDockerBridge","test\main\java\networktool\logic\scan\host\SubnetDetectorTest.java","0"
"Method","assertTrue","test\main\java\networktool\logic\scan\host\SubnetDetectorTest.java","0"
"Method","getTotalHostCount_correctMultiplier","test\main\java\networktool\logic\scan\host\SubnetDetectorTest.java","0"
"Method","assertEquals","test\main\java\networktool\logic\scan\host\SubnetDetectorTest.java","0"
"Method","normalizeCidr_withSlash","test\main\java\networktool\logic\scan\remote\RemoteNetScannerPackageTest.java","0"
"Method","assertEquals","test\main\java\networktool\logic\scan\remote\RemoteNetScannerPackageTest.java","0"
"Method","normalizeCidr_threeOctets","test\main\java\networktool\logic\scan\remote\RemoteNetScannerPackageTest.java","0"
"Method","assertEquals","test\main\java\networktool\logic\scan\remote\RemoteNetScannerPackageTest.java","0"
"Method","normalizeCidr_twoOctets","test\main\java\networktool\logic\scan\remote\RemoteNetScannerPackageTest.java","0"
"Method","assertTrue","test\main\java\networktool\logic\scan\remote\RemoteNetScannerPackageTest.java","0"
"Method","normalizeCidr_fourOctets_noSlash","test\main\java\networktool\logic\scan\remote\RemoteNetScannerPackageTest.java","0"
"Method","assertTrue","test\main\java\networktool\logic\scan\remote\RemoteNetScannerPackageTest.java","0"
"Method","normalizeCidr_null","test\main\java\networktool\logic\scan\remote\RemoteNetScannerPackageTest.java","0"
"Method","assertNull","test\main\java\networktool\logic\scan\remote\RemoteNetScannerPackageTest.java","0"
"Method","cidrToSubnetPrefixes_slash24_onePrefix","test\main\java\networktool\logic\scan\remote\RemoteNetScannerPackageTest.java","0"
"Method","assertEquals","test\main\java\networktool\logic\scan\remote\RemoteNetScannerPackageTest.java","0"
"Method","assertEquals","test\main\java\networktool\logic\scan\remote\RemoteNetScannerPackageTest.java","0"
"Method","cidrToSubnetPrefixes_slash23_twoPrefixes","test\main\java\networktool\logic\scan\remote\RemoteNetScannerPackageTest.java","0"
"Method","assertEquals","test\main\java\networktool\logic\scan\remote\RemoteNetScannerPackageTest.java","0"
"Method","cidrToSubnetPrefixes_slash16_256prefixes","test\main\java\networktool\logic\scan\remote\RemoteNetScannerPackageTest.java","0"
"Method","assertEquals","test\main\java\networktool\logic\scan\remote\RemoteNetScannerPackageTest.java","0"
"Method","cidrToSubnetPrefixes_slash25_onePrefix","test\main\java\networktool\logic\scan\remote\RemoteNetScannerPackageTest.java","0"
"Method","assertEquals","test\main\java\networktool\logic\scan\remote\RemoteNetScannerPackageTest.java","0"
"Method","cidrToSubnetPrefixes_invalid_empty","test\main\java\networktool\logic\scan\remote\RemoteNetScannerPackageTest.java","0"
"Method","assertTrue","test\main\java\networktool\logic\scan\remote\RemoteNetScannerPackageTest.java","0"
"Method","setup","test\main\java\networktool\logic\scan\schedule\AdaptiveTimeoutEstimatorTest.java","0"
"Method","teardown","test\main\java\networktool\logic\scan\schedule\AdaptiveTimeoutEstimatorTest.java","0"
"Method","disabled_returnsDefault_evenWithHistory","test\main\java\networktool\logic\scan\schedule\AdaptiveTimeoutEstimatorTest.java","0"
"Method","assertEquals","test\main\java\networktool\logic\scan\schedule\AdaptiveTimeoutEstimatorTest.java","0"
"Method","isEnabled_reflectsSetEnabled","test\main\java\networktool\logic\scan\schedule\AdaptiveTimeoutEstimatorTest.java","0"
"Method","assertFalse","test\main\java\networktool\logic\scan\schedule\AdaptiveTimeoutEstimatorTest.java","0"
"Method","assertTrue","test\main\java\networktool\logic\scan\schedule\AdaptiveTimeoutEstimatorTest.java","0"
"Method","estimate_emptyHistory_returnsDefault","test\main\java\networktool\logic\scan\schedule\AdaptiveTimeoutEstimatorTest.java","0"
"Method","assertEquals","test\main\java\networktool\logic\scan\schedule\AdaptiveTimeoutEstimatorTest.java","0"
"Method","estimate_singleSample_returnsDefault","test\main\java\networktool\logic\scan\schedule\AdaptiveTimeoutEstimatorTest.java","0"
"Method","assertEquals","test\main\java\networktool\logic\scan\schedule\AdaptiveTimeoutEstimatorTest.java","0"
"Method","estimate_stableHistory_atLeastDefault","test\main\java\networktool\logic\scan\schedule\AdaptiveTimeoutEstimatorTest.java","0"
"Method","assertTrue","test\main\java\networktool\logic\scan\schedule\AdaptiveTimeoutEstimatorTest.java","0"
"Method","estimate_stableHistory_closeToMean_whenAboveDefault","test\main\java\networktool\logic\scan\schedule\AdaptiveTimeoutEstimatorTest.java","0"
"Method","assertTrue","test\main\java\networktool\logic\scan\schedule\AdaptiveTimeoutEstimatorTest.java","0"
"Method","estimate_volatileHistory_cappedAtDouble","test\main\java\networktool\logic\scan\schedule\AdaptiveTimeoutEstimatorTest.java","0"
"Method","assertEquals","test\main\java\networktool\logic\scan\schedule\AdaptiveTimeoutEstimatorTest.java","0"
"Method","subnets_trackedIndependently","test\main\java\networktool\logic\scan\schedule\AdaptiveTimeoutEstimatorTest.java","0"
"Method","assertTrue","test\main\java\networktool\logic\scan\schedule\AdaptiveTimeoutEstimatorTest.java","0"
"Method","subnet24_null_forInvalidIp","test\main\java\networktool\logic\scan\schedule\AdaptiveTimeoutEstimatorTest.java","0"
"Method","assertNull","test\main\java\networktool\logic\scan\schedule\AdaptiveTimeoutEstimatorTest.java","0"
"Method","assertNull","test\main\java\networktool\logic\scan\schedule\AdaptiveTimeoutEstimatorTest.java","0"
"Method","record_nullResult_doesNotThrow","test\main\java\networktool\logic\scan\schedule\AdaptiveTimeoutEstimatorTest.java","0"
"Method","assertDoesNotThrow","test\main\java\networktool\logic\scan\schedule\AdaptiveTimeoutEstimatorTest.java","0"
"Method","record_nullIp_doesNotThrow","test\main\java\networktool\logic\scan\schedule\AdaptiveTimeoutEstimatorTest.java","0"
"Method","assertDoesNotThrow","test\main\java\networktool\logic\scan\schedule\AdaptiveTimeoutEstimatorTest.java","0"
"Method","record_withIcmpResult_feedsHistory","test\main\java\networktool\logic\scan\schedule\AdaptiveTimeoutEstimatorTest.java","0"
"Method","assertEquals","test\main\java\networktool\logic\scan\schedule\AdaptiveTimeoutEstimatorTest.java","0"
"Method","reset_clearsHistory","test\main\java\networktool\logic\scan\schedule\AdaptiveTimeoutEstimatorTest.java","0"
"Method","assertEquals","test\main\java\networktool\logic\scan\schedule\AdaptiveTimeoutEstimatorTest.java","0"
"Method","doesNotAffect_securityRelatedStaticTimeouts","test\main\java\networktool\logic\scan\schedule\AdaptiveTimeoutEstimatorTest.java","0"
"Method","assertEquals","test\main\java\networktool\logic\scan\schedule\AdaptiveTimeoutEstimatorTest.java","0"
"Method","assertEquals","test\main\java\networktool\logic\scan\schedule\AdaptiveTimeoutEstimatorTest.java","0"
"Method","isExpired_freshEntry_false","test\main\java\networktool\logic\scan\schedule\ArpCacheEntryTest.java","0"
"Method","assertFalse","test\main\java\networktool\logic\scan\schedule\ArpCacheEntryTest.java","0"
"Method","isExpired_justUnderTtl_false","test\main\java\networktool\logic\scan\schedule\ArpCacheEntryTest.java","0"
"Method","assertFalse","test\main\java\networktool\logic\scan\schedule\ArpCacheEntryTest.java","0"
"Method","isExpired_pastTtl_true","test\main\java\networktool\logic\scan\schedule\ArpCacheEntryTest.java","0"
"Method","assertTrue","test\main\java\networktool\logic\scan\schedule\ArpCacheEntryTest.java","0"
"Method","fields_accessible","test\main\java\networktool\logic\scan\schedule\ArpCacheEntryTest.java","0"
"Method","assertEquals","test\main\java\networktool\logic\scan\schedule\ArpCacheEntryTest.java","0"
"Method","assertEquals","test\main\java\networktool\logic\scan\schedule\ArpCacheEntryTest.java","0"
"Method","assertEquals","test\main\java\networktool\logic\scan\schedule\ArpCacheEntryTest.java","0"
"Method","getRole_unknown_byDefault","test\main\java\networktool\logic\scan\schedule\MapTrafficObserverTest.java","0"
"Method","assertEquals","test\main\java\networktool\logic\scan\schedule\MapTrafficObserverTest.java","0"
"Method","getAllRoles_empty_initially","test\main\java\networktool\logic\scan\schedule\MapTrafficObserverTest.java","0"
"Method","assertTrue","test\main\java\networktool\logic\scan\schedule\MapTrafficObserverTest.java","0"
"Method","getAllRoles_isUnmodifiable","test\main\java\networktool\logic\scan\schedule\MapTrafficObserverTest.java","0"
"Method","assertThrows","test\main\java\networktool\logic\scan\schedule\MapTrafficObserverTest.java","0"
"Method","clear_removesRoles","test\main\java\networktool\logic\scan\schedule\MapTrafficObserverTest.java","0"
"Method","assertTrue","test\main\java\networktool\logic\scan\schedule\MapTrafficObserverTest.java","0"
"Method","probe_unreachable_staysUnknown","test\main\java\networktool\logic\scan\schedule\MapTrafficObserverTest.java","0"
"Method","assertEquals","test\main\java\networktool\logic\scan\schedule\MapTrafficObserverTest.java","0"
"Method","nodeRole_values_exist","test\main\java\networktool\logic\scan\schedule\MapTrafficObserverTest.java","0"
"Method","assertNotNull","test\main\java\networktool\logic\scan\schedule\MapTrafficObserverTest.java","0"
"Method","assertNotNull","test\main\java\networktool\logic\scan\schedule\MapTrafficObserverTest.java","0"
"Method","assertNotNull","test\main\java\networktool\logic\scan\schedule\MapTrafficObserverTest.java","0"
"Method","assertNotNull","test\main\java\networktool\logic\scan\schedule\MapTrafficObserverTest.java","0"
"Method","acquire_burstAllowsImmediateTokens","test\main\java\networktool\logic\scan\schedule\ScanRateLimiterTest.java","0"
"Method","assertTrue","test\main\java\networktool\logic\scan\schedule\ScanRateLimiterTest.java","0"
"Method","acquire_respectsConfiguredRate_afterBurstDrained","test\main\java\networktool\logic\scan\schedule\ScanRateLimiterTest.java","0"
"Method","assertTrue","test\main\java\networktool\logic\scan\schedule\ScanRateLimiterTest.java","0"
"Method","acquire_timeout_returnsFalseWhenExhausted","test\main\java\networktool\logic\scan\schedule\ScanRateLimiterTest.java","0"
"Method","assertTrue","test\main\java\networktool\logic\scan\schedule\ScanRateLimiterTest.java","0"
"Method","assertFalse","test\main\java\networktool\logic\scan\schedule\ScanRateLimiterTest.java","0"
"Method","acquire_recoversAfterPause","test\main\java\networktool\logic\scan\schedule\ScanRateLimiterTest.java","0"
"Method","assertTrue","test\main\java\networktool\logic\scan\schedule\ScanRateLimiterTest.java","0"
"Method","assertTrue","test\main\java\networktool\logic\scan\schedule\ScanRateLimiterTest.java","0"
"Method","assertFalse","test\main\java\networktool\logic\scan\schedule\ScanRateLimiterTest.java","0"
"Method","assertTrue","test\main\java\networktool\logic\scan\schedule\ScanRateLimiterTest.java","0"
"Method","acquire_doesNotBlockForeverOnBurst","test\main\java\networktool\logic\scan\schedule\ScanRateLimiterTest.java","0"
"Method","assertTrue","test\main\java\networktool\logic\scan\schedule\ScanRateLimiterTest.java","0"
"Method","setRate_updatesRateAndBurst","test\main\java\networktool\logic\scan\schedule\ScanRateLimiterTest.java","0"
"Method","assertEquals","test\main\java\networktool\logic\scan\schedule\ScanRateLimiterTest.java","0"
"Method","assertEquals","test\main\java\networktool\logic\scan\schedule\ScanRateLimiterTest.java","0"
"Method","setRate_clampsToMinimumOne","test\main\java\networktool\logic\scan\schedule\ScanRateLimiterTest.java","0"
"Method","assertEquals","test\main\java\networktool\logic\scan\schedule\ScanRateLimiterTest.java","0"
"Method","assertEquals","test\main\java\networktool\logic\scan\schedule\ScanRateLimiterTest.java","0"
"Method","getInstance_returnsSingleton","test\main\java\networktool\logic\scan\schedule\ScanRateLimiterTest.java","0"
"Method","assertSame","test\main\java\networktool\logic\scan\schedule\ScanRateLimiterTest.java","0"
"Method","acquire_defaultTimeout_doesNotThrow","test\main\java\networktool\logic\scan\schedule\ScanRateLimiterTest.java","0"
"Method","assertDoesNotThrow","test\main\java\networktool\logic\scan\schedule\ScanRateLimiterTest.java","0"
"Method","acquire_interrupted_returnsFalse","test\main\java\networktool\logic\scan\schedule\ScanRateLimiterTest.java","0"
"Method","assertFalse","test\main\java\networktool\logic\scan\schedule\ScanRateLimiterTest.java","0"
"Method","setup","test\main\java\networktool\logic\scan\schedule\ScanSchedulerFixTest.java","0"
"Method","cleanup","test\main\java\networktool\logic\scan\schedule\ScanSchedulerFixTest.java","0"
"Method","start_doesNotThrow","test\main\java\networktool\logic\scan\schedule\ScanSchedulerFixTest.java","0"
"Method","isRunning_afterStart","test\main\java\networktool\logic\scan\schedule\ScanSchedulerFixTest.java","0"
"Method","assertTrue","test\main\java\networktool\logic\scan\schedule\ScanSchedulerFixTest.java","0"
"Method","stop_afterStart_notRunning","test\main\java\networktool\logic\scan\schedule\ScanSchedulerFixTest.java","0"
"Method","assertTrue","test\main\java\networktool\logic\scan\schedule\ScanSchedulerFixTest.java","0"
"Method","assertTrue","test\main\java\networktool\logic\scan\schedule\ScanSchedulerFixTest.java","0"
"Method","stopAll_clearsAll","test\main\java\networktool\logic\scan\schedule\ScanSchedulerFixTest.java","0"
"Method","assertTrue","test\main\java\networktool\logic\scan\schedule\ScanSchedulerFixTest.java","0"
"Method","getRunning_isUnmodifiable","test\main\java\networktool\logic\scan\schedule\ScanSchedulerFixTest.java","0"
"Method","assertThrows","test\main\java\networktool\logic\scan\schedule\ScanSchedulerFixTest.java","0"
"Method","setup","test\main\java\networktool\logic\scan\schedule\ScanSchedulerPackageTest.java","0"
"Method","cleanup","test\main\java\networktool\logic\scan\schedule\ScanSchedulerPackageTest.java","0"
"Method","start_knownProfile_isRunning","test\main\java\networktool\logic\scan\schedule\ScanSchedulerPackageTest.java","0"
"Method","assertTrue","test\main\java\networktool\logic\scan\schedule\ScanSchedulerPackageTest.java","0"
"Method","stop_afterStart_notRunning","test\main\java\networktool\logic\scan\schedule\ScanSchedulerPackageTest.java","0"
"Method","assertTrue","test\main\java\networktool\logic\scan\schedule\ScanSchedulerPackageTest.java","0"
"Method","assertTrue","test\main\java\networktool\logic\scan\schedule\ScanSchedulerPackageTest.java","0"
"Method","getRunning_containsStarted","test\main\java\networktool\logic\scan\schedule\ScanSchedulerPackageTest.java","0"
"Method","assertTrue","test\main\java\networktool\logic\scan\schedule\ScanSchedulerPackageTest.java","0"
"Method","startTwice_replacesExisting","test\main\java\networktool\logic\scan\schedule\ScanSchedulerPackageTest.java","0"
"Method","assertTrue","test\main\java\networktool\logic\scan\schedule\ScanSchedulerPackageTest.java","0"
"Method","stopAll_clearsAll","test\main\java\networktool\logic\scan\schedule\ScanSchedulerPackageTest.java","0"
"Method","assertTrue","test\main\java\networktool\logic\scan\schedule\ScanSchedulerPackageTest.java","0"
"Method","zero_allFalse","test\main\java\networktool\logic\sonify\BitEncoderTest.java","0"
"Method","max_allTrue","test\main\java\networktool\logic\sonify\BitEncoderTest.java","0"
"Method","one_lastBitTrue","test\main\java\networktool\logic\sonify\BitEncoderTest.java","0"
"Method","assertTrue","test\main\java\networktool\logic\sonify\BitEncoderTest.java","0"
"Method","assertFalse","test\main\java\networktool\logic\sonify\BitEncoderTest.java","0"
"Method","size_isEight","test\main\java\networktool\logic\sonify\BitEncoderTest.java","0"
"Method","wraps_negative","test\main\java\networktool\logic\sonify\BitEncoderTest.java","0"
"Method","wraps_over256","test\main\java\networktool\logic\sonify\BitEncoderTest.java","0"
"Method","read_unknownIface_doesNotThrow","test\main\java\networktool\logic\sonify\InterfaceStatsReaderTest.java","0"
"Method","assertDoesNotThrow","test\main\java\networktool\logic\sonify\InterfaceStatsReaderTest.java","0"
"Method","read_unknownIface_nullOrValid","test\main\java\networktool\logic\sonify\InterfaceStatsReaderTest.java","0"
"Method","assertTrue","test\main\java\networktool\logic\sonify\InterfaceStatsReaderTest.java","0"
"Method","play_zeroVolume_doesNotThrow","test\main\java\networktool\logic\sonify\PlainToneTest.java","0"
"Method","assertDoesNotThrow","test\main\java\networktool\logic\sonify\PlainToneTest.java","0"
"Method","play_normal_doesNotThrow","test\main\java\networktool\logic\sonify\PlainToneTest.java","0"
"Method","assertDoesNotThrow","test\main\java\networktool\logic\sonify\PlainToneTest.java","0"
"Method","play_zeroDuration_doesNotThrow","test\main\java\networktool\logic\sonify\PlainToneTest.java","0"
"Method","assertDoesNotThrow","test\main\java\networktool\logic\sonify\PlainToneTest.java","0"
"Method","save_and_load_roundtrip","test\main\java\networktool\logic\sonify\SonifyConfigStoreTest.java","0"
"Method","assertEquals","test\main\java\networktool\logic\sonify\SonifyConfigStoreTest.java","0"
"Method","assertEquals","test\main\java\networktool\logic\sonify\SonifyConfigStoreTest.java","0"
"Method","assertEquals","test\main\java\networktool\logic\sonify\SonifyConfigStoreTest.java","0"
"Method","load_doesNotThrow","test\main\java\networktool\logic\sonify\SonifyConfigStoreTest.java","0"
"Method","assertDoesNotThrow","test\main\java\networktool\logic\sonify\SonifyConfigStoreTest.java","0"
"Method","defaults_matchConstants","test\main\java\networktool\logic\sonify\SonifyConfigTest.java","0"
"Method","assertEquals","test\main\java\networktool\logic\sonify\SonifyConfigTest.java","0"
"Method","assertEquals","test\main\java\networktool\logic\sonify\SonifyConfigTest.java","0"
"Method","copy_isIndependent","test\main\java\networktool\logic\sonify\SonifyConfigTest.java","0"
"Method","assertNotEquals","test\main\java\networktool\logic\sonify\SonifyConfigTest.java","0"
"Method","play_audible_doesNotThrow","test\main\java\networktool\logic\sonify\ToneGeneratorTest.java","0"
"Method","assertDoesNotThrow","test\main\java\networktool\logic\sonify\ToneGeneratorTest.java","0"
"Method","play_silence_doesNotThrow","test\main\java\networktool\logic\sonify\ToneGeneratorTest.java","0"
"Method","assertDoesNotThrow","test\main\java\networktool\logic\sonify\ToneGeneratorTest.java","0"
"Method","play_zeroVolume_doesNotThrow","test\main\java\networktool\logic\sonify\ToneGeneratorTest.java","0"
"Method","assertDoesNotThrow","test\main\java\networktool\logic\sonify\ToneGeneratorTest.java","0"
"Method","stop","test\main\java\networktool\logic\sonify\TrafficSonifierConfigTest.java","0"
"Method","setConfig_getConfig_roundtrip","test\main\java\networktool\logic\sonify\TrafficSonifierConfigTest.java","0"
"Method","assertEquals","test\main\java\networktool\logic\sonify\TrafficSonifierConfigTest.java","0"
"Method","getConfig_returnsCopy","test\main\java\networktool\logic\sonify\TrafficSonifierConfigTest.java","0"
"Method","assertNotEquals","test\main\java\networktool\logic\sonify\TrafficSonifierConfigTest.java","0"
"Method","start_storesActiveInterface","test\main\java\networktool\logic\sonify\TrafficSonifierConfigTest.java","0"
"Method","assertEquals","test\main\java\networktool\logic\sonify\TrafficSonifierConfigTest.java","0"
"Method","start_thenStop_notActive","test\main\java\networktool\logic\sonify\TrafficSonifierConfigTest.java","0"
"Method","assertFalse","test\main\java\networktool\logic\sonify\TrafficSonifierConfigTest.java","0"
"Method","stop","test\main\java\networktool\logic\sonify\TrafficSonifierTest.java","0"
"Method","isActive_initiallyFalse","test\main\java\networktool\logic\sonify\TrafficSonifierTest.java","0"
"Method","start_setsActive","test\main\java\networktool\logic\sonify\TrafficSonifierTest.java","0"
"Method","stop_clearsActive","test\main\java\networktool\logic\sonify\TrafficSonifierTest.java","0"
"Method","startTwice_doesNotThrow","test\main\java\networktool\logic\sonify\TrafficSonifierTest.java","0"
"Method","stop_whenInactive_doesNotThrow","test\main\java\networktool\logic\sonify\TrafficSonifierTest.java","0"
"Method","setVolume_clamps","test\main\java\networktool\logic\sonify\TrafficSonifierTest.java","0"
"Method","sonifyDelta_outgoing_doesNotThrow","test\main\java\networktool\logic\sonify\TrafficSonifierTest.java","0"
"Method","assertDoesNotThrow","test\main\java\networktool\logic\sonify\TrafficSonifierTest.java","0"
"Method","sonifyDelta_incoming_doesNotThrow","test\main\java\networktool\logic\sonify\TrafficSonifierTest.java","0"
"Method","assertDoesNotThrow","test\main\java\networktool\logic\sonify\TrafficSonifierTest.java","0"
"Method","sonifyDelta_zero_doesNotThrow","test\main\java\networktool\logic\sonify\TrafficSonifierTest.java","0"
"Method","assertDoesNotThrow","test\main\java\networktool\logic\sonify\TrafficSonifierTest.java","0"
"Method","outgoing_highFreq","test\main\java\networktool\logic\sonify\TrafficToneTest.java","0"
"Method","assertEquals","test\main\java\networktool\logic\sonify\TrafficToneTest.java","0"
"Method","incoming_lowFreq","test\main\java\networktool\logic\sonify\TrafficToneTest.java","0"
"Method","assertEquals","test\main\java\networktool\logic\sonify\TrafficToneTest.java","0"
"Method","highVolume_longDuration","test\main\java\networktool\logic\sonify\TrafficToneTest.java","0"
"Method","assertEquals","test\main\java\networktool\logic\sonify\TrafficToneTest.java","0"
"Method","lowVolume_shortDuration","test\main\java\networktool\logic\sonify\TrafficToneTest.java","0"
"Method","assertEquals","test\main\java\networktool\logic\sonify\TrafficToneTest.java","0"
"Method","bitZero_notAudible","test\main\java\networktool\logic\sonify\TrafficToneTest.java","0"
"Method","assertFalse","test\main\java\networktool\logic\sonify\TrafficToneTest.java","0"
"Method","enumValues_haveExpectedHz","test\main\java\networktool\logic\sonify\TrafficToneTest.java","0"
"Method","assertEquals","test\main\java\networktool\logic\sonify\TrafficToneTest.java","0"
"Method","assertEquals","test\main\java\networktool\logic\sonify\TrafficToneTest.java","0"
"Method","enumValues_haveExpectedMs","test\main\java\networktool\logic\sonify\TrafficToneTest.java","0"
"Method","assertEquals","test\main\java\networktool\logic\sonify\TrafficToneTest.java","0"
"Method","assertEquals","test\main\java\networktool\logic\sonify\TrafficToneTest.java","0"
"Method","fields_accessible","test\main\java\networktool\logic\visualize\TrafficSampleTest.java","0"
"Method","assertEquals","test\main\java\networktool\logic\visualize\TrafficSampleTest.java","0"
"Method","assertEquals","test\main\java\networktool\logic\visualize\TrafficSampleTest.java","0"
"Method","assertEquals","test\main\java\networktool\logic\visualize\TrafficSampleTest.java","0"
"Method","zeroDeltas_allowed","test\main\java\networktool\logic\visualize\TrafficSampleTest.java","0"
"Method","assertEquals","test\main\java\networktool\logic\visualize\TrafficSampleTest.java","0"
"Method","assertEquals","test\main\java\networktool\logic\visualize\TrafficSampleTest.java","0"
"Method","equals_sameValues","test\main\java\networktool\logic\visualize\TrafficSampleTest.java","0"
"Method","assertEquals","test\main\java\networktool\logic\visualize\TrafficSampleTest.java","0"
"Method","equals_differentValues","test\main\java\networktool\logic\visualize\TrafficSampleTest.java","0"
"Method","assertNotEquals","test\main\java\networktool\logic\visualize\TrafficSampleTest.java","0"
"Method","hashCode_consistentWithEquals","test\main\java\networktool\logic\visualize\TrafficSampleTest.java","0"
"Method","assertEquals","test\main\java\networktool\logic\visualize\TrafficSampleTest.java","0"
"Method","toString_containsFieldValues","test\main\java\networktool\logic\visualize\TrafficSampleTest.java","0"
"Method","assertTrue","test\main\java\networktool\logic\visualize\TrafficSampleTest.java","0"
"Method","cleanup","test\main\java\networktool\logic\visualize\TrafficVisualizerTest.java","0"
"Method","isActive_initiallyFalse","test\main\java\networktool\logic\visualize\TrafficVisualizerTest.java","0"
"Method","start_setsActive","test\main\java\networktool\logic\visualize\TrafficVisualizerTest.java","0"
"Method","assertTrue","test\main\java\networktool\logic\visualize\TrafficVisualizerTest.java","0"
"Method","start_setsActiveInterface","test\main\java\networktool\logic\visualize\TrafficVisualizerTest.java","0"
"Method","assertEquals","test\main\java\networktool\logic\visualize\TrafficVisualizerTest.java","0"
"Method","stop_clearsActive","test\main\java\networktool\logic\visualize\TrafficVisualizerTest.java","0"
"Method","assertFalse","test\main\java\networktool\logic\visualize\TrafficVisualizerTest.java","0"
"Method","startTwice_doesNotThrow_secondStartIgnored","test\main\java\networktool\logic\visualize\TrafficVisualizerTest.java","0"
"Method","assertEquals","test\main\java\networktool\logic\visualize\TrafficVisualizerTest.java","0"
"Method","stop_whenInactive_doesNotThrow","test\main\java\networktool\logic\visualize\TrafficVisualizerTest.java","0"
"Method","assertDoesNotThrow","test\main\java\networktool\logic\visualize\TrafficVisualizerTest.java","0"
"Method","getSnapshot_initiallyEmpty","test\main\java\networktool\logic\visualize\TrafficVisualizerTest.java","0"
"Method","assertTrue","test\main\java\networktool\logic\visualize\TrafficVisualizerTest.java","0"
"Method","offerSample_appearsInSnapshot","test\main\java\networktool\logic\visualize\TrafficVisualizerTest.java","0"
"Method","assertEquals","test\main\java\networktool\logic\visualize\TrafficVisualizerTest.java","0"
"Method","assertEquals","test\main\java\networktool\logic\visualize\TrafficVisualizerTest.java","0"
"Method","clear_removesAllSamples","test\main\java\networktool\logic\visualize\TrafficVisualizerTest.java","0"
"Method","assertTrue","test\main\java\networktool\logic\visualize\TrafficVisualizerTest.java","0"
"Method","getSnapshot_isUnmodifiable","test\main\java\networktool\logic\visualize\TrafficVisualizerTest.java","0"
"Method","assertThrows","test\main\java\networktool\logic\visualize\TrafficVisualizerTest.java","0"
"Method","getSnapshot_isCopy_notLiveView","test\main\java\networktool\logic\visualize\TrafficVisualizerTest.java","0"
"Method","assertEquals","test\main\java\networktool\logic\visualize\TrafficVisualizerTest.java","0"
"Method","samples_orderedOldestFirst","test\main\java\networktool\logic\visualize\TrafficVisualizerTest.java","0"
"Method","assertEquals","test\main\java\networktool\logic\visualize\TrafficVisualizerTest.java","0"
"Method","assertEquals","test\main\java\networktool\logic\visualize\TrafficVisualizerTest.java","0"
"Method","setCapacity_trimsExistingBuffer","test\main\java\networktool\logic\visualize\TrafficVisualizerTest.java","0"
"Method","assertEquals","test\main\java\networktool\logic\visualize\TrafficVisualizerTest.java","0"
"Method","setCapacity_keepsNewestSamples","test\main\java\networktool\logic\visualize\TrafficVisualizerTest.java","0"
"Method","assertEquals","test\main\java\networktool\logic\visualize\TrafficVisualizerTest.java","0"
"Method","assertEquals","test\main\java\networktool\logic\visualize\TrafficVisualizerTest.java","0"
"Method","setCapacity_zeroOrNegative_ignored","test\main\java\networktool\logic\visualize\TrafficVisualizerTest.java","0"
"Method","assertEquals","test\main\java\networktool\logic\visualize\TrafficVisualizerTest.java","0"
"Method","offerSample_beyondCapacity_dropsOldest","test\main\java\networktool\logic\visualize\TrafficVisualizerTest.java","0"
"Method","assertEquals","test\main\java\networktool\logic\visualize\TrafficVisualizerTest.java","0"
"Method","assertEquals","test\main\java\networktool\logic\visualize\TrafficVisualizerTest.java","0"
"Method","start_realInterface_eventuallyProducesSample","test\main\java\networktool\logic\visualize\TrafficVisualizerTest.java","0"
"Method","assumeTrue","test\main\java\networktool\logic\visualize\TrafficVisualizerTest.java","0"
"Method","assertTrue","test\main\java\networktool\logic\visualize\TrafficVisualizerTest.java","0"
"Method","start_unknownInterface_doesNotThrow_noSamples","test\main\java\networktool\logic\visualize\TrafficVisualizerTest.java","0"
"Method","assertTrue","test\main\java\networktool\logic\visualize\TrafficVisualizerTest.java","0"
"Method","run_nonWindows_orInvalidScript_noThrow","test\main\java\networktool\logic\windows\PowerShellRunnerTest.java","0"
"Method","assertDoesNotThrow","test\main\java\networktool\logic\windows\PowerShellRunnerTest.java","0"
"Method","isAvailable_returnsBoolean","test\main\java\networktool\logic\windows\PowerShellRunnerTest.java","0"
"Method","run_windows_echoWorks","test\main\java\networktool\logic\windows\PowerShellRunnerTest.java","0"
"Method","assumeTrue","test\main\java\networktool\logic\windows\PowerShellRunnerTest.java","0"
"Method","assertFalse","test\main\java\networktool\logic\windows\PowerShellRunnerTest.java","0"
"Method","lookup_unknownIp_returnsNull","test\main\java\networktool\logic\windows\PsArpResolverTest.java","0"
"Method","table_notNull","test\main\java\networktool\logic\windows\PsArpResolverTest.java","0"
"Method","lookup_doesNotThrow","test\main\java\networktool\logic\windows\PsArpResolverTest.java","0"
"Method","resolveCidrs_doesNotThrow","test\main\java\networktool\logic\windows\PsCidrResolverTest.java","0"
"Method","resolveCidrs_notNull","test\main\java\networktool\logic\windows\PsCidrResolverTest.java","0"
"Method","resolveCidrs_entriesHaveSlash","test\main\java\networktool\logic\windows\PsCidrResolverTest.java","0"
"Method","sweep_doesNotThrow","test\main\java\networktool\logic\windows\PsNetScanResolverTest.java","0"
"Method","sweep_notNull","test\main\java\networktool\logic\windows\PsNetScanResolverTest.java","0"
"Method","sweep_null_returnsEmpty","test\main\java\networktool\logic\windows\PsNetScanResolverTest.java","0"
"Method","sweep_blank_returnsEmpty","test\main\java\networktool\logic\windows\PsNetScanResolverTest.java","0"
"Method","sweep_entriesValidFormat","test\main\java\networktool\logic\windows\PsNetScanResolverTest.java","0"
"Method","isOpen_unreachable_false","test\main\java\networktool\logic\windows\PsPortScanResolverTest.java","0"
"Method","isOpen_doesNotThrow","test\main\java\networktool\logic\windows\PsPortScanResolverTest.java","0"
"Method","isOpen_nullIp_false","test\main\java\networktool\logic\windows\PsPortScanResolverTest.java","0"
"Method","scanPorts_returnsAllKeys","test\main\java\networktool\logic\windows\PsPortScanResolverTest.java","0"
"Method","assertEquals","test\main\java\networktool\logic\windows\PsPortScanResolverTest.java","0"
"Method","assertTrue","test\main\java\networktool\logic\windows\PsPortScanResolverTest.java","0"
"Method","assertTrue","test\main\java\networktool\logic\windows\PsPortScanResolverTest.java","0"
"Method","scanPorts_emptyList_emptyMap","test\main\java\networktool\logic\windows\PsPortScanResolverTest.java","0"
"Method","assertTrue","test\main\java\networktool\logic\windows\PsPortScanResolverTest.java","0"
"Method","isOpen_quoteBreakout_rejected","test\main\java\networktool\logic\windows\PsResolverInjectionTest.java","0"
"Method","isOpen_semicolonInjection_rejected","test\main\java\networktool\logic\windows\PsResolverInjectionTest.java","0"
"Method","isOpen_null_rejected","test\main\java\networktool\logic\windows\PsResolverInjectionTest.java","0"
"Method","assertFalse","test\main\java\networktool\logic\windows\PsResolverInjectionTest.java","0"
"Method","isOpen_validIp_doesNotThrow","test\main\java\networktool\logic\windows\PsResolverInjectionTest.java","0"
"Method","assertDoesNotThrow","test\main\java\networktool\logic\windows\PsResolverInjectionTest.java","0"
"Method","sweep_quoteBreakout_rejected","test\main\java\networktool\logic\windows\PsResolverInjectionTest.java","0"
"Method","sweep_extraOctet_rejected","test\main\java\networktool\logic\windows\PsResolverInjectionTest.java","0"
"Method","assertTrue","test\main\java\networktool\logic\windows\PsResolverInjectionTest.java","0"
"Method","sweep_null_rejected","test\main\java\networktool\logic\windows\PsResolverInjectionTest.java","0"
"Method","assertTrue","test\main\java\networktool\logic\windows\PsResolverInjectionTest.java","0"
"Method","sweep_validPrefix_doesNotThrow","test\main\java\networktool\logic\windows\PsResolverInjectionTest.java","0"
"Method","assertDoesNotThrow","test\main\java\networktool\logic\windows\PsResolverInjectionTest.java","0"
"Method","fields_stored","test\main\java\networktool\security\AuditLoggerTest.java","0"
"Method","assertEquals","test\main\java\networktool\security\AuditLoggerTest.java","0"
"Method","assertEquals","test\main\java\networktool\security\AuditLoggerTest.java","0"
"Method","assertEquals","test\main\java\networktool\security\AuditLoggerTest.java","0"
"Method","assertEquals","test\main\java\networktool\security\AuditLoggerTest.java","0"
"Method","nullFields_defaulted","test\main\java\networktool\security\AuditLoggerTest.java","0"
"Method","assertEquals","test\main\java\networktool\security\AuditLoggerTest.java","0"
"Method","assertEquals","test\main\java\networktool\security\AuditLoggerTest.java","0"
"Method","assertEquals","test\main\java\networktool\security\AuditLoggerTest.java","0"
"Method","assertEquals","test\main\java\networktool\security\AuditLoggerTest.java","0"
"Method","toNdjson_containsAllFields","test\main\java\networktool\security\AuditLoggerTest.java","0"
"Method","assertTrue","test\main\java\networktool\security\AuditLoggerTest.java","0"
"Method","assertTrue","test\main\java\networktool\security\AuditLoggerTest.java","0"
"Method","assertTrue","test\main\java\networktool\security\AuditLoggerTest.java","0"
"Method","assertTrue","test\main\java\networktool\security\AuditLoggerTest.java","0"
"Method","assertTrue","test\main\java\networktool\security\AuditLoggerTest.java","0"
"Method","toNdjson_escapesQuotes","test\main\java\networktool\security\AuditLoggerTest.java","0"
"Method","assertTrue","test\main\java\networktool\security\AuditLoggerTest.java","0"
"Method","toNdjson_escapesNewline","test\main\java\networktool\security\AuditLoggerTest.java","0"
"Method","assertTrue","test\main\java\networktool\security\AuditLoggerTest.java","0"
"Method","toNdjson_escapesBackslash","test\main\java\networktool\security\AuditLoggerTest.java","0"
"Method","assertTrue","test\main\java\networktool\security\AuditLoggerTest.java","0"
"Method","parse_delegatesToAuditLogFile","test\main\java\networktool\security\AuditLoggerTest.java","0"
"Method","assertNotNull","test\main\java\networktool\security\AuditLoggerTest.java","0"
"Method","assertEquals","test\main\java\networktool\security\AuditLoggerTest.java","0"
"Method","parse_tabFormat_noLongerSupported_returnsNull","test\main\java\networktool\security\AuditLoggerTest.java","0"
"Method","assertNull","test\main\java\networktool\security\AuditLoggerTest.java","0"
"Method","parse_blank_null","test\main\java\networktool\security\AuditLoggerTest.java","0"
"Method","parse_null_null","test\main\java\networktool\security\AuditLoggerTest.java","0"
"Method","parse_tooShortTab_null","test\main\java\networktool\security\AuditLoggerTest.java","0"
"Method","parse_emptyJson_null","test\main\java\networktool\security\AuditLoggerTest.java","0"
"Method","parse_ndjson_withEscapes","test\main\java\networktool\security\AuditLoggerTest.java","0"
"Method","assertNotNull","test\main\java\networktool\security\AuditLoggerTest.java","0"
"Method","assertTrue","test\main\java\networktool\security\AuditLoggerTest.java","0"
"Method","append_createsFile","test\main\java\networktool\security\AuditLoggerTest.java","0"
"Method","assertTrue","test\main\java\networktool\security\AuditLoggerTest.java","0"
"Method","append_and_readRecent","test\main\java\networktool\security\AuditLoggerTest.java","0"
"Method","assertEquals","test\main\java\networktool\security\AuditLoggerTest.java","0"
"Method","assertEquals","test\main\java\networktool\security\AuditLoggerTest.java","0"
"Method","readRecent_maxLines_respected","test\main\java\networktool\security\AuditLoggerTest.java","0"
"Method","assertEquals","test\main\java\networktool\security\AuditLoggerTest.java","0"
"Method","readRecent_newestFirst","test\main\java\networktool\security\AuditLoggerTest.java","0"
"Method","assertEquals","test\main\java\networktool\security\AuditLoggerTest.java","0"
"Method","readRecent_noFile_empty","test\main\java\networktool\security\AuditLoggerTest.java","0"
"Method","assertTrue","test\main\java\networktool\security\AuditLoggerTest.java","0"
"Method","clear_removesFile","test\main\java\networktool\security\AuditLoggerTest.java","0"
"Method","assertFalse","test\main\java\networktool\security\AuditLoggerTest.java","0"
"Method","clear_nonExistentFile_doesNotThrow","test\main\java\networktool\security\AuditLoggerTest.java","0"
"Method","assertDoesNotThrow","test\main\java\networktool\security\AuditLoggerTest.java","0"
"Method","mixedFormats_onlyNdjsonRead","test\main\java\networktool\security\AuditLoggerTest.java","0"
"Method","assertEquals","test\main\java\networktool\security\AuditLoggerTest.java","0"
"Method","assertEquals","test\main\java\networktool\security\AuditLoggerTest.java","0"
"Method","setup","test\main\java\networktool\security\AuditLoggerTest.java","0"
"Method","teardown","test\main\java\networktool\security\AuditLoggerTest.java","0"
"Method","log_singleAction_persisted","test\main\java\networktool\security\AuditLoggerTest.java","0"
"Method","assertTrue","test\main\java\networktool\security\AuditLoggerTest.java","0"
"Method","log_withDetail_persisted","test\main\java\networktool\security\AuditLoggerTest.java","0"
"Method","assertTrue","test\main\java\networktool\security\AuditLoggerTest.java","0"
"Method","readByUser_filtersCorrectly","test\main\java\networktool\security\AuditLoggerTest.java","0"
"Method","assertTrue","test\main\java\networktool\security\AuditLoggerTest.java","0"
"Method","readByUser_null_returnsEmpty","test\main\java\networktool\security\AuditLoggerTest.java","0"
"Method","assertTrue","test\main\java\networktool\security\AuditLoggerTest.java","0"
"Method","clear_nonAdmin_throws","test\main\java\networktool\security\AuditLoggerTest.java","0"
"Method","assertThrows","test\main\java\networktool\security\AuditLoggerTest.java","0"
"Method","clear_admin_succeeds","test\main\java\networktool\security\AuditLoggerTest.java","0"
"Method","assertDoesNotThrow","test\main\java\networktool\security\AuditLoggerTest.java","0"
"Method","clear_secondUser_notAdmin_throws","test\main\java\networktool\security\AuditLoggerTest.java","0"
"Method","assertThrows","test\main\java\networktool\security\AuditLoggerTest.java","0"
"Method","log_noInit_doesNotThrow","test\main\java\networktool\security\AuditLoggerTest.java","0"
"Method","assertDoesNotThrow","test\main\java\networktool\security\AuditLoggerTest.java","0"
"Method","multipleLog_allPersisted","test\main\java\networktool\security\AuditLoggerTest.java","0"
"Method","assertEquals","test\main\java\networktool\security\AuditLoggerTest.java","0"
"Method","persistence_survives_reinit","test\main\java\networktool\security\AuditLoggerTest.java","0"
"Method","assertTrue","test\main\java\networktool\security\AuditLoggerTest.java","0"
"Method","parse_invalid_returnsNull","test\main\java\networktool\security\AuditLoggerTest.java","0"
"Method","assertNull","test\main\java\networktool\security\AuditLoggerTest.java","0"
"Method","assertNull","test\main\java\networktool\security\AuditLoggerTest.java","0"
"Method","from_convertsRecord","test\main\java\networktool\security\AuditLoggerTest.java","0"
"Method","AuditLogEntry","test\main\java\networktool\security\AuditLoggerTest.java","0"
"Method","assertEquals","test\main\java\networktool\security\AuditLoggerTest.java","0"
"Method","assertEquals","test\main\java\networktool\security\AuditLoggerTest.java","0"
"Method","assertEquals","test\main\java\networktool\security\AuditLoggerTest.java","0"
"Method","logEntry_nullDetail_empty","test\main\java\networktool\security\AuditLoggerTest.java","0"
"Method","assertEquals","test\main\java\networktool\security\AuditLoggerTest.java","0"
"Method","setup","test\main\java\networktool\security\UserAuthDefaultWarningTest.java","0"
"Method","teardown","test\main\java\networktool\security\UserAuthDefaultWarningTest.java","0"
"Method","seedDefaultUsers_logsWarning_whenDefaultPasswordActive","test\main\java\networktool\security\UserAuthDefaultWarningTest.java","0"
"Method","assertTrue","test\main\java\networktool\security\UserAuthDefaultWarningTest.java","0"
"Method","seedDefaultUsers_noWarning_afterAdminPasswordChanged","test\main\java\networktool\security\UserAuthDefaultWarningTest.java","0"
"Method","assertTrue","test\main\java\networktool\security\UserAuthDefaultWarningTest.java","0"
"Method","assertFalse","test\main\java\networktool\security\UserAuthDefaultWarningTest.java","0"
"Method","seedDefaultUsers_doesNotThrow","test\main\java\networktool\security\UserAuthDefaultWarningTest.java","0"
"Method","assertDoesNotThrow","test\main\java\networktool\security\UserAuthDefaultWarningTest.java","0"
"Method","setup","test\main\java\networktool\security\UserAuthPasswordPolicyTest.java","0"
"Method","isStrongPassword_shortRejected","test\main\java\networktool\security\UserAuthPasswordPolicyTest.java","0"
"Method","isStrongPassword_noDigitRejected","test\main\java\networktool\security\UserAuthPasswordPolicyTest.java","0"
"Method","isStrongPassword_noLetterRejected","test\main\java\networktool\security\UserAuthPasswordPolicyTest.java","0"
"Method","isStrongPassword_null_rejected","test\main\java\networktool\security\UserAuthPasswordPolicyTest.java","0"
"Method","isStrongPassword_valid_accepted","test\main\java\networktool\security\UserAuthPasswordPolicyTest.java","0"
"Method","createUser_shortPassword_rejected","test\main\java\networktool\security\UserAuthPasswordPolicyTest.java","0"
"Method","assertFalse","test\main\java\networktool\security\UserAuthPasswordPolicyTest.java","0"
"Method","createUser_noComplexity_rejected","test\main\java\networktool\security\UserAuthPasswordPolicyTest.java","0"
"Method","assertFalse","test\main\java\networktool\security\UserAuthPasswordPolicyTest.java","0"
"Method","createUser_meetsPolicy_accepted","test\main\java\networktool\security\UserAuthPasswordPolicyTest.java","0"
"Method","assertTrue","test\main\java\networktool\security\UserAuthPasswordPolicyTest.java","0"
"Method","changePassword_weakNewPassword_rejected","test\main\java\networktool\security\UserAuthPasswordPolicyTest.java","0"
"Method","assertFalse","test\main\java\networktool\security\UserAuthPasswordPolicyTest.java","0"
"Method","changePassword_meetsPolicy_accepted","test\main\java\networktool\security\UserAuthPasswordPolicyTest.java","0"
"Method","assertTrue","test\main\java\networktool\security\UserAuthPasswordPolicyTest.java","0"
"Method","assertTrue","test\main\java\networktool\security\UserAuthPasswordPolicyTest.java","0"
"Method","extractObjects","test\main\java\networktool\storage\JsonCodecFuzzTest.java","0"
"Method","return","test\main\java\networktool\storage\JsonCodecFuzzTest.java","0"
"Method","matchBracket","test\main\java\networktool\storage\JsonCodecFuzzTest.java","0"
"Method","return","test\main\java\networktool\storage\JsonCodecFuzzTest.java","0"
"Method","extractObjects_braceInStringValue_notMiscounted","test\main\java\networktool\storage\JsonCodecFuzzTest.java","0"
"Method","assertEquals","test\main\java\networktool\storage\JsonCodecFuzzTest.java","0"
"Method","extractObjects_bracketInStringValue_notMiscounted","test\main\java\networktool\storage\JsonCodecFuzzTest.java","0"
"Method","assertEquals","test\main\java\networktool\storage\JsonCodecFuzzTest.java","0"
"Method","extractObjects_commaInStringValue_singleObject","test\main\java\networktool\storage\JsonCodecFuzzTest.java","0"
"Method","assertEquals","test\main\java\networktool\storage\JsonCodecFuzzTest.java","0"
"Method","extractObjects_escapedQuoteInsideString_doesNotBreakScan","test\main\java\networktool\storage\JsonCodecFuzzTest.java","0"
"Method","assertEquals","test\main\java\networktool\storage\JsonCodecFuzzTest.java","0"
"Method","extractObjects_empty_returnsEmptyList","test\main\java\networktool\storage\JsonCodecFuzzTest.java","0"
"Method","assertTrue","test\main\java\networktool\storage\JsonCodecFuzzTest.java","0"
"Method","matchBracket_skipsStringContent","test\main\java\networktool\storage\JsonCodecFuzzTest.java","0"
"Method","assertEquals","test\main\java\networktool\storage\JsonCodecFuzzTest.java","0"
"Method","matchBracket_nested_objects","test\main\java\networktool\storage\JsonCodecFuzzTest.java","0"
"Method","assertEquals","test\main\java\networktool\storage\JsonCodecFuzzTest.java","0"
"Method","matchBracket_unterminated_returnsMinusOne","test\main\java\networktool\storage\JsonCodecFuzzTest.java","0"
"Method","hostJsonBuilder_roundtrip_bannerWithBrace","test\main\java\networktool\storage\JsonCodecFuzzTest.java","0"
"Method","assertNotNull","test\main\java\networktool\storage\JsonCodecFuzzTest.java","0"
"Method","hostJsonBuilder_roundtrip_notesWithBracketAndComma","test\main\java\networktool\storage\JsonCodecFuzzTest.java","0"
"Method","assertEquals","test\main\java\networktool\storage\JsonCodecFuzzTest.java","0"
"Method","importJson_valueWithBraceComma_doesNotSplitIncorrectly","test\main\java\networktool\storage\JsonCodecFuzzTest.java","0"
"Method","assertEquals","test\main\java\networktool\storage\JsonCodecFuzzTest.java","0"
"Method","importJson_multipleEntries_allParsed","test\main\java\networktool\storage\JsonCodecFuzzTest.java","0"
"Method","assertEquals","test\main\java\networktool\storage\JsonCodecFuzzTest.java","0"
"Method","importJson_emptyArray_returnsZero","test\main\java\networktool\storage\JsonCodecFuzzTest.java","0"
"Method","assertEquals","test\main\java\networktool\storage\JsonCodecFuzzTest.java","0"
"Method","importJson_noArray_returnsZero","test\main\java\networktool\storage\JsonCodecFuzzTest.java","0"
"Method","assertEquals","test\main\java\networktool\storage\JsonCodecFuzzTest.java","0"
"Method","extractObjects","test\main\java\networktool\storage\JsonHelperFuzzTest.java","0"
"Method","return","test\main\java\networktool\storage\JsonHelperFuzzTest.java","0"
"Method","matchBracket","test\main\java\networktool\storage\JsonHelperFuzzTest.java","0"
"Method","return","test\main\java\networktool\storage\JsonHelperFuzzTest.java","0"
"Method","extractObjects_braceInStringValue_notMiscounted","test\main\java\networktool\storage\JsonHelperFuzzTest.java","0"
"Method","assertEquals","test\main\java\networktool\storage\JsonHelperFuzzTest.java","0"
"Method","extractObjects_bracketInStringValue_notMiscounted","test\main\java\networktool\storage\JsonHelperFuzzTest.java","0"
"Method","assertEquals","test\main\java\networktool\storage\JsonHelperFuzzTest.java","0"
"Method","extractObjects_commaInStringValue_singleObject","test\main\java\networktool\storage\JsonHelperFuzzTest.java","0"
"Method","assertEquals","test\main\java\networktool\storage\JsonHelperFuzzTest.java","0"
"Method","extractObjects_escapedQuoteInsideString_doesNotBreakScan","test\main\java\networktool\storage\JsonHelperFuzzTest.java","0"
"Method","assertEquals","test\main\java\networktool\storage\JsonHelperFuzzTest.java","0"
"Method","extractObjects_empty_returnsEmptyList","test\main\java\networktool\storage\JsonHelperFuzzTest.java","0"
"Method","assertTrue","test\main\java\networktool\storage\JsonHelperFuzzTest.java","0"
"Method","matchBracket_skipsStringContent","test\main\java\networktool\storage\JsonHelperFuzzTest.java","0"
"Method","assertEquals","test\main\java\networktool\storage\JsonHelperFuzzTest.java","0"
"Method","matchBracket_nested_objects","test\main\java\networktool\storage\JsonHelperFuzzTest.java","0"
"Method","assertEquals","test\main\java\networktool\storage\JsonHelperFuzzTest.java","0"
"Method","matchBracket_unterminated_returnsMinusOne","test\main\java\networktool\storage\JsonHelperFuzzTest.java","0"
"Method","hostJsonBuilder_roundtrip_bannerWithBrace","test\main\java\networktool\storage\JsonHelperFuzzTest.java","0"
"Method","assertNotNull","test\main\java\networktool\storage\JsonHelperFuzzTest.java","0"
"Method","hostJsonBuilder_roundtrip_notesWithBracketAndComma","test\main\java\networktool\storage\JsonHelperFuzzTest.java","0"
"Method","assertEquals","test\main\java\networktool\storage\JsonHelperFuzzTest.java","0"
"Method","importJson_valueWithBraceComma_doesNotSplitIncorrectly","test\main\java\networktool\storage\JsonHelperFuzzTest.java","0"
"Method","assertEquals","test\main\java\networktool\storage\JsonHelperFuzzTest.java","0"
"Method","importJson_multipleEntries_allParsed","test\main\java\networktool\storage\JsonHelperFuzzTest.java","0"
"Method","assertEquals","test\main\java\networktool\storage\JsonHelperFuzzTest.java","0"
"Method","importJson_emptyArray_returnsZero","test\main\java\networktool\storage\JsonHelperFuzzTest.java","0"
"Method","assertEquals","test\main\java\networktool\storage\JsonHelperFuzzTest.java","0"
"Method","importJson_noArray_returnsZero","test\main\java\networktool\storage\JsonHelperFuzzTest.java","0"
"Method","assertEquals","test\main\java\networktool\storage\JsonHelperFuzzTest.java","0"
"Method","forEachHost_doesNotThrow","test\main\java\networktool\storage\export\DataExporterPackageTest.java","0"
"Method","csv_normal","test\main\java\networktool\storage\export\DataExporterPackageTest.java","0"
"Method","csv_semicolon_replaced","test\main\java\networktool\storage\export\DataExporterPackageTest.java","0"
"Method","csv_comma_quoted","test\main\java\networktool\storage\export\DataExporterPackageTest.java","0"
"Method","csv_null_empty","test\main\java\networktool\storage\export\DataExporterPackageTest.java","0"
"Method","esc_quotes","test\main\java\networktool\storage\export\DataExporterPackageTest.java","0"
"Method","esc_backslash","test\main\java\networktool\storage\export\DataExporterPackageTest.java","0"
"Method","esc_newline","test\main\java\networktool\storage\export\DataExporterPackageTest.java","0"
"Method","esc_null_empty","test\main\java\networktool\storage\export\DataExporterPackageTest.java","0"
"Method","exportCsv_hasHeader","test\main\java\networktool\storage\export\DataExporterPackageTest.java","0"
"Method","exportJson_isArray","test\main\java\networktool\storage\export\DataExporterPackageTest.java","0"
"Method","exportHtml_hasNetTool","test\main\java\networktool\storage\export\DataExporterPackageTest.java","0"
"Method","importCsv_headerOnly_zero","test\main\java\networktool\storage\export\DataExporterPackageTest.java","0"
"Method","assertEquals","test\main\java\networktool\storage\export\DataExporterPackageTest.java","0"
"Method","importJson_emptyArray_zero","test\main\java\networktool\storage\export\DataExporterPackageTest.java","0"
"Method","assertEquals","test\main\java\networktool\storage\export\DataExporterPackageTest.java","0"
"Method","importCsv_validRow","test\main\java\networktool\storage\export\DataExporterPackageTest.java","0"
"Method","assertTrue","test\main\java\networktool\storage\export\DataExporterPackageTest.java","0"
"Method","importJson_validEntry","test\main\java\networktool\storage\export\DataExporterPackageTest.java","0"
"Method","assertTrue","test\main\java\networktool\storage\export\DataExporterPackageTest.java","0"
"Method","build_containsDoctype","test\main\java\networktool\storage\export\DataExporterPackageTest.java","0"
"Method","build_containsTable","test\main\java\networktool\storage\export\DataExporterPackageTest.java","0"
"Method","build_notNull","test\main\java\networktool\storage\export\DataExporterPackageTest.java","0"
"Method","noOwnExtractJsonStr_method","test\main\java\networktool\storage\export\DataImporterFixTest.java","0"
"Method","assertFalse","test\main\java\networktool\storage\export\DataImporterFixTest.java","0"
"Method","importJson_validEntry_returnsOne","test\main\java\networktool\storage\export\DataImporterFixTest.java","0"
"Method","assertTrue","test\main\java\networktool\storage\export\DataImporterFixTest.java","0"
"Method","importJson_emptyArray_returnsZero","test\main\java\networktool\storage\export\DataImporterFixTest.java","0"
"Method","assertEquals","test\main\java\networktool\storage\export\DataImporterFixTest.java","0"
"Method","importCsv_validRow_noException","test\main\java\networktool\storage\export\DataImporterFixTest.java","0"
"Method","assertDoesNotThrow","test\main\java\networktool\storage\export\DataImporterFixTest.java","0"
"Method","exportCsv_createsFile","test\main\java\networktool\storage\export\ExportImportTest.java","0"
"Method","exportCsv_hasHeader","test\main\java\networktool\storage\export\ExportImportTest.java","0"
"Method","exportJson_validArray","test\main\java\networktool\storage\export\ExportImportTest.java","0"
"Method","exportHtml_hasDoctype","test\main\java\networktool\storage\export\ExportImportTest.java","0"
"Method","csv_semicolonEscaped","test\main\java\networktool\storage\export\ExportImportTest.java","0"
"Method","csv_null_returnsEmpty","test\main\java\networktool\storage\export\ExportImportTest.java","0"
"Method","csv_withComma_quoted","test\main\java\networktool\storage\export\ExportImportTest.java","0"
"Method","esc_quotesEscaped","test\main\java\networktool\storage\export\ExportImportTest.java","0"
"Method","esc_null_returnsEmpty","test\main\java\networktool\storage\export\ExportImportTest.java","0"
"Method","esc_newlineEscaped","test\main\java\networktool\storage\export\ExportImportTest.java","0"
"Method","importCsv_headerOnly_zero","test\main\java\networktool\storage\export\ExportImportTest.java","0"
"Method","assertEquals","test\main\java\networktool\storage\export\ExportImportTest.java","0"
"Method","importCsv_blankLines_ignored","test\main\java\networktool\storage\export\ExportImportTest.java","0"
"Method","assertEquals","test\main\java\networktool\storage\export\ExportImportTest.java","0"
"Method","importJson_emptyArray_zero","test\main\java\networktool\storage\export\ExportImportTest.java","0"
"Method","assertEquals","test\main\java\networktool\storage\export\ExportImportTest.java","0"
"Method","buildNetworkJson_containsIp","test\main\java\networktool\storage\network\HostJsonBuilderTest.java","0"
"Method","assertTrue","test\main\java\networktool\storage\network\HostJsonBuilderTest.java","0"
"Method","assertTrue","test\main\java\networktool\storage\network\HostJsonBuilderTest.java","0"
"Method","buildNetworkJson_emptyHosts","test\main\java\networktool\storage\network\HostJsonBuilderTest.java","0"
"Method","assertTrue","test\main\java\networktool\storage\network\HostJsonBuilderTest.java","0"
"Method","assertTrue","test\main\java\networktool\storage\network\HostJsonBuilderTest.java","0"
"Method","buildNetworkJson_multipleHosts","test\main\java\networktool\storage\network\HostJsonBuilderTest.java","0"
"Method","HostResult","test\main\java\networktool\storage\network\HostJsonBuilderTest.java","0"
"Method","assertTrue","test\main\java\networktool\storage\network\HostJsonBuilderTest.java","0"
"Method","assertTrue","test\main\java\networktool\storage\network\HostJsonBuilderTest.java","0"
"Method","buildNetworkJson_specialCharsInNotes_escaped","test\main\java\networktool\storage\network\HostJsonBuilderTest.java","0"
"Method","assertFalse","test\main\java\networktool\storage\network\HostJsonBuilderTest.java","0"
"Method","parseHost_roundtrip","test\main\java\networktool\storage\network\HostJsonBuilderTest.java","0"
"Method","assertNotNull","test\main\java\networktool\storage\network\HostJsonBuilderTest.java","0"
"Method","assertEquals","test\main\java\networktool\storage\network\HostJsonBuilderTest.java","0"
"Method","assertEquals","test\main\java\networktool\storage\network\HostJsonBuilderTest.java","0"
"Method","assertEquals","test\main\java\networktool\storage\network\HostJsonBuilderTest.java","0"
"Method","assertTrue","test\main\java\networktool\storage\network\HostJsonBuilderTest.java","0"
"Method","assertEquals","test\main\java\networktool\storage\network\HostJsonBuilderTest.java","0"
"Method","parseHost_nullIp_returnsNull","test\main\java\networktool\storage\network\HostJsonBuilderTest.java","0"
"Method","parseHost_missingOptionalFields_defaults","test\main\java\networktool\storage\network\HostJsonBuilderTest.java","0"
"Method","assertNotNull","test\main\java\networktool\storage\network\HostJsonBuilderTest.java","0"
"Method","assertEquals","test\main\java\networktool\storage\network\HostJsonBuilderTest.java","0"
"Method","assertEquals","test\main\java\networktool\storage\network\HostJsonBuilderTest.java","0"
"Method","assertEquals","test\main\java\networktool\storage\network\HostJsonBuilderTest.java","0"
"Method","assertEquals","test\main\java\networktool\storage\network\HostJsonBuilderTest.java","0"
"Method","serPortsJson_empty","test\main\java\networktool\storage\network\HostJsonBuilderTest.java","0"
"Method","serPortsJson_null_returnsEmptyBraces","test\main\java\networktool\storage\network\HostJsonBuilderTest.java","0"
"Method","serPortsJson_withPorts","test\main\java\networktool\storage\network\HostJsonBuilderTest.java","0"
"Method","assertTrue","test\main\java\networktool\storage\network\HostJsonBuilderTest.java","0"
"Method","assertTrue","test\main\java\networktool\storage\network\HostJsonBuilderTest.java","0"
"Method","assertTrue","test\main\java\networktool\storage\network\HostJsonBuilderTest.java","0"
"Method","migrate","test\main\java\networktool\storage\network\HostSchemaMigrationV2Test.java","0"
"Method","return","test\main\java\networktool\storage\network\HostSchemaMigrationV2Test.java","0"
"Method","migrate_addsLastSeenAtField","test\main\java\networktool\storage\network\HostSchemaMigrationV2Test.java","0"
"Method","assertTrue","test\main\java\networktool\storage\network\HostSchemaMigrationV2Test.java","0"
"Method","migrate_preservesExistingFields","test\main\java\networktool\storage\network\HostSchemaMigrationV2Test.java","0"
"Method","assertNotNull","test\main\java\networktool\storage\network\HostSchemaMigrationV2Test.java","0"
"Method","assertEquals","test\main\java\networktool\storage\network\HostSchemaMigrationV2Test.java","0"
"Method","assertEquals","test\main\java\networktool\storage\network\HostSchemaMigrationV2Test.java","0"
"Method","assertEquals","test\main\java\networktool\storage\network\HostSchemaMigrationV2Test.java","0"
"Method","assertEquals","test\main\java\networktool\storage\network\HostSchemaMigrationV2Test.java","0"
"Method","migrate_isIdempotent","test\main\java\networktool\storage\network\HostSchemaMigrationV2Test.java","0"
"Method","assertEquals","test\main\java\networktool\storage\network\HostSchemaMigrationV2Test.java","0"
"Method","migrate_null_returnsNull","test\main\java\networktool\storage\network\HostSchemaMigrationV2Test.java","0"
"Method","assertNull","test\main\java\networktool\storage\network\HostSchemaMigrationV2Test.java","0"
"Method","migrate_malformedJson_noBrace_returnsUnchanged","test\main\java\networktool\storage\network\HostSchemaMigrationV2Test.java","0"
"Method","assertEquals","test\main\java\networktool\storage\network\HostSchemaMigrationV2Test.java","0"
"Method","logIfLegacy_doesNotThrow","test\main\java\networktool\storage\network\HostSchemaMigrationV2Test.java","0"
"Method","assertDoesNotThrow","test\main\java\networktool\storage\network\HostSchemaMigrationV2Test.java","0"
"Method","assertDoesNotThrow","test\main\java\networktool\storage\network\HostSchemaMigrationV2Test.java","0"
"Method","schemaV2Constant_isTwo","test\main\java\networktool\storage\network\HostSchemaMigrationV2Test.java","0"
"Method","assertEquals","test\main\java\networktool\storage\network\HostSchemaMigrationV2Test.java","0"
"Method","parseHost_migratesLegacyV1Json_withoutExplicitMigrationCall","test\main\java\networktool\storage\network\HostSchemaMigrationV2Test.java","0"
"Method","assertNotNull","test\main\java\networktool\storage\network\HostSchemaMigrationV2Test.java","0"
"Method","assertEquals","test\main\java\networktool\storage\network\HostSchemaMigrationV2Test.java","0"
"Method","assertEquals","test\main\java\networktool\storage\network\HostSchemaMigrationV2Test.java","0"
"Method","buildNetworkJson_includesCurrentSchemaVersion","test\main\java\networktool\storage\network\HostSchemaVersionTest.java","0"
"Method","assertEquals","test\main\java\networktool\storage\network\HostSchemaVersionTest.java","0"
"Method","readSchemaVersion_missing_returnsZero","test\main\java\networktool\storage\network\HostSchemaVersionTest.java","0"
"Method","readSchemaVersion_negativeOrGarbage_null","test\main\java\networktool\storage\network\HostSchemaVersionTest.java","0"
"Method","migrationLog_doesNotThrow_onLegacyOrCurrent","test\main\java\networktool\storage\network\HostSchemaVersionTest.java","0"
"Method","assertDoesNotThrow","test\main\java\networktool\storage\network\HostSchemaVersionTest.java","0"
"Method","assertDoesNotThrow","test\main\java\networktool\storage\network\HostSchemaVersionTest.java","0"
"Method","extractInt_valid","test\main\java\networktool\storage\network\HostSchemaVersionTest.java","0"
"Method","extractInt_negative","test\main\java\networktool\storage\network\HostSchemaVersionTest.java","0"
"Method","extractInt_missing_null","test\main\java\networktool\storage\network\HostSchemaVersionTest.java","0"
"Method","extractInt_nonNumeric_null","test\main\java\networktool\storage\network\HostSchemaVersionTest.java","0"
"Method","extractStr_unicodeEscape_decoded","test\main\java\networktool\storage\network\HostSchemaVersionTest.java","0"
"Method","extractStr_malformedUnicodeEscape_keptRaw","test\main\java\networktool\storage\network\HostSchemaVersionTest.java","0"
"Method","assertTrue","test\main\java\networktool\storage\network\HostSchemaVersionTest.java","0"
"Method","extractStr_slashEscape","test\main\java\networktool\storage\network\HostSchemaVersionTest.java","0"
"Method","extractStr_carriageReturnEscape","test\main\java\networktool\storage\network\HostSchemaVersionTest.java","0"
"Method","setup","test\main\java\networktool\storage\network\NetworkRegistryTest.java","0"
"Method","create_success","test\main\java\networktool\storage\network\NetworkRegistryTest.java","0"
"Method","create_duplicate_rejected","test\main\java\networktool\storage\network\NetworkRegistryTest.java","0"
"Method","create_allCategory_rejected","test\main\java\networktool\storage\network\NetworkRegistryTest.java","0"
"Method","create_blank_rejected","test\main\java\networktool\storage\network\NetworkRegistryTest.java","0"
"Method","names_includesAllCategory","test\main\java\networktool\storage\network\NetworkRegistryTest.java","0"
"Method","assertTrue","test\main\java\networktool\storage\network\NetworkRegistryTest.java","0"
"Method","assertTrue","test\main\java\networktool\storage\network\NetworkRegistryTest.java","0"
"Method","prefix_returnsCorrect","test\main\java\networktool\storage\network\NetworkRegistryTest.java","0"
"Method","assertEquals","test\main\java\networktool\storage\network\NetworkRegistryTest.java","0"
"Method","prefix_unknown_returnsEmpty","test\main\java\networktool\storage\network\NetworkRegistryTest.java","0"
"Method","ipMatches_allCategory_always","test\main\java\networktool\storage\network\NetworkRegistryTest.java","0"
"Method","ipMatches_withPrefix_true","test\main\java\networktool\storage\network\NetworkRegistryTest.java","0"
"Method","assertTrue","test\main\java\networktool\storage\network\NetworkRegistryTest.java","0"
"Method","ipMatches_withPrefix_false","test\main\java\networktool\storage\network\NetworkRegistryTest.java","0"
"Method","assertFalse","test\main\java\networktool\storage\network\NetworkRegistryTest.java","0"
"Method","ipMatches_emptyPrefix_alwaysTrue","test\main\java\networktool\storage\network\NetworkRegistryTest.java","0"
"Method","assertTrue","test\main\java\networktool\storage\network\NetworkRegistryTest.java","0"
"Method","matchingNetworks_returnsAll","test\main\java\networktool\storage\network\NetworkRegistryTest.java","0"
"Method","assertTrue","test\main\java\networktool\storage\network\NetworkRegistryTest.java","0"
"Method","assertTrue","test\main\java\networktool\storage\network\NetworkRegistryTest.java","0"
"Method","assertFalse","test\main\java\networktool\storage\network\NetworkRegistryTest.java","0"
"Method","ensureDefault_addsStandardWhenEmpty","test\main\java\networktool\storage\network\NetworkRegistryTest.java","0"
"Method","ensureDefault_doesNotAddWhenNotEmpty","test\main\java\networktool\storage\network\NetworkRegistryTest.java","0"
"Method","assertFalse","test\main\java\networktool\storage\network\NetworkRegistryTest.java","0"
"Method","networks_isLive","test\main\java\networktool\storage\network\NetworkRegistryTest.java","0"
"Method","assertEquals","test\main\java\networktool\storage\network\NetworkRegistryTest.java","0"
"Method","saveAndLoad_topic","test\main\java\networktool\storage\network\NetworkRegistryTest.java","0"
"Method","noDuplicates","test\main\java\networktool\storage\network\NetworkRegistryTest.java","0"
"Method","empty_whenNoFile","test\main\java\networktool\storage\network\NetworkRegistryTest.java","0"
"Method","blank_ignored","test\main\java\networktool\storage\network\NetworkRegistryTest.java","0"
"Method","sorted_alphabetically","test\main\java\networktool\storage\network\NetworkRegistryTest.java","0"
"Method","assertEquals","test\main\java\networktool\storage\network\NetworkRegistryTest.java","0"
"Method","setup","test\main\java\networktool\storage\network\NetworkStoreFixTest.java","0"
"Method","teardown","test\main\java\networktool\storage\network\NetworkStoreFixTest.java","0"
"Method","save_doesNotDeadlock","test\main\java\networktool\storage\network\NetworkStoreFixTest.java","0"
"Method","assertDoesNotThrow","test\main\java\networktool\storage\network\NetworkStoreFixTest.java","0"
"Method","save_concurrentGetAllHosts_noDeadlock","test\main\java\networktool\storage\network\NetworkStoreFixTest.java","0"
"Method","assertFalse","test\main\java\networktool\storage\network\NetworkStoreFixTest.java","0"
"Method","assertFalse","test\main\java\networktool\storage\network\NetworkStoreFixTest.java","0"
"Method","save_returnsFalse_wrongPrefix","test\main\java\networktool\storage\network\NetworkStoreFixTest.java","0"
"Method","assertFalse","test\main\java\networktool\storage\network\NetworkStoreFixTest.java","0"
"Method","save_returnsFalse_nullHost","test\main\java\networktool\storage\network\NetworkStoreFixTest.java","0"
"Method","assertFalse","test\main\java\networktool\storage\network\NetworkStoreFixTest.java","0"
"Method","testNetwork_hidden_from_gui","test\main\java\networktool\storage\network\NetworkStoreFixTest.java","0"
"Method","assertFalse","test\main\java\networktool\storage\network\NetworkStoreFixTest.java","0"
"Method","assertFalse","test\main\java\networktool\storage\network\NetworkStoreFixTest.java","0"
"Method","remove_outsideSynchronized_doesNotDeadlock","test\main\java\networktool\storage\network\NetworkStoreFixTest.java","0"
"Method","assertFalse","test\main\java\networktool\storage\network\NetworkStoreFixTest.java","0"
"Method","assertFalse","test\main\java\networktool\storage\network\NetworkStoreFixTest.java","0"
"Method","setup","test\main\java\networktool\storage\network\NetworkStoreIsolationTest.java","0"
"Method","teardown","test\main\java\networktool\storage\network\NetworkStoreIsolationTest.java","0"
"Method","testNetwork_absent_from_getNetworkNames","test\main\java\networktool\storage\network\NetworkStoreIsolationTest.java","0"
"Method","assertFalse","test\main\java\networktool\storage\network\NetworkStoreIsolationTest.java","0"
"Method","testNetwork_present_in_getAllNetworkNames","test\main\java\networktool\storage\network\NetworkStoreIsolationTest.java","0"
"Method","assertTrue","test\main\java\networktool\storage\network\NetworkStoreIsolationTest.java","0"
"Method","testHost_absent_from_getAllHosts","test\main\java\networktool\storage\network\NetworkStoreIsolationTest.java","0"
"Method","assertFalse","test\main\java\networktool\storage\network\NetworkStoreIsolationTest.java","0"
"Method","testHost_absent_from_getAll_allCategory","test\main\java\networktool\storage\network\NetworkStoreIsolationTest.java","0"
"Method","assertFalse","test\main\java\networktool\storage\network\NetworkStoreIsolationTest.java","0"
"Method","testHost_present_in_getAllHostsInternal","test\main\java\networktool\storage\network\NetworkStoreIsolationTest.java","0"
"Method","assertTrue","test\main\java\networktool\storage\network\NetworkStoreIsolationTest.java","0"
"Method","testHost_accessible_via_getAll_with_testNet","test\main\java\networktool\storage\network\NetworkStoreIsolationTest.java","0"
"Method","assertTrue","test\main\java\networktool\storage\network\NetworkStoreIsolationTest.java","0"
"Method","isTestNetwork_prefix_check","test\main\java\networktool\storage\network\NetworkStoreIsolationTest.java","0"
"Method","assertTrue","test\main\java\networktool\storage\network\NetworkStoreIsolationTest.java","0"
"Method","assertFalse","test\main\java\networktool\storage\network\NetworkStoreIsolationTest.java","0"
"Method","assertFalse","test\main\java\networktool\storage\network\NetworkStoreIsolationTest.java","0"
"Method","multipleTestNets_allHidden_from_gui","test\main\java\networktool\storage\network\NetworkStoreIsolationTest.java","0"
"Method","assertFalse","test\main\java\networktool\storage\network\NetworkStoreIsolationTest.java","0"
"Method","assertFalse","test\main\java\networktool\storage\network\NetworkStoreIsolationTest.java","0"
"Method","realNetwork_still_visible","test\main\java\networktool\storage\network\NetworkStoreIsolationTest.java","0"
"Method","assertFalse","test\main\java\networktool\storage\network\NetworkStoreIsolationTest.java","0"
"Method","assertTrue","test\main\java\networktool\storage\network\NetworkStoreIsolationTest.java","0"
"Method","saveNetwork_createsFile","test\main\java\networktool\storage\network\NetworkStorePersistencePackageTest.java","0"
"Method","HostResult","test\main\java\networktool\storage\network\NetworkStorePersistencePackageTest.java","0"
"Method","assertTrue","test\main\java\networktool\storage\network\NetworkStorePersistencePackageTest.java","0"
"Method","saveAndLoad_roundtrip","test\main\java\networktool\storage\network\NetworkStorePersistencePackageTest.java","0"
"Method","assertTrue","test\main\java\networktool\storage\network\NetworkStorePersistencePackageTest.java","0"
"Method","assertEquals","test\main\java\networktool\storage\network\NetworkStorePersistencePackageTest.java","0"
"Method","assertEquals","test\main\java\networktool\storage\network\NetworkStorePersistencePackageTest.java","0"
"Method","assertEquals","test\main\java\networktool\storage\network\NetworkStorePersistencePackageTest.java","0"
"Method","saveAllFile_createsAllJson","test\main\java\networktool\storage\network\NetworkStorePersistencePackageTest.java","0"
"Method","assertTrue","test\main\java\networktool\storage\network\NetworkStorePersistencePackageTest.java","0"
"Method","ntfyTopics_saveAndLoad","test\main\java\networktool\storage\network\NetworkStorePersistencePackageTest.java","0"
"Method","assertTrue","test\main\java\networktool\storage\network\NetworkStorePersistencePackageTest.java","0"
"Method","assertTrue","test\main\java\networktool\storage\network\NetworkStorePersistencePackageTest.java","0"
"Method","ntfyTopics_noDuplicates","test\main\java\networktool\storage\network\NetworkStorePersistencePackageTest.java","0"
"Method","assertEquals","test\main\java\networktool\storage\network\NetworkStorePersistencePackageTest.java","0"
"Method","ntfyTopics_emptyWhenNoFile","test\main\java\networktool\storage\network\NetworkStorePersistencePackageTest.java","0"
"Method","assertTrue","test\main\java\networktool\storage\network\NetworkStorePersistencePackageTest.java","0"
"Method","resetDark","test\main\java\networktool\theme\GuiThemePackageTest.java","0"
"Method","resetAfter","test\main\java\networktool\theme\GuiThemePackageTest.java","0"
"Method","darkMode_allAccessors_nonNull","test\main\java\networktool\theme\GuiThemePackageTest.java","0"
"Method","assertNotNull","test\main\java\networktool\theme\GuiThemePackageTest.java","0"
"Method","assertNotNull","test\main\java\networktool\theme\GuiThemePackageTest.java","0"
"Method","assertNotNull","test\main\java\networktool\theme\GuiThemePackageTest.java","0"
"Method","assertNotNull","test\main\java\networktool\theme\GuiThemePackageTest.java","0"
"Method","assertNotNull","test\main\java\networktool\theme\GuiThemePackageTest.java","0"
"Method","assertNotNull","test\main\java\networktool\theme\GuiThemePackageTest.java","0"
"Method","assertNotNull","test\main\java\networktool\theme\GuiThemePackageTest.java","0"
"Method","assertNotNull","test\main\java\networktool\theme\GuiThemePackageTest.java","0"
"Method","assertNotNull","test\main\java\networktool\theme\GuiThemePackageTest.java","0"
"Method","assertNotNull","test\main\java\networktool\theme\GuiThemePackageTest.java","0"
"Method","assertNotNull","test\main\java\networktool\theme\GuiThemePackageTest.java","0"
"Method","lightMode_allAccessors_nonNull","test\main\java\networktool\theme\GuiThemePackageTest.java","0"
"Method","assertNotNull","test\main\java\networktool\theme\GuiThemePackageTest.java","0"
"Method","assertNotNull","test\main\java\networktool\theme\GuiThemePackageTest.java","0"
"Method","assertNotNull","test\main\java\networktool\theme\GuiThemePackageTest.java","0"
"Method","assertNotNull","test\main\java\networktool\theme\GuiThemePackageTest.java","0"
"Method","assertNotNull","test\main\java\networktool\theme\GuiThemePackageTest.java","0"
"Method","assertNotNull","test\main\java\networktool\theme\GuiThemePackageTest.java","0"
"Method","assertNotNull","test\main\java\networktool\theme\GuiThemePackageTest.java","0"
"Method","assertNotNull","test\main\java\networktool\theme\GuiThemePackageTest.java","0"
"Method","assertNotNull","test\main\java\networktool\theme\GuiThemePackageTest.java","0"
"Method","assertNotNull","test\main\java\networktool\theme\GuiThemePackageTest.java","0"
"Method","assertNotNull","test\main\java\networktool\theme\GuiThemePackageTest.java","0"
"Method","applyToStatics_lightMode_updatesStatics","test\main\java\networktool\theme\GuiThemePackageTest.java","0"
"Method","assertNotEquals","test\main\java\networktool\theme\GuiThemePackageTest.java","0"
"Method","rowSel_dark_notNull","test\main\java\networktool\theme\GuiThemePackageTest.java","0"
"Method","assertNotNull","test\main\java\networktool\theme\GuiThemePackageTest.java","0"
"Method","osColor_ios","test\main\java\networktool\theme\GuiThemePackageTest.java","0"
"Method","assertEquals","test\main\java\networktool\theme\GuiThemePackageTest.java","0"
"Method","osColor_mobilesGeraet","test\main\java\networktool\theme\GuiThemePackageTest.java","0"
"Method","assertEquals","test\main\java\networktool\theme\GuiThemePackageTest.java","0"
"Method","osColor_raspberryPi","test\main\java\networktool\theme\GuiThemePackageTest.java","0"
"Method","assertEquals","test\main\java\networktool\theme\GuiThemePackageTest.java","0"
"Method","osColor_iotMqtt","test\main\java\networktool\theme\GuiThemePackageTest.java","0"
"Method","assertEquals","test\main\java\networktool\theme\GuiThemePackageTest.java","0"
"Method","osColor_switch","test\main\java\networktool\theme\GuiThemePackageTest.java","0"
"Method","assertEquals","test\main\java\networktool\theme\GuiThemePackageTest.java","0"
"Method","osColor_drucker","test\main\java\networktool\theme\GuiThemePackageTest.java","0"
"Method","assertEquals","test\main\java\networktool\theme\GuiThemePackageTest.java","0"
"Method","osColor_emptyString_returnsFg","test\main\java\networktool\theme\GuiThemePackageTest.java","0"
"Method","assertEquals","test\main\java\networktool\theme\GuiThemePackageTest.java","0"
"Method","osColor_samsung","test\main\java\networktool\theme\GuiThemePackageTest.java","0"
"Method","assertEquals","test\main\java\networktool\theme\GuiThemePackageTest.java","0"
"Method","osColor_xiaomi","test\main\java\networktool\theme\GuiThemePackageTest.java","0"
"Method","assertEquals","test\main\java\networktool\theme\GuiThemePackageTest.java","0"
"Method","osColor_huawei","test\main\java\networktool\theme\GuiThemePackageTest.java","0"
"Method","assertEquals","test\main\java\networktool\theme\GuiThemePackageTest.java","0"
"Method","osColor_pixel","test\main\java\networktool\theme\GuiThemePackageTest.java","0"
"Method","assertEquals","test\main\java\networktool\theme\GuiThemePackageTest.java","0"
"Method","osColor_nothing","test\main\java\networktool\theme\GuiThemePackageTest.java","0"
"Method","assertEquals","test\main\java\networktool\theme\GuiThemePackageTest.java","0"
"Method","osColor_sony","test\main\java\networktool\theme\GuiThemePackageTest.java","0"
"Method","assertEquals","test\main\java\networktool\theme\GuiThemePackageTest.java","0"
"Method","brighter_clamps255","test\main\java\networktool\theme\GuiThemePackageTest.java","0"
"Method","assertEquals","test\main\java\networktool\theme\GuiThemePackageTest.java","0"
"Method","assertEquals","test\main\java\networktool\theme\GuiThemePackageTest.java","0"
"Method","assertEquals","test\main\java\networktool\theme\GuiThemePackageTest.java","0"
"Method","brighter_zero_staysZero","test\main\java\networktool\theme\GuiThemePackageTest.java","0"
"Method","assertEquals","test\main\java\networktool\theme\GuiThemePackageTest.java","0"
"Method","staticColors_allNonNull","test\main\java\networktool\theme\GuiThemePackageTest.java","0"
"Method","assertNotNull","test\main\java\networktool\theme\GuiThemePackageTest.java","0"
"Method","assertNotNull","test\main\java\networktool\theme\GuiThemePackageTest.java","0"
"Method","assertNotNull","test\main\java\networktool\theme\GuiThemePackageTest.java","0"
"Method","assertNotNull","test\main\java\networktool\theme\GuiThemePackageTest.java","0"
"Method","assertNotNull","test\main\java\networktool\theme\GuiThemePackageTest.java","0"
"Method","assertNotNull","test\main\java\networktool\theme\GuiThemePackageTest.java","0"
"Method","assertNotNull","test\main\java\networktool\theme\GuiThemePackageTest.java","0"
"Method","assertNotNull","test\main\java\networktool\theme\GuiThemePackageTest.java","0"
"Method","assertNotNull","test\main\java\networktool\theme\GuiThemePackageTest.java","0"
"Method","assertNotNull","test\main\java\networktool\theme\GuiThemePackageTest.java","0"
"Method","assertNotNull","test\main\java\networktool\theme\GuiThemePackageTest.java","0"
"Method","assertNotNull","test\main\java\networktool\theme\GuiThemePackageTest.java","0"
"Method","assertNotNull","test\main\java\networktool\theme\GuiThemePackageTest.java","0"
"Method","themeName_light","test\main\java\networktool\theme\GuiThemePackageTest.java","0"
"Method","assertTrue","test\main\java\networktool\theme\GuiThemePackageTest.java","0"
"Method","mutableStatics_areVolatile","test\main\java\networktool\theme\GuiThemePackageTest.java","0"
"Method","assertTrue","test\main\java\networktool\theme\GuiThemePackageTest.java","0"
"Method","btn_act_fieldDoesNotExist","test\main\java\networktool\theme\GuiThemePackageTest.java","0"
"Method","assertFalse","test\main\java\networktool\theme\GuiThemePackageTest.java","0"
"Method","fg_dead_fieldDoesNotExist","test\main\java\networktool\theme\GuiThemePackageTest.java","0"
"Method","assertFalse","test\main\java\networktool\theme\GuiThemePackageTest.java","0"
"Method","applyToStatics_darkVsLight_differentColors","test\main\java\networktool\theme\GuiThemePackageTest.java","0"
"Method","assertNotEquals","test\main\java\networktool\theme\GuiThemePackageTest.java","0"
"Method","toggleTheme_threadSafe_noException","test\main\java\networktool\theme\GuiThemePackageTest.java","0"
"Method","assertNotNull","test\main\java\networktool\theme\GuiThemePackageTest.java","0"
"Method","osColor_empty_returnsFg","test\main\java\networktool\theme\GuiThemePackageTest.java","0"
"Method","assertEquals","test\main\java\networktool\theme\GuiThemePackageTest.java","0"
"Method","osColor_null_returnsFg","test\main\java\networktool\theme\GuiThemePackageTest.java","0"
"Method","assertEquals","test\main\java\networktool\theme\GuiThemePackageTest.java","0"
"Method","dynamicColors_darkMode","test\main\java\networktool\theme\GuiThemePackageTest.java","0"
"Method","assertNotNull","test\main\java\networktool\theme\GuiThemePackageTest.java","0"
"Method","assertNotNull","test\main\java\networktool\theme\GuiThemePackageTest.java","0"
"Method","assertNotNull","test\main\java\networktool\theme\GuiThemePackageTest.java","0"
"Method","dynamicColors_lightMode","test\main\java\networktool\theme\GuiThemePackageTest.java","0"
"Method","assertNotNull","test\main\java\networktool\theme\GuiThemePackageTest.java","0"
"Method","assertNotNull","test\main\java\networktool\theme\GuiThemePackageTest.java","0"
"Method","themeName_dark","test\main\java\networktool\theme\GuiThemePackageTest.java","0"
"Method","assertTrue","test\main\java\networktool\theme\GuiThemePackageTest.java","0"
"Method","fonts_notNull","test\main\java\networktool\theme\GuiThemePackageTest.java","0"
"Method","assertNotNull","test\main\java\networktool\theme\GuiThemePackageTest.java","0"
"Method","assertNotNull","test\main\java\networktool\theme\GuiThemePackageTest.java","0"
"Method","assertNotNull","test\main\java\networktool\theme\GuiThemePackageTest.java","0"
"Method","dark_singleton_sameInstance","test\main\java\networktool\theme\GuiThemePaletteImplTest.java","0"
"Method","assertSame","test\main\java\networktool\theme\GuiThemePaletteImplTest.java","0"
"Method","light_singleton_sameInstance","test\main\java\networktool\theme\GuiThemePaletteImplTest.java","0"
"Method","assertSame","test\main\java\networktool\theme\GuiThemePaletteImplTest.java","0"
"Method","dark_allColors_nonNull","test\main\java\networktool\theme\GuiThemePaletteImplTest.java","0"
"Method","assertAllNonNull","test\main\java\networktool\theme\GuiThemePaletteImplTest.java","0"
"Method","light_allColors_nonNull","test\main\java\networktool\theme\GuiThemePaletteImplTest.java","0"
"Method","assertAllNonNull","test\main\java\networktool\theme\GuiThemePaletteImplTest.java","0"
"Method","dark_and_light_bg_differ","test\main\java\networktool\theme\GuiThemePaletteImplTest.java","0"
"Method","assertNotEquals","test\main\java\networktool\theme\GuiThemePaletteImplTest.java","0"
"Method","dark_and_light_fg_differ","test\main\java\networktool\theme\GuiThemePaletteImplTest.java","0"
"Method","assertNotEquals","test\main\java\networktool\theme\GuiThemePaletteImplTest.java","0"
"Method","dark_and_light_osColors_differ","test\main\java\networktool\theme\GuiThemePaletteImplTest.java","0"
"Method","assertNotEquals","test\main\java\networktool\theme\GuiThemePaletteImplTest.java","0"
"Method","assertNotEquals","test\main\java\networktool\theme\GuiThemePaletteImplTest.java","0"
"Method","assertNotEquals","test\main\java\networktool\theme\GuiThemePaletteImplTest.java","0"
"Method","assertNotEquals","test\main\java\networktool\theme\GuiThemePaletteImplTest.java","0"
"Method","assertAllNonNull","test\main\java\networktool\theme\GuiThemePaletteImplTest.java","0"
"Method","assertNotNull","test\main\java\networktool\theme\GuiThemePaletteImplTest.java","0"
"Method","assertNotNull","test\main\java\networktool\theme\GuiThemePaletteImplTest.java","0"
"Method","assertNotNull","test\main\java\networktool\theme\GuiThemePaletteImplTest.java","0"
"Method","assertNotNull","test\main\java\networktool\theme\GuiThemePaletteImplTest.java","0"
"Method","assertNotNull","test\main\java\networktool\theme\GuiThemePaletteImplTest.java","0"
"Method","assertNotNull","test\main\java\networktool\theme\GuiThemePaletteImplTest.java","0"
"Method","assertNotNull","test\main\java\networktool\theme\GuiThemePaletteImplTest.java","0"
"Method","assertNotNull","test\main\java\networktool\theme\GuiThemePaletteImplTest.java","0"
"Method","assertNotNull","test\main\java\networktool\theme\GuiThemePaletteImplTest.java","0"
"Method","assertNotNull","test\main\java\networktool\theme\GuiThemePaletteImplTest.java","0"
"Method","assertNotNull","test\main\java\networktool\theme\GuiThemePaletteImplTest.java","0"
"Method","assertNotNull","test\main\java\networktool\theme\GuiThemePaletteImplTest.java","0"
"Method","assertNotNull","test\main\java\networktool\theme\GuiThemePaletteImplTest.java","0"
"Method","assertNotNull","test\main\java\networktool\theme\GuiThemePaletteImplTest.java","0"
"Method","assertNotNull","test\main\java\networktool\theme\GuiThemePaletteImplTest.java","0"
"Method","assertNotNull","test\main\java\networktool\theme\GuiThemePaletteImplTest.java","0"
"Method","assertNotNull","test\main\java\networktool\theme\GuiThemePaletteImplTest.java","0"
"Method","assertNotNull","test\main\java\networktool\theme\GuiThemePaletteImplTest.java","0"
"Method","assertNotNull","test\main\java\networktool\theme\GuiThemePaletteImplTest.java","0"
"Method","assertNotNull","test\main\java\networktool\theme\GuiThemePaletteImplTest.java","0"
"Method","assertNotNull","test\main\java\networktool\theme\GuiThemePaletteImplTest.java","0"
"Method","testDownload_unreachable_negative","test\main\java\networktool\transfer\BandwidthTesterActiveTest.java","0"
"Method","assertTrue","test\main\java\networktool\transfer\BandwidthTesterActiveTest.java","0"
"Method","testUpload_unreachable_negative","test\main\java\networktool\transfer\BandwidthTesterActiveTest.java","0"
"Method","assertTrue","test\main\java\networktool\transfer\BandwidthTesterActiveTest.java","0"
"Method","testBoth_doesNotThrow","test\main\java\networktool\transfer\BandwidthTesterActiveTest.java","0"
"Method","assertDoesNotThrow","test\main\java\networktool\transfer\BandwidthTesterActiveTest.java","0"
"Method","latencyProbe_unreachable_fails","test\main\java\networktool\transfer\BandwidthTesterActiveTest.java","0"
"Method","assertFalse","test\main\java\networktool\transfer\BandwidthTesterActiveTest.java","0"
"Method","latencyProbe_loopback_doesNotThrow","test\main\java\networktool\transfer\BandwidthTesterActiveTest.java","0"
"Method","assertDoesNotThrow","test\main\java\networktool\transfer\BandwidthTesterActiveTest.java","0"
"Method","httpProbe_download_unreachable_fails","test\main\java\networktool\transfer\BandwidthTesterActiveTest.java","0"
"Method","assertFalse","test\main\java\networktool\transfer\BandwidthTesterActiveTest.java","0"
"Method","httpProbe_upload_unreachable_fails","test\main\java\networktool\transfer\BandwidthTesterActiveTest.java","0"
"Method","assertFalse","test\main\java\networktool\transfer\BandwidthTesterActiveTest.java","0"
"Method","result_fail_hasNegativeMbps","test\main\java\networktool\transfer\BandwidthTesterActiveTest.java","0"
"Method","assertEquals","test\main\java\networktool\transfer\BandwidthTesterActiveTest.java","0"
"Method","getSubnet24Prefixes_slash24_one","test\main\java\networktool\util\CIDRUtilsExtTest.java","0"
"Method","assertEquals","test\main\java\networktool\util\CIDRUtilsExtTest.java","0"
"Method","assertEquals","test\main\java\networktool\util\CIDRUtilsExtTest.java","0"
"Method","getSubnet24Prefixes_slash23_two","test\main\java\networktool\util\CIDRUtilsExtTest.java","0"
"Method","assertEquals","test\main\java\networktool\util\CIDRUtilsExtTest.java","0"
"Method","getSubnet24Prefixes_slash19_32","test\main\java\networktool\util\CIDRUtilsExtTest.java","0"
"Method","assertEquals","test\main\java\networktool\util\CIDRUtilsExtTest.java","0"
"Method","assertEquals","test\main\java\networktool\util\CIDRUtilsExtTest.java","0"
"Method","assertEquals","test\main\java\networktool\util\CIDRUtilsExtTest.java","0"
"Method","getSubnet24Prefixes_slash16_256","test\main\java\networktool\util\CIDRUtilsExtTest.java","0"
"Method","assertEquals","test\main\java\networktool\util\CIDRUtilsExtTest.java","0"
"Method","getAllIPs_slash19_count","test\main\java\networktool\util\CIDRUtilsExtTest.java","0"
"Method","assertEquals","test\main\java\networktool\util\CIDRUtilsExtTest.java","0"
"Method","getAllIPs_slash30_two","test\main\java\networktool\util\CIDRUtilsExtTest.java","0"
"Method","assertEquals","test\main\java\networktool\util\CIDRUtilsExtTest.java","0"
"Method","intToIp_roundtrip","test\main\java\networktool\util\CIDRUtilsExtTest.java","0"
"Method","assertEquals","test\main\java\networktool\util\CIDRUtilsExtTest.java","0"
"Method","isSafeSubnetPrefix_valid","test\main\java\networktool\util\PlatformSupportSubnetTest.java","0"
"Method","isSafeSubnetPrefix_null","test\main\java\networktool\util\PlatformSupportSubnetTest.java","0"
"Method","isSafeSubnetPrefix_extraOctet","test\main\java\networktool\util\PlatformSupportSubnetTest.java","0"
"Method","isSafeSubnetPrefix_injection","test\main\java\networktool\util\PlatformSupportSubnetTest.java","0"
"Method","isSafeSubnetPrefix_tooFewOctets","test\main\java\networktool\util\PlatformSupportSubnetTest.java","0"
"Method","requireSafeSubnetPrefix_valid_returnsInput","test\main\java\networktool\util\PlatformSupportSubnetTest.java","0"
"Method","assertEquals","test\main\java\networktool\util\PlatformSupportSubnetTest.java","0"
"Method","requireSafeSubnetPrefix_invalid_throws","test\main\java\networktool\util\PlatformSupportSubnetTest.java","0"
"Method","isSafeSubnetPrefix_valid","test\main\java\networktool\util\PlatformUtilsSubnetTest.java","0"
"Method","isSafeSubnetPrefix_null","test\main\java\networktool\util\PlatformUtilsSubnetTest.java","0"
"Method","isSafeSubnetPrefix_extraOctet","test\main\java\networktool\util\PlatformUtilsSubnetTest.java","0"
"Method","isSafeSubnetPrefix_injection","test\main\java\networktool\util\PlatformUtilsSubnetTest.java","0"
"Method","isSafeSubnetPrefix_tooFewOctets","test\main\java\networktool\util\PlatformUtilsSubnetTest.java","0"
"Method","requireSafeSubnetPrefix_valid_returnsInput","test\main\java\networktool\util\PlatformUtilsSubnetTest.java","0"
"Method","assertEquals","test\main\java\networktool\util\PlatformUtilsSubnetTest.java","0"
"Method","requireSafeSubnetPrefix_invalid_throws","test\main\java\networktool\util\PlatformUtilsSubnetTest.java","0"
"Method","build_rawAndValidatedArgs_inOrder","test\main\java\networktool\util\SafeCommandTest.java","0"
"Method","iface_invalid_throws","test\main\java\networktool\util\SafeCommandTest.java","0"
"Method","ip_valid_accepted","test\main\java\networktool\util\SafeCommandTest.java","0"
"Method","ip_invalid_throws","test\main\java\networktool\util\SafeCommandTest.java","0"
"Method","mac_valid_accepted","test\main\java\networktool\util\SafeCommandTest.java","0"
"Method","mac_invalid_throws","test\main\java\networktool\util\SafeCommandTest.java","0"
"Method","assertThrows","test\main\java\networktool\util\SafeCommandTest.java","0"
"Method","raw_multipleArgs_appended","test\main\java\networktool\util\SafeCommandTest.java","0"
"Method","exec_invalidLoopback_doesNotThrowBeforeValidation","test\main\java\networktool\util\SafeCommandTest.java","0"
"Method","assertThrows","test\main\java\networktool\util\SafeCommandTest.java","0"
"Method","totalWidth_methodDoesNotExist","test\main\java\networktool\util\TableConfigFixTest.java","0"
"Method","assertFalse","test\main\java\networktool\util\TableConfigFixTest.java","0"
"Method","preferredHeight_positive","test\main\java\networktool\util\TableConfigFixTest.java","0"
"Method","assertTrue","test\main\java\networktool\util\TableConfigFixTest.java","0"
"Method","widthConstants_notEmpty","test\main\java\networktool\util\TableConfigFixTest.java","0"
"Method","assertTrue","test\main\java\networktool\util\TableConfigFixTest.java","0"
"Method","assertTrue","test\main\java\networktool\util\TableConfigFixTest.java","0"
"Method","assertTrue","test\main\java\networktool\util\TableConfigFixTest.java","0"
"Method","assertTrue","test\main\java\networktool\util\TableConfigFixTest.java","0"
"Method","assertTrue","test\main\java\networktool\util\TableConfigFixTest.java","0"
"Method","savedColNotes_inRange","test\main\java\networktool\util\TableConfigFixTest.java","0"
"Method","assertTrue","test\main\java\networktool\util\TableConfigFixTest.java","0"
"Method","rowHeight_positive","test\main\java\networktool\util\TableConfigFixTest.java","0"
"Method","assertTrue","test\main\java\networktool\util\TableConfigFixTest.java","0"
"Method","save_createsFile","test\networktool\cli\CliTest.java","0"
"Method","assertTrue","test\networktool\cli\CliTest.java","0"
"Method","save_emptyList_validJson","test\networktool\cli\CliTest.java","0"
"Method","assertTrue","test\networktool\cli\CliTest.java","0"
"Method","assertTrue","test\networktool\cli\CliTest.java","0"
"Method","save_withResults_containsIp","test\networktool\cli\CliTest.java","0"
"Method","assertTrue","test\networktool\cli\CliTest.java","0"
"Method","save_specialCharsInHostname_escaped","test\networktool\cli\CliTest.java","0"
"Method","assertFalse","test\networktool\cli\CliTest.java","0"
"Method","copy_null_doesNotThrow","test\networktool\cli\CliTest.java","0"
"Method","assertDoesNotThrow","test\networktool\cli\CliTest.java","0"
"Method","copy_blank_doesNotThrow","test\networktool\cli\CliTest.java","0"
"Method","assertDoesNotThrow","test\networktool\cli\CliTest.java","0"
"Method","ps_escapeSingleQuote","test\networktool\cli\CliTest.java","0"
"Method","assertTrue","test\networktool\cli\CliTest.java","0"
"Method","ps_null_returnsEmpty","test\networktool\cli\CliTest.java","0"
"Method","assertEquals","test\networktool\cli\CliTest.java","0"
"Method","ps_noSpecialChars_unchanged","test\networktool\cli\CliTest.java","0"
"Method","assertEquals","test\networktool\cli\CliTest.java","0"
"Method","ps_newlineReplaced","test\networktool\cli\CliTest.java","0"
"Method","assertFalse","test\networktool\cli\CliTest.java","0"
"Method","print_noHosts_doesNotThrow","test\networktool\filter\FilterExtTest.java","0"
"Method","assertDoesNotThrow","test\networktool\filter\FilterExtTest.java","0"
"Method","print_withHosts_outputsIp","test\networktool\filter\FilterExtTest.java","0"
"Method","assertTrue","test\networktool\filter\FilterExtTest.java","0"
"Method","print_sortsByIp","test\networktool\filter\FilterExtTest.java","0"
"Method","HostResult","test\networktool\filter\FilterExtTest.java","0"
"Method","assertTrue","test\networktool\filter\FilterExtTest.java","0"
"Method","assertTrue","test\networktool\filter\FilterExtTest.java","0"
"Method","print_labelInOutput","test\networktool\filter\FilterExtTest.java","0"
"Method","assertTrue","test\networktool\filter\FilterExtTest.java","0"
"Method","print_hostWithMac_outputsIp","test\networktool\filter\FilterExtTest.java","0"
"Method","assertTrue","test\networktool\filter\FilterExtTest.java","0"
"Method","captureOutput","test\networktool\filter\FilterExtTest.java","0"
"Method","HostResult","test\networktool\filter\FilterTest.java","0"
"Method","noFilter_returnsAll","test\networktool\filter\FilterTest.java","0"
"Method","assertEquals","test\networktool\filter\FilterTest.java","0"
"Method","osFilter_windows","test\networktool\filter\FilterTest.java","0"
"Method","assertEquals","test\networktool\filter\FilterTest.java","0"
"Method","assertEquals","test\networktool\filter\FilterTest.java","0"
"Method","osFilter_linux_matchesMultiple","test\networktool\filter\FilterTest.java","0"
"Method","assertEquals","test\networktool\filter\FilterTest.java","0"
"Method","osFilter_caseInsensitive","test\networktool\filter\FilterTest.java","0"
"Method","assertEquals","test\networktool\filter\FilterTest.java","0"
"Method","hostnameFilter_matchesPartial","test\networktool\filter\FilterTest.java","0"
"Method","assertEquals","test\networktool\filter\FilterTest.java","0"
"Method","assertEquals","test\networktool\filter\FilterTest.java","0"
"Method","hostnameFilter_excludesRawIp","test\networktool\filter\FilterTest.java","0"
"Method","assertTrue","test\networktool\filter\FilterTest.java","0"
"Method","combined_filter","test\networktool\filter\FilterTest.java","0"
"Method","assertEquals","test\networktool\filter\FilterTest.java","0"
"Method","emptyList","test\networktool\filter\FilterTest.java","0"
"Method","assertTrue","test\networktool\filter\FilterTest.java","0"
"Method","buildLabel_noFilters","test\networktool\filter\FilterTest.java","0"
"Method","assertEquals","test\networktool\filter\FilterTest.java","0"
"Method","buildLabel_osOnly","test\networktool\filter\FilterTest.java","0"
"Method","assertTrue","test\networktool\filter\FilterTest.java","0"
"Method","buildLabel_both","test\networktool\filter\FilterTest.java","0"
"Method","assertTrue","test\networktool\filter\FilterTest.java","0"
"Method","assertTrue","test\networktool\filter\FilterTest.java","0"
"Method","hostnameFilter_stripsMacPart","test\networktool\filter\FilterTest.java","0"
"Method","assertEquals","test\networktool\filter\FilterTest.java","0"
"Method","buildResults","test\networktool\filter\FilterTest.java","0"
"Method","ScanResult","test\networktool\filter\FilterTest.java","0"
"Method","filterByOS_windows","test\networktool\filter\FilterTest.java","0"
"Method","assertEquals","test\networktool\filter\FilterTest.java","0"
"Method","assertEquals","test\networktool\filter\FilterTest.java","0"
"Method","filterByOS_caseInsensitive","test\networktool\filter\FilterTest.java","0"
"Method","assertEquals","test\networktool\filter\FilterTest.java","0"
"Method","filterByOS_noMatch","test\networktool\filter\FilterTest.java","0"
"Method","assertTrue","test\networktool\filter\FilterTest.java","0"
"Method","filterByPort_ssh","test\networktool\filter\FilterTest.java","0"
"Method","assertEquals","test\networktool\filter\FilterTest.java","0"
"Method","filterByPort_notPresent","test\networktool\filter\FilterTest.java","0"
"Method","assertTrue","test\networktool\filter\FilterTest.java","0"
"Method","filterByHostnameRegex_simple","test\networktool\filter\FilterTest.java","0"
"Method","assertEquals","test\networktool\filter\FilterTest.java","0"
"Method","filterByHostnameRegex_caseInsensitive","test\networktool\filter\FilterTest.java","0"
"Method","assertEquals","test\networktool\filter\FilterTest.java","0"
"Method","filterByHostnameRegex_noMatch","test\networktool\filter\FilterTest.java","0"
"Method","assertTrue","test\networktool\filter\FilterTest.java","0"
"Method","filterCombined_linuxSsh","test\networktool\filter\FilterTest.java","0"
"Method","assertEquals","test\networktool\filter\FilterTest.java","0"
"Method","assertEquals","test\networktool\filter\FilterTest.java","0"
"Method","filterCombined_noMatch","test\networktool\filter\FilterTest.java","0"
"Method","assertTrue","test\networktool\filter\FilterTest.java","0"
"Method","reset","test\networktool\gui\GuiLoginRateLimiterPackageTest.java","0"
"Method","constants","test\networktool\gui\GuiLoginRateLimiterPackageTest.java","0"
"Method","assertEquals","test\networktool\gui\GuiLoginRateLimiterPackageTest.java","0"
"Method","assertEquals","test\networktool\gui\GuiLoginRateLimiterPackageTest.java","0"
"Method","recordFailure_returnsTrue_onLock","test\networktool\gui\GuiLoginRateLimiterPackageTest.java","0"
"Method","assertFalse","test\networktool\gui\GuiLoginRateLimiterPackageTest.java","0"
"Method","assertTrue","test\networktool\gui\GuiLoginRateLimiterPackageTest.java","0"
"Method","recordFailure_resetsAttempts_afterLock","test\networktool\gui\GuiLoginRateLimiterPackageTest.java","0"
"Method","assertEquals","test\networktool\gui\GuiLoginRateLimiterPackageTest.java","0"
"Method","isLocked_afterLockout","test\networktool\gui\GuiLoginRateLimiterPackageTest.java","0"
"Method","assertTrue","test\networktool\gui\GuiLoginRateLimiterPackageTest.java","0"
"Method","remainingSeconds_whenLocked_positive","test\networktool\gui\GuiLoginRateLimiterPackageTest.java","0"
"Method","assertTrue","test\networktool\gui\GuiLoginRateLimiterPackageTest.java","0"
"Method","remainingSeconds_whenNotLocked_zero","test\networktool\gui\GuiLoginRateLimiterPackageTest.java","0"
"Method","assertEquals","test\networktool\gui\GuiLoginRateLimiterPackageTest.java","0"
"Method","recordSuccess_clearsLock","test\networktool\gui\GuiLoginRateLimiterPackageTest.java","0"
"Method","assertFalse","test\networktool\gui\GuiLoginRateLimiterPackageTest.java","0"
"Method","assertEquals","test\networktool\gui\GuiLoginRateLimiterPackageTest.java","0"
"Method","resetDark","test\networktool\gui\GuiThemeFixTest.java","0"
"Method","resetAfter","test\networktool\gui\GuiThemeFixTest.java","0"
"Method","mutableStatics_areVolatile","test\networktool\gui\GuiThemeFixTest.java","0"
"Method","assertTrue","test\networktool\gui\GuiThemeFixTest.java","0"
"Method","btn_act_fieldDoesNotExist","test\networktool\gui\GuiThemeFixTest.java","0"
"Method","assertFalse","test\networktool\gui\GuiThemeFixTest.java","0"
"Method","fg_dead_fieldDoesNotExist","test\networktool\gui\GuiThemeFixTest.java","0"
"Method","assertFalse","test\networktool\gui\GuiThemeFixTest.java","0"
"Method","applyToStatics_darkVsLight_differentColors","test\networktool\gui\GuiThemeFixTest.java","0"
"Method","assertNotEquals","test\networktool\gui\GuiThemeFixTest.java","0"
"Method","toggleTheme_threadSafe_noException","test\networktool\gui\GuiThemeFixTest.java","0"
"Method","assertFalse","test\networktool\gui\GuiThemeFixTest.java","0"
"Method","assertNotNull","test\networktool\gui\GuiThemeFixTest.java","0"
"Method","osColor_empty_returnsFg","test\networktool\gui\GuiThemeFixTest.java","0"
"Method","assertEquals","test\networktool\gui\GuiThemeFixTest.java","0"
"Method","osColor_null_returnsFg","test\networktool\gui\GuiThemeFixTest.java","0"
"Method","assertEquals","test\networktool\gui\GuiThemeFixTest.java","0"
"Method","headless","test\networktool\gui\panels\PrivacyNetworkActionsTest.java","0"
"Method","getCurrentIp_notNull","test\networktool\gui\panels\PrivacyNetworkActionsTest.java","0"
"Method","assertNotNull","test\networktool\gui\panels\PrivacyNetworkActionsTest.java","0"
"Method","getCurrentIp_doesNotThrow","test\networktool\gui\panels\PrivacyNetworkActionsTest.java","0"
"Method","assertDoesNotThrow","test\networktool\gui\panels\PrivacyNetworkActionsTest.java","0"
"Method","getCurrentMac_notNull","test\networktool\gui\panels\PrivacyNetworkActionsTest.java","0"
"Method","assertNotNull","test\networktool\gui\panels\PrivacyNetworkActionsTest.java","0"
"Method","getCurrentMac_doesNotThrow","test\networktool\gui\panels\PrivacyNetworkActionsTest.java","0"
"Method","assertDoesNotThrow","test\networktool\gui\panels\PrivacyNetworkActionsTest.java","0"
"Method","isVpnActive_doesNotThrow","test\networktool\gui\panels\PrivacyNetworkActionsTest.java","0"
"Method","assertDoesNotThrow","test\networktool\gui\panels\PrivacyNetworkActionsTest.java","0"
"Method","isVpnActive_returnsBoolean","test\networktool\gui\panels\PrivacyNetworkActionsTest.java","0"
"Method","assertEquals","test\networktool\gui\panels\PrivacyNetworkActionsTest.java","0"
"Method","runTask_invokesConsumer","test\networktool\gui\panels\PrivacyNetworkActionsTest.java","0"
"Method","assertTrue","test\networktool\gui\panels\PrivacyNetworkActionsTest.java","0"
"Method","runTask_clearsLogFirst","test\networktool\gui\panels\PrivacyNetworkActionsTest.java","0"
"Method","runTask_doesNotThrow","test\networktool\gui\panels\PrivacyNetworkActionsTest.java","0"
"Method","checkEncryption_doesNotThrow","test\networktool\gui\panels\PrivacyNetworkActionsTest.java","0"
"Method","checkEncryption_writesToLog","test\networktool\gui\panels\PrivacyNetworkActionsTest.java","0"
"Method","assertFalse","test\networktool\gui\panels\PrivacyNetworkActionsTest.java","0"
"Method","randomizeMac_doesNotThrow","test\networktool\gui\panels\PrivacyNetworkActionsTest.java","0"
"Method","assertDoesNotThrow","test\networktool\gui\panels\PrivacyNetworkActionsTest.java","0"
"Method","resetMac_doesNotThrow","test\networktool\gui\panels\PrivacyNetworkActionsTest.java","0"
"Method","assertDoesNotThrow","test\networktool\gui\panels\PrivacyNetworkActionsTest.java","0"
"Method","startVpn_doesNotThrow","test\networktool\gui\panels\PrivacyNetworkActionsTest.java","0"
"Method","assertDoesNotThrow","test\networktool\gui\panels\PrivacyNetworkActionsTest.java","0"
"Method","stopVpn_doesNotThrow","test\networktool\gui\panels\PrivacyNetworkActionsTest.java","0"
"Method","assertDoesNotThrow","test\networktool\gui\panels\PrivacyNetworkActionsTest.java","0"
"Method","loopbackReachable","test\networktool\logic\AnalysisTest.java","0"
"Method","stop","test\networktool\logic\AnalysisTest.java","0"
"Method","isActive_initiallyFalse","test\networktool\logic\AnalysisTest.java","0"
"Method","start_setsActive","test\networktool\logic\AnalysisTest.java","0"
"Method","assertTrue","test\networktool\logic\AnalysisTest.java","0"
"Method","stop_clearsActive","test\networktool\logic\AnalysisTest.java","0"
"Method","assertFalse","test\networktool\logic\AnalysisTest.java","0"
"Method","startTwice_doesNotThrow","test\networktool\logic\AnalysisTest.java","0"
"Method","assertDoesNotThrow","test\networktool\logic\AnalysisTest.java","0"
"Method","addBaseline_doesNotThrow","test\networktool\logic\AnalysisTest.java","0"
"Method","assertDoesNotThrow","test\networktool\logic\AnalysisTest.java","0"
"Method","addBaseline_nullInputs_doesNotThrow","test\networktool\logic\AnalysisTest.java","0"
"Method","assertDoesNotThrow","test\networktool\logic\AnalysisTest.java","0"
"Method","quickScan_localhost_doesNotThrow","test\networktool\logic\AnalysisTest.java","0"
"Method","assumeTrue","test\networktool\logic\AnalysisTest.java","0"
"Method","assertDoesNotThrow","test\networktool\logic\AnalysisTest.java","0"
"Method","quickScan_unreachable_doesNotThrow","test\networktool\logic\AnalysisTest.java","0"
"Method","assertDoesNotThrow","test\networktool\logic\AnalysisTest.java","0"
"Method","inspect_localhost_doesNotThrow","test\networktool\logic\AnalysisTest.java","0"
"Method","assumeTrue","test\networktool\logic\AnalysisTest.java","0"
"Method","assertDoesNotThrow","test\networktool\logic\AnalysisTest.java","0"
"Method","detect_localhost_returnsString","test\networktool\logic\AnalysisTest.java","0"
"Method","assumeTrue","test\networktool\logic\AnalysisTest.java","0"
"Method","assertNotNull","test\networktool\logic\AnalysisTest.java","0"
"Method","assertFalse","test\networktool\logic\AnalysisTest.java","0"
"Method","detectWithConfidence_localhost_notNull","test\networktool\logic\AnalysisTest.java","0"
"Method","assumeTrue","test\networktool\logic\AnalysisTest.java","0"
"Method","assertNotNull","test\networktool\logic\AnalysisTest.java","0"
"Method","assertNotNull","test\networktool\logic\AnalysisTest.java","0"
"Method","assertNotNull","test\networktool\logic\AnalysisTest.java","0"
"Method","detectFromHostname_null_null","test\networktool\logic\AnalysisTest.java","0"
"Method","assertNull","test\networktool\logic\AnalysisTest.java","0"
"Method","detectFromHostname_sameAsIp_null","test\networktool\logic\AnalysisTest.java","0"
"Method","assertNull","test\networktool\logic\AnalysisTest.java","0"
"Method","getMacFromArp_doesNotThrow","test\networktool\logic\AnalysisTest.java","0"
"Method","assertDoesNotThrow","test\networktool\logic\AnalysisTest.java","0"
"Method","isOpen_closedPort_false","test\networktool\logic\AnalysisTest.java","0"
"Method","assertFalse","test\networktool\logic\AnalysisTest.java","0"
"Method","osResult_display_containsOs","test\networktool\logic\AnalysisTest.java","0"
"Method","assertTrue","test\networktool\logic\AnalysisTest.java","0"
"Method","confidence_values_exist","test\networktool\logic\AnalysisTest.java","0"
"Method","assertNotNull","test\networktool\logic\AnalysisTest.java","0"
"Method","assertNotNull","test\networktool\logic\AnalysisTest.java","0"
"Method","assertNotNull","test\networktool\logic\AnalysisTest.java","0"
"Method","isLoaded_afterInit_noThrow","test\networktool\logic\AnalysisTest.java","0"
"Method","assertDoesNotThrow","test\networktool\logic\AnalysisTest.java","0"
"Method","lookup_afterInit_noException","test\networktool\logic\AnalysisTest.java","0"
"Method","assertDoesNotThrow","test\networktool\logic\AnalysisTest.java","0"
"Method","extendedCount_nonNegative","test\networktool\logic\AnalysisTest.java","0"
"Method","assertTrue","test\networktool\logic\AnalysisTest.java","0"
"Method","pingWithDetails_localhost_doesNotThrow","test\networktool\logic\AnalysisTest.java","0"
"Method","assumeTrue","test\networktool\logic\AnalysisTest.java","0"
"Method","assertDoesNotThrow","test\networktool\logic\AnalysisTest.java","0"
"Method","pingWithDetails_unreachable_doesNotThrow","test\networktool\logic\AnalysisTest.java","0"
"Method","assertDoesNotThrow","test\networktool\logic\AnalysisTest.java","0"
"Method","getAllIPs_slash24_returns254","test\networktool\logic\LogicTest.java","0"
"Method","assertEquals","test\networktool\logic\LogicTest.java","0"
"Method","getAllIPs_firstAndLast","test\networktool\logic\LogicTest.java","0"
"Method","assertEquals","test\networktool\logic\LogicTest.java","0"
"Method","assertEquals","test\networktool\logic\LogicTest.java","0"
"Method","getAllIPs_slash30_returns2","test\networktool\logic\LogicTest.java","0"
"Method","assertEquals","test\networktool\logic\LogicTest.java","0"
"Method","ipToInt_roundtrip","test\networktool\logic\LogicTest.java","0"
"Method","assertEquals","test\networktool\logic\LogicTest.java","0"
"Method","ipToInt_zero","test\networktool\logic\LogicTest.java","0"
"Method","assertEquals","test\networktool\logic\LogicTest.java","0"
"Method","ipToInt_max","test\networktool\logic\LogicTest.java","0"
"Method","assertEquals","test\networktool\logic\LogicTest.java","0"
"Method","intToIp_loopback","test\networktool\logic\LogicTest.java","0"
"Method","assertEquals","test\networktool\logic\LogicTest.java","0"
"Method","getAllIPs_doesNotIncludeNetwork","test\networktool\logic\LogicTest.java","0"
"Method","assertFalse","test\networktool\logic\LogicTest.java","0"
"Method","assertFalse","test\networktool\logic\LogicTest.java","0"
"Method","r","test\networktool\logic\LogicTest.java","0"
"Method","ScanResult","test\networktool\logic\LogicTest.java","0"
"Method","noChanges_emptyDelta","test\networktool\logic\LogicTest.java","0"
"Method","assertTrue","test\networktool\logic\LogicTest.java","0"
"Method","newHost_detected","test\networktool\logic\LogicTest.java","0"
"Method","assertTrue","test\networktool\logic\LogicTest.java","0"
"Method","goneHost_detected","test\networktool\logic\LogicTest.java","0"
"Method","assertTrue","test\networktool\logic\LogicTest.java","0"
"Method","osChange_detected","test\networktool\logic\LogicTest.java","0"
"Method","assertTrue","test\networktool\logic\LogicTest.java","0"
"Method","portChange_newPort_detected","test\networktool\logic\LogicTest.java","0"
"Method","assertTrue","test\networktool\logic\LogicTest.java","0"
"Method","portChange_closedPort_detected","test\networktool\logic\LogicTest.java","0"
"Method","assertTrue","test\networktool\logic\LogicTest.java","0"
"Method","compareHosts_newHost","test\networktool\logic\LogicTest.java","0"
"Method","HostResult","test\networktool\logic\LogicTest.java","0"
"Method","assertEquals","test\networktool\logic\LogicTest.java","0"
"Method","setup","test\networktool\logic\LogicTest.java","0"
"Method","add_and_size","test\networktool\logic\LogicTest.java","0"
"Method","assertEquals","test\networktool\logic\LogicTest.java","0"
"Method","getLast_returnsNewest","test\networktool\logic\LogicTest.java","0"
"Method","assertEquals","test\networktool\logic\LogicTest.java","0"
"Method","maxHistory_respected","test\networktool\logic\LogicTest.java","0"
"Method","assertEquals","test\networktool\logic\LogicTest.java","0"
"Method","get_validIndex","test\networktool\logic\LogicTest.java","0"
"Method","assertTrue","test\networktool\logic\LogicTest.java","0"
"Method","get_invalidIndex_empty","test\networktool\logic\LogicTest.java","0"
"Method","assertFalse","test\networktool\logic\LogicTest.java","0"
"Method","clear_removesAll","test\networktool\logic\LogicTest.java","0"
"Method","assertEquals","test\networktool\logic\LogicTest.java","0"
"Method","results_immutable","test\networktool\logic\LogicTest.java","0"
"Method","assertEquals","test\networktool\logic\LogicTest.java","0"
"Method","entry_display_containsLabel","test\networktool\logic\LogicTest.java","0"
"Method","assertTrue","test\networktool\logic\LogicTest.java","0"
"Method","deriveBroadcast_slash24","test\networktool\logic\LogicTest.java","0"
"Method","assertEquals","test\networktool\logic\LogicTest.java","0"
"Method","deriveBroadcast_slash16","test\networktool\logic\LogicTest.java","0"
"Method","assertEquals","test\networktool\logic\LogicTest.java","0"
"Method","deriveBroadcast_slash32","test\networktool\logic\LogicTest.java","0"
"Method","assertEquals","test\networktool\logic\LogicTest.java","0"
"Method","deriveBroadcast_invalidIp_fallback","test\networktool\logic\LogicTest.java","0"
"Method","assertEquals","test\networktool\logic\LogicTest.java","0"
"Method","extractMacFromHostname_valid","test\networktool\logic\LogicTest.java","0"
"Method","assertEquals","test\networktool\logic\LogicTest.java","0"
"Method","extractMacFromHostname_dashFormat","test\networktool\logic\LogicTest.java","0"
"Method","assertEquals","test\networktool\logic\LogicTest.java","0"
"Method","extractMacFromHostname_noMac_returnsNull","test\networktool\logic\LogicTest.java","0"
"Method","assertNull","test\networktool\logic\LogicTest.java","0"
"Method","extractMacFromHostname_null_returnsNull","test\networktool\logic\LogicTest.java","0"
"Method","assertNull","test\networktool\logic\LogicTest.java","0"
"Method","send_unreachableHost_doesNotThrow","test\networktool\logic\MessagingTest.java","0"
"Method","assertDoesNotThrow","test\networktool\logic\MessagingTest.java","0"
"Method","send_noTopic_doesNotThrow","test\networktool\logic\MessagingTest.java","0"
"Method","assertDoesNotThrow","test\networktool\logic\MessagingTest.java","0"
"Method","showLocalToast_doesNotThrow","test\networktool\logic\MessagingTest.java","0"
"Method","assertDoesNotThrow","test\networktool\logic\MessagingTest.java","0"
"Method","startListener_doesNotThrow","test\networktool\logic\MessagingTest.java","0"
"Method","listenerPort_isCorrect","test\networktool\logic\MessagingTest.java","0"
"Method","assertEquals","test\networktool\logic\MessagingTest.java","0"
"Method","loopbackReachable","test\networktool\logic\ScanInfraTest.java","0"
"Method","isAlive_unreachable_false","test\networktool\logic\ScanInfraTest.java","0"
"Method","assertFalse","test\networktool\logic\ScanInfraTest.java","0"
"Method","getAllSubnets_doesNotThrow","test\networktool\logic\ScanInfraTest.java","0"
"Method","assertDoesNotThrow","test\networktool\logic\ScanInfraTest.java","0"
"Method","getAllSubnets_returnsListNotNull","test\networktool\logic\ScanInfraTest.java","0"
"Method","assertNotNull","test\networktool\logic\ScanInfraTest.java","0"
"Method","getAllSubnets_noMoreThan256","test\networktool\logic\ScanInfraTest.java","0"
"Method","assertTrue","test\networktool\logic\ScanInfraTest.java","0"
"Method","getAllSubnets_formattedCorrectly","test\networktool\logic\ScanInfraTest.java","0"
"Method","assertEquals","test\networktool\logic\ScanInfraTest.java","0"
"Method","getAllSubnets_noLoopback","test\networktool\logic\ScanInfraTest.java","0"
"Method","assertFalse","test\networktool\logic\ScanInfraTest.java","0"
"Method","getAllSubnets_noLinkLocal","test\networktool\logic\ScanInfraTest.java","0"
"Method","getAllCidrs_validFormat","test\networktool\logic\ScanInfraTest.java","0"
"Method","assertTrue","test\networktool\logic\ScanInfraTest.java","0"
"Method","assertTrue","test\networktool\logic\ScanInfraTest.java","0"
"Method","sweep_emptyList_returnsEmpty","test\networktool\logic\ScanInfraTest.java","0"
"Method","assertTrue","test\networktool\logic\ScanInfraTest.java","0"
"Method","sweep_localhost_containsIt","test\networktool\logic\ScanInfraTest.java","0"
"Method","assumeTrue","test\networktool\logic\ScanInfraTest.java","0"
"Method","assertTrue","test\networktool\logic\ScanInfraTest.java","0"
"Method","sweep_unreachable_emptyResult","test\networktool\logic\ScanInfraTest.java","0"
"Method","assertTrue","test\networktool\logic\ScanInfraTest.java","0"
"Method","sweep_withProgressCallback","test\networktool\logic\ScanInfraTest.java","0"
"Method","assumeTrue","test\networktool\logic\ScanInfraTest.java","0"
"Method","assertEquals","test\networktool\logic\ScanInfraTest.java","0"
"Method","clear","test\networktool\logic\ScanInfraTest.java","0"
"Method","isEmpty_initially","test\networktool\logic\ScanInfraTest.java","0"
"Method","updateFromHostResults_storesData","test\networktool\logic\ScanInfraTest.java","0"
"Method","assertFalse","test\networktool\logic\ScanInfraTest.java","0"
"Method","assertEquals","test\networktool\logic\ScanInfraTest.java","0"
"Method","updateFromHostResults_stripsMAC","test\networktool\logic\ScanInfraTest.java","0"
"Method","assertEquals","test\networktool\logic\ScanInfraTest.java","0"
"Method","updateFromScanResults_storesData","test\networktool\logic\ScanInfraTest.java","0"
"Method","assertFalse","test\networktool\logic\ScanInfraTest.java","0"
"Method","assertEquals","test\networktool\logic\ScanInfraTest.java","0"
"Method","getAll_notNull","test\networktool\logic\ScanInfraTest.java","0"
"Method","constructor_doesNotThrow","test\networktool\logic\ScanInfraTest.java","0"
"Method","step_doesNotThrow","test\networktool\logic\ScanInfraTest.java","0"
"Method","enableTestMode","test\networktool\logic\ScanInfraTest.java","0"
"Method","disableTestMode","test\networktool\logic\ScanInfraTest.java","0"
"Method","scanWithFilter_emptyFilters_doesNotThrow","test\networktool\logic\ScanInfraTest.java","0"
"Method","assertDoesNotThrow","test\networktool\logic\ScanInfraTest.java","0"
"Method","showMinimalInfo_doesNotThrow","test\networktool\logic\ScanInfraTest.java","0"
"Method","assertDoesNotThrow","test\networktool\logic\ScanInfraTest.java","0"
"Method","stop","test\networktool\logic\ScanInfraTest.java","0"
"Method","isActive_initiallyFalse","test\networktool\logic\ScanInfraTest.java","0"
"Method","start_setsActive","test\networktool\logic\ScanInfraTest.java","0"
"Method","assertTrue","test\networktool\logic\ScanInfraTest.java","0"
"Method","stop_clearsActive","test\networktool\logic\ScanInfraTest.java","0"
"Method","assertFalse","test\networktool\logic\ScanInfraTest.java","0"
"Method","getInterval_default","test\networktool\logic\ScanInfraTest.java","0"
"Method","assertEquals","test\networktool\logic\ScanInfraTest.java","0"
"Method","startTwice_doesNotThrow","test\networktool\logic\ScanInfraTest.java","0"
"Method","assertDoesNotThrow","test\networktool\logic\ScanInfraTest.java","0"
"Method","cleanup","test\networktool\logic\ScanInfraTest.java","0"
"Method","getRunning_initially_empty","test\networktool\logic\ScanInfraTest.java","0"
"Method","isRunning_nonexistent_false","test\networktool\logic\ScanInfraTest.java","0"
"Method","stop_nonexistent_doesNotThrow","test\networktool\logic\ScanInfraTest.java","0"
"Method","stopAll_doesNotThrow","test\networktool\logic\ScanInfraTest.java","0"
"Method","loopbackReachable","test\networktool\logic\ScanNetworkTest.java","0"
"Method","scanCIDR_loopback_doesNotThrow","test\networktool\logic\ScanNetworkTest.java","0"
"Method","assertDoesNotThrow","test\networktool\logic\ScanNetworkTest.java","0"
"Method","scanCIDR_returnsListNotNull","test\networktool\logic\ScanNetworkTest.java","0"
"Method","assertNotNull","test\networktool\logic\ScanNetworkTest.java","0"
"Method","scanCIDR_localhostFound","test\networktool\logic\ScanNetworkTest.java","0"
"Method","assumeTrue","test\networktool\logic\ScanNetworkTest.java","0"
"Method","assertTrue","test\networktool\logic\ScanNetworkTest.java","0"
"Method","scanCIDR_addsToHistory","test\networktool\logic\ScanNetworkTest.java","0"
"Method","assertTrue","test\networktool\logic\ScanNetworkTest.java","0"
"Method","scan_singleIp_doesNotThrow","test\networktool\logic\ScanNetworkTest.java","0"
"Method","assertDoesNotThrow","test\networktool\logic\ScanNetworkTest.java","0"
"Method","scan_singleIp_returnsList","test\networktool\logic\ScanNetworkTest.java","0"
"Method","assertNotNull","test\networktool\logic\ScanNetworkTest.java","0"
"Method","scan_loopbackSubnet_findsLocalhost_ifAlive","test\networktool\logic\ScanNetworkTest.java","0"
"Method","assumeTrue","test\networktool\logic\ScanNetworkTest.java","0"
"Method","assertNotNull","test\networktool\logic\ScanNetworkTest.java","0"
"Method","reachResult_fields","test\networktool\logic\ScanNetworkTest.java","0"
"Method","assertTrue","test\networktool\logic\ScanNetworkTest.java","0"
"Method","assertEquals","test\networktool\logic\ScanNetworkTest.java","0"
"Method","assertEquals","test\networktool\logic\ScanNetworkTest.java","0"
"Method","reachResult_unreachable","test\networktool\logic\ScanNetworkTest.java","0"
"Method","assertFalse","test\networktool\logic\ScanNetworkTest.java","0"
"Method","detectDefaultGateway_doesNotThrow","test\networktool\logic\ScanNetworkTest.java","0"
"Method","assertDoesNotThrow","test\networktool\logic\ScanNetworkTest.java","0"
"Method","parallelProbe_invalidCidr_doesNotThrow","test\networktool\logic\ScanNetworkTest.java","0"
"Method","assertDoesNotThrow","test\networktool\logic\ScanNetworkTest.java","0"
"Method","printRoutingHints_doesNotThrow","test\networktool\logic\ScanNetworkTest.java","0"
"Method","assertDoesNotThrow","test\networktool\logic\ScanNetworkTest.java","0"
"Method","stop","test\networktool\logic\TrafficVisualizerIntegrationTest.java","0"
"Method","start_producesSamples_thenStopsCleanly","test\networktool\logic\TrafficVisualizerIntegrationTest.java","0"
"Method","assertTrue","test\networktool\logic\TrafficVisualizerIntegrationTest.java","0"
"Method","assertFalse","test\networktool\logic\TrafficVisualizerIntegrationTest.java","0"
"Method","start_doesNotThrow_onDetectedInterface","test\networktool\logic\TrafficVisualizerIntegrationTest.java","0"
"Method","assertDoesNotThrow","test\networktool\logic\TrafficVisualizerIntegrationTest.java","0"
"Method","isAlive_withOpenPort_true","test\networktool\logic\scan\host\HostAliveCheckerTest.java","0"
"Method","try","test\networktool\logic\scan\host\HostAliveCheckerTest.java","0"
"Method","assertTrue","test\networktool\logic\scan\host\HostAliveCheckerTest.java","0"
"Method","isAlive_unreachableIp_false","test\networktool\logic\scan\host\HostAliveCheckerTest.java","0"
"Method","assertFalse","test\networktool\logic\scan\host\HostAliveCheckerTest.java","0"
"Method","isAlive_doesNotThrow","test\networktool\logic\scan\host\HostAliveCheckerTest.java","0"
"Method","assertDoesNotThrow","test\networktool\logic\scan\host\HostAliveCheckerTest.java","0"
"Method","isAlive_localhost_withProbePort","test\networktool\logic\scan\host\HostAliveCheckerTest.java","0"
"Method","try","test\networktool\logic\scan\host\HostAliveCheckerTest.java","0"
"Method","assertTrue","test\networktool\logic\scan\host\HostAliveCheckerTest.java","0"
"Method","isReachableViaSocket","test\networktool\logic\scan\host\HostAliveCheckerTest.java","0"
"Method","try","test\networktool\logic\scan\host\HostAliveCheckerTest.java","0"
"Method","getAllCidrs_doesNotThrow","test\networktool\logic\scan\host\SubnetDetectorExtTest.java","0"
"Method","assertDoesNotThrow","test\networktool\logic\scan\host\SubnetDetectorExtTest.java","0"
"Method","getAllCidrs_validFormat","test\networktool\logic\scan\host\SubnetDetectorExtTest.java","0"
"Method","assertTrue","test\networktool\logic\scan\host\SubnetDetectorExtTest.java","0"
"Method","assertEquals","test\networktool\logic\scan\host\SubnetDetectorExtTest.java","0"
"Method","assertTrue","test\networktool\logic\scan\host\SubnetDetectorExtTest.java","0"
"Method","getAllCidrs_noLoopback","test\networktool\logic\scan\host\SubnetDetectorExtTest.java","0"
"Method","assertFalse","test\networktool\logic\scan\host\SubnetDetectorExtTest.java","0"
"Method","getAllCidrs_noLinkLocal","test\networktool\logic\scan\host\SubnetDetectorExtTest.java","0"
"Method","assertFalse","test\networktool\logic\scan\host\SubnetDetectorExtTest.java","0"
"Method","getAllSubnets_backwardCompat","test\networktool\logic\scan\host\SubnetDetectorExtTest.java","0"
"Method","assertEquals","test\networktool\logic\scan\host\SubnetDetectorExtTest.java","0"
"Method","getAllSubnets_noLoopback","test\networktool\logic\scan\host\SubnetDetectorExtTest.java","0"
"Method","assertFalse","test\networktool\logic\scan\host\SubnetDetectorExtTest.java","0"
"Method","getAllSubnets_noLinkLocal","test\networktool\logic\scan\host\SubnetDetectorExtTest.java","0"
"Method","clear","test\networktool\logic\scan\schedule\LastScanCacheFixTest.java","0"
"Method","isEmpty_afterClear","test\networktool\logic\scan\schedule\LastScanCacheFixTest.java","0"
"Method","assertTrue","test\networktool\logic\scan\schedule\LastScanCacheFixTest.java","0"
"Method","updateFromHostResults_storesData","test\networktool\logic\scan\schedule\LastScanCacheFixTest.java","0"
"Method","assertFalse","test\networktool\logic\scan\schedule\LastScanCacheFixTest.java","0"
"Method","assertEquals","test\networktool\logic\scan\schedule\LastScanCacheFixTest.java","0"
"Method","updateFromHostResults_stripsMAC","test\networktool\logic\scan\schedule\LastScanCacheFixTest.java","0"
"Method","assertEquals","test\networktool\logic\scan\schedule\LastScanCacheFixTest.java","0"
"Method","updateFromHostResults_noMac_unchanged","test\networktool\logic\scan\schedule\LastScanCacheFixTest.java","0"
"Method","assertEquals","test\networktool\logic\scan\schedule\LastScanCacheFixTest.java","0"
"Method","updateFromScanResults_storesData","test\networktool\logic\scan\schedule\LastScanCacheFixTest.java","0"
"Method","assertFalse","test\networktool\logic\scan\schedule\LastScanCacheFixTest.java","0"
"Method","assertEquals","test\networktool\logic\scan\schedule\LastScanCacheFixTest.java","0"
"Method","updateFromScanResults_replacesOld","test\networktool\logic\scan\schedule\LastScanCacheFixTest.java","0"
"Method","assertEquals","test\networktool\logic\scan\schedule\LastScanCacheFixTest.java","0"
"Method","assertEquals","test\networktool\logic\scan\schedule\LastScanCacheFixTest.java","0"
"Method","getAll_isUnmodifiable","test\networktool\logic\scan\schedule\LastScanCacheFixTest.java","0"
"Method","assertThrows","test\networktool\logic\scan\schedule\LastScanCacheFixTest.java","0"
"Method","record_fieldsAccessible","test\networktool\logic\scan\schedule\LastScanCacheFixTest.java","0"
"Method","assertEquals","test\networktool\logic\scan\schedule\LastScanCacheFixTest.java","0"
"Method","assertEquals","test\networktool\logic\scan\schedule\LastScanCacheFixTest.java","0"
"Method","assertEquals","test\networktool\logic\scan\schedule\LastScanCacheFixTest.java","0"
"Method","resetToDark","test\networktool\misc\MiscTest.java","0"
"Method","resetAfter","test\networktool\misc\MiscTest.java","0"
"Method","isDark_initiallyTrue","test\networktool\misc\MiscTest.java","0"
"Method","toggleTheme_switchesToLight","test\networktool\misc\MiscTest.java","0"
"Method","toggleTheme_twice_backToDark","test\networktool\misc\MiscTest.java","0"
"Method","applyToStatics_updatesColors","test\networktool\misc\MiscTest.java","0"
"Method","osColor_windows","test\networktool\misc\MiscTest.java","0"
"Method","osColor_linux","test\networktool\misc\MiscTest.java","0"
"Method","osColor_android","test\networktool\misc\MiscTest.java","0"
"Method","osColor_raspberry","test\networktool\misc\MiscTest.java","0"
"Method","osColor_null_returnsFg","test\networktool\misc\MiscTest.java","0"
"Method","osColor_unknown_returnsFgDim","test\networktool\misc\MiscTest.java","0"
"Method","osColor_router","test\networktool\misc\MiscTest.java","0"
"Method","osColor_drucker","test\networktool\misc\MiscTest.java","0"
"Method","osColor_iot","test\networktool\misc\MiscTest.java","0"
"Method","osColor_macos","test\networktool\misc\MiscTest.java","0"
"Method","brighter_returnsLighterColor","test\networktool\misc\MiscTest.java","0"
"Method","assertTrue","test\networktool\misc\MiscTest.java","0"
"Method","dynamicColors_darkMode","test\networktool\misc\MiscTest.java","0"
"Method","dynamicColors_lightMode","test\networktool\misc\MiscTest.java","0"
"Method","themeName_dark","test\networktool\misc\MiscTest.java","0"
"Method","fonts_notNull","test\networktool\misc\MiscTest.java","0"
"Method","clearSession","test\networktool\misc\MiscTest.java","0"
"Method","noSession_encryptReturnsPlaintext","test\networktool\misc\MiscTest.java","0"
"Method","setPassword_enablesSession","test\networktool\misc\MiscTest.java","0"
"Method","encrypt_producesPrefix","test\networktool\misc\MiscTest.java","0"
"Method","assertTrue","test\networktool\misc\MiscTest.java","0"
"Method","encrypt_decrypt_roundtrip","test\networktool\misc\MiscTest.java","0"
"Method","assertEquals","test\networktool\misc\MiscTest.java","0"
"Method","decrypt_wrongPassword_throwsNoteDecryptionException","test\networktool\misc\MiscTest.java","0"
"Method","assertThrows","test\networktool\misc\MiscTest.java","0"
"Method","decrypt_notEncrypted_returnsInput","test\networktool\misc\MiscTest.java","0"
"Method","isEncrypted_false_forPlain","test\networktool\misc\MiscTest.java","0"
"Method","isEncrypted_null_false","test\networktool\misc\MiscTest.java","0"
"Method","encrypt_nullInput_returnsNull","test\networktool\misc\MiscTest.java","0"
"Method","clearSession_disablesKey","test\networktool\misc\MiscTest.java","0"
"Method","resolveDataDir_notNull","test\networktool\misc\MiscTest.java","0"
"Method","extractJsonStr_delegatesToJsonCodec","test\networktool\misc\MiscTest.java","0"
"Method","escapeJson_escapesQuotes","test\networktool\misc\MiscTest.java","0"
"Method","escapeJson_null_returnsEmpty","test\networktool\misc\MiscTest.java","0"
"Method","exportCsv_createsFile","test\networktool\misc\MiscTest.java","0"
"Method","exportCsv_hasHeader","test\networktool\misc\MiscTest.java","0"
"Method","exportJson_createsFile","test\networktool\misc\MiscTest.java","0"
"Method","exportHtml_createsFile","test\networktool\misc\MiscTest.java","0"
"Method","exportHtml_containsTableTag","test\networktool\misc\MiscTest.java","0"
"Method","importCsv_emptyFile_returnsZero","test\networktool\misc\MiscTest.java","0"
"Method","assertEquals","test\networktool\misc\MiscTest.java","0"
"Method","importJson_emptyArray_returnsZero","test\networktool\misc\MiscTest.java","0"
"Method","assertEquals","test\networktool\misc\MiscTest.java","0"
"Method","cleanup","test\networktool\misc\MiscTest.java","0"
"Method","saveAndGet_roundtrip","test\networktool\misc\MiscTest.java","0"
"Method","assertTrue","test\networktool\misc\MiscTest.java","0"
"Method","assertEquals","test\networktool\misc\MiscTest.java","0"
"Method","delete_removesProfile","test\networktool\misc\MiscTest.java","0"
"Method","getAll_containsSaved","test\networktool\misc\MiscTest.java","0"
"Method","updateLastRun_persists","test\networktool\misc\MiscTest.java","0"
"Method","assertEquals","test\networktool\misc\MiscTest.java","0"
"Method","save_overwrites_existing","test\networktool\misc\MiscTest.java","0"
"Method","assertEquals","test\networktool\misc\MiscTest.java","0"
"Method","assertEquals","test\networktool\misc\MiscTest.java","0"
"Method","get_missing_returnsEmpty","test\networktool\misc\MiscTest.java","0"
"Method","constructor_full","test\networktool\model\ModelTest.java","0"
"Method","assertEquals","test\networktool\model\ModelTest.java","0"
"Method","assertEquals","test\networktool\model\ModelTest.java","0"
"Method","assertEquals","test\networktool\model\ModelTest.java","0"
"Method","assertEquals","test\networktool\model\ModelTest.java","0"
"Method","assertEquals","test\networktool\model\ModelTest.java","0"
"Method","assertEquals","test\networktool\model\ModelTest.java","0"
"Method","constructor_nullPorts_emptyMap","test\networktool\model\ModelTest.java","0"
"Method","assertNotNull","test\networktool\model\ModelTest.java","0"
"Method","assertTrue","test\networktool\model\ModelTest.java","0"
"Method","constructor_nullNotes_emptyString","test\networktool\model\ModelTest.java","0"
"Method","assertEquals","test\networktool\model\ModelTest.java","0"
"Method","getPorts_isUnmodifiable","test\networktool\model\ModelTest.java","0"
"Method","assertThrows","test\networktool\model\ModelTest.java","0"
"Method","portsToString_withPorts","test\networktool\model\ModelTest.java","0"
"Method","assertTrue","test\networktool\model\ModelTest.java","0"
"Method","assertTrue","test\networktool\model\ModelTest.java","0"
"Method","portsToString_empty","test\networktool\model\ModelTest.java","0"
"Method","assertEquals","test\networktool\model\ModelTest.java","0"
"Method","threeParamConstructor","test\networktool\model\ModelTest.java","0"
"Method","assertEquals","test\networktool\model\ModelTest.java","0"
"Method","assertNull","test\networktool\model\ModelTest.java","0"
"Method","portsCopied_notShared","test\networktool\model\ModelTest.java","0"
"Method","assertFalse","test\networktool\model\ModelTest.java","0"
"Method","getters_returnCorrectValues","test\networktool\model\ModelTest.java","0"
"Method","assertEquals","test\networktool\model\ModelTest.java","0"
"Method","assertEquals","test\networktool\model\ModelTest.java","0"
"Method","assertEquals","test\networktool\model\ModelTest.java","0"
"Method","assertEquals","test\networktool\model\ModelTest.java","0"
"Method","emptyPorts","test\networktool\model\ModelTest.java","0"
"Method","assertTrue","test\networktool\model\ModelTest.java","0"
"Method","nullHostname","test\networktool\model\ModelTest.java","0"
"Method","assertNull","test\networktool\model\ModelTest.java","0"
"Method","defaults","test\networktool\model\ModelTest.java","0"
"Method","assertEquals","test\networktool\model\ModelTest.java","0"
"Method","assertTrue","test\networktool\model\ModelTest.java","0"
"Method","assertEquals","test\networktool\model\ModelTest.java","0"
"Method","assertFalse","test\networktool\model\ModelTest.java","0"
"Method","summary_local","test\networktool\model\ModelTest.java","0"
"Method","assertTrue","test\networktool\model\ModelTest.java","0"
"Method","assertTrue","test\networktool\model\ModelTest.java","0"
"Method","summary_withCidr","test\networktool\model\ModelTest.java","0"
"Method","assertTrue","test\networktool\model\ModelTest.java","0"
"Method","summary_withFilters","test\networktool\model\ModelTest.java","0"
"Method","assertTrue","test\networktool\model\ModelTest.java","0"
"Method","assertTrue","test\networktool\model\ModelTest.java","0"
"Method","lookup_apple_oui","test\networktool\network\NetworkTest.java","0"
"Method","lookup_raspberry","test\networktool\network\NetworkTest.java","0"
"Method","lookup_samsung","test\networktool\network\NetworkTest.java","0"
"Method","lookup_nothing_phone","test\networktool\network\NetworkTest.java","0"
"Method","lookup_unknown_returnsNull","test\networktool\network\NetworkTest.java","0"
"Method","lookup_null_returnsNull","test\networktool\network\NetworkTest.java","0"
"Method","lookup_caseInsensitive","test\networktool\network\NetworkTest.java","0"
"Method","assertEquals","test\networktool\network\NetworkTest.java","0"
"Method","setup","test\networktool\network\NetworkTest.java","0"
"Method","teardown","test\networktool\network\NetworkTest.java","0"
"Method","createNetwork_appears_in_allNames","test\networktool\network\NetworkTest.java","0"
"Method","testNetwork_hidden_from_gui_getNetworkNames","test\networktool\network\NetworkTest.java","0"
"Method","saveHost_and_retrieve","test\networktool\network\NetworkTest.java","0"
"Method","assertTrue","test\networktool\network\NetworkTest.java","0"
"Method","savedTestHost_hidden_from_getAllHosts","test\networktool\network\NetworkTest.java","0"
"Method","assertFalse","test\networktool\network\NetworkTest.java","0"
"Method","removeHost","test\networktool\network\NetworkTest.java","0"
"Method","assertFalse","test\networktool\network\NetworkTest.java","0"
"Method","findNetwork_returnsCategoryName","test\networktool\network\NetworkTest.java","0"
"Method","assertEquals","test\networktool\network\NetworkTest.java","0"
"Method","updateNotes_persists","test\networktool\network\NetworkTest.java","0"
"Method","assertTrue","test\networktool\network\NetworkTest.java","0"
"Method","ipMatchesNetwork_true","test\networktool\network\NetworkTest.java","0"
"Method","ipMatchesNetwork_false","test\networktool\network\NetworkTest.java","0"
"Method","allCategory_alwaysTrue","test\networktool\network\NetworkTest.java","0"
"Method","save_wrongPrefix_rejected","test\networktool\network\NetworkTest.java","0"
"Method","assertFalse","test\networktool\network\NetworkTest.java","0"
"Method","renameNetwork","test\networktool\network\NetworkTest.java","0"
"Method","assertFalse","test\networktool\network\NetworkTest.java","0"
"Method","assertTrue","test\networktool\network\NetworkTest.java","0"
"Method","getPrefix_returnsCorrect","test\networktool\network\NetworkTest.java","0"
"Method","getAllHostsInternal_includesTestEntries","test\networktool\network\NetworkTest.java","0"
"Method","assertTrue","test\networktool\network\NetworkTest.java","0"
"Method","defaultPorts_notEmpty","test\networktool\network\NetworkTest.java","0"
"Method","fastPorts_notEmpty","test\networktool\network\NetworkTest.java","0"
"Method","setActivePorts_null_resetsToDefault","test\networktool\network\NetworkTest.java","0"
"Method","assertEquals","test\networktool\network\NetworkTest.java","0"
"Method","setActivePorts_custom","test\networktool\network\NetworkTest.java","0"
"Method","assertEquals","test\networktool\network\NetworkTest.java","0"
"Method","setActivePorts_empty_resetsToDefault","test\networktool\network\NetworkTest.java","0"
"Method","assertEquals","test\networktool\network\NetworkTest.java","0"
"Method","stop","test\networktool\security\SecurityMonitorTest.java","0"
"Method","isActive_initiallyFalse","test\networktool\security\SecurityMonitorTest.java","0"
"Method","assertFalse","test\networktool\security\SecurityMonitorTest.java","0"
"Method","start_setsActive","test\networktool\security\SecurityMonitorTest.java","0"
"Method","assertTrue","test\networktool\security\SecurityMonitorTest.java","0"
"Method","stop_clearsActive","test\networktool\security\SecurityMonitorTest.java","0"
"Method","assertFalse","test\networktool\security\SecurityMonitorTest.java","0"
"Method","startTwice_doesNotThrow","test\networktool\security\SecurityMonitorTest.java","0"
"Method","assertDoesNotThrow","test\networktool\security\SecurityMonitorTest.java","0"
"Method","addToWhitelist_doesNotThrow","test\networktool\security\SecurityMonitorTest.java","0"
"Method","assertDoesNotThrow","test\networktool\security\SecurityMonitorTest.java","0"
"Method","addToWhitelist_null_doesNotThrow","test\networktool\security\SecurityMonitorTest.java","0"
"Method","assertDoesNotThrow","test\networktool\security\SecurityMonitorTest.java","0"
"Method","addToWhitelist_blank_doesNotThrow","test\networktool\security\SecurityMonitorTest.java","0"
"Method","assertDoesNotThrow","test\networktool\security\SecurityMonitorTest.java","0"
"Method","addBaseline_doesNotThrow","test\networktool\security\SecurityMonitorTest.java","0"
"Method","assertDoesNotThrow","test\networktool\security\SecurityMonitorTest.java","0"
"Method","addBaseline_null_doesNotThrow","test\networktool\security\SecurityMonitorTest.java","0"
"Method","assertDoesNotThrow","test\networktool\security\SecurityMonitorTest.java","0"
"Method","stop_whenNotActive_doesNotThrow","test\networktool\security\SecurityMonitorTest.java","0"
"Method","assertDoesNotThrow","test\networktool\security\SecurityMonitorTest.java","0"
"Method","start_loadsArpBaseline_doesNotThrow","test\networktool\security\SecurityMonitorTest.java","0"
"Method","setup","test\networktool\security\SecurityTest.java","0"
"Method","hasUsers_empty","test\networktool\security\SecurityTest.java","0"
"Method","createUser_success","test\networktool\security\SecurityTest.java","0"
"Method","createUser_shortPassword_rejected","test\networktool\security\SecurityTest.java","0"
"Method","createUser_blankName_rejected","test\networktool\security\SecurityTest.java","0"
"Method","createUser_duplicate_caseInsensitive_rejected","test\networktool\security\SecurityTest.java","0"
"Method","assertFalse","test\networktool\security\SecurityTest.java","0"
"Method","authenticate_correct","test\networktool\security\SecurityTest.java","0"
"Method","assertTrue","test\networktool\security\SecurityTest.java","0"
"Method","assertEquals","test\networktool\security\SecurityTest.java","0"
"Method","authenticate_wrongPassword","test\networktool\security\SecurityTest.java","0"
"Method","authenticate_unknownUser","test\networktool\security\SecurityTest.java","0"
"Method","authenticate_caseInsensitiveUsername","test\networktool\security\SecurityTest.java","0"
"Method","assertTrue","test\networktool\security\SecurityTest.java","0"
"Method","firstUser_isAdmin","test\networktool\security\SecurityTest.java","0"
"Method","assertTrue","test\networktool\security\SecurityTest.java","0"
"Method","secondUser_isNotAdmin","test\networktool\security\SecurityTest.java","0"
"Method","assertFalse","test\networktool\security\SecurityTest.java","0"
"Method","logout_clearsCurrentUser","test\networktool\security\SecurityTest.java","0"
"Method","assertNull","test\networktool\security\SecurityTest.java","0"
"Method","changePassword_success","test\networktool\security\SecurityTest.java","0"
"Method","assertTrue","test\networktool\security\SecurityTest.java","0"
"Method","assertTrue","test\networktool\security\SecurityTest.java","0"
"Method","changePassword_wrongOld_fails","test\networktool\security\SecurityTest.java","0"
"Method","assertFalse","test\networktool\security\SecurityTest.java","0"
"Method","deleteUser_success","test\networktool\security\SecurityTest.java","0"
"Method","assertTrue","test\networktool\security\SecurityTest.java","0"
"Method","deleteUser_lastUser_rejected","test\networktool\security\SecurityTest.java","0"
"Method","assertFalse","test\networktool\security\SecurityTest.java","0"
"Method","listUsernames_returnsAll","test\networktool\security\SecurityTest.java","0"
"Method","assertTrue","test\networktool\security\SecurityTest.java","0"
"Method","assertTrue","test\networktool\security\SecurityTest.java","0"
"Method","getCurrentRole_admin","test\networktool\security\SecurityTest.java","0"
"Method","assertEquals","test\networktool\security\SecurityTest.java","0"
"Method","getCurrentRole_user","test\networktool\security\SecurityTest.java","0"
"Method","assertEquals","test\networktool\security\SecurityTest.java","0"
"Method","isAdmin_notLoggedIn","test\networktool\security\SecurityTest.java","0"
"Method","persistence_survivesReinit","test\networktool\security\SecurityTest.java","0"
"Method","assertTrue","test\networktool\security\SecurityTest.java","0"
"Method","setup","test\networktool\security\SecurityTest.java","0"
"Method","teardown","test\networktool\security\SecurityTest.java","0"
"Method","log_createsFile","test\networktool\security\SecurityTest.java","0"
"Method","assertTrue","test\networktool\security\SecurityTest.java","0"
"Method","log_singleParam","test\networktool\security\SecurityTest.java","0"
"Method","assertTrue","test\networktool\security\SecurityTest.java","0"
"Method","log_withDetail","test\networktool\security\SecurityTest.java","0"
"Method","assertTrue","test\networktool\security\SecurityTest.java","0"
"Method","readRecent_respects_maxLines","test\networktool\security\SecurityTest.java","0"
"Method","assertTrue","test\networktool\security\SecurityTest.java","0"
"Method","readRecent_emptyFile_returnsEmpty","test\networktool\security\SecurityTest.java","0"
"Method","assertTrue","test\networktool\security\SecurityTest.java","0"
"Method","clear_removesEntries","test\networktool\security\SecurityTest.java","0"
"Method","assertTrue","test\networktool\security\SecurityTest.java","0"
"Method","readByUser_filtersCorrectly","test\networktool\security\SecurityTest.java","0"
"Method","assertTrue","test\networktool\security\SecurityTest.java","0"
"Method","parse_ndjsonFormat","test\networktool\security\SecurityTest.java","0"
"Method","assertNotNull","test\networktool\security\SecurityTest.java","0"
"Method","assertEquals","test\networktool\security\SecurityTest.java","0"
"Method","assertEquals","test\networktool\security\SecurityTest.java","0"
"Method","assertEquals","test\networktool\security\SecurityTest.java","0"
"Method","parse_invalidLine_returnsNull","test\networktool\security\SecurityTest.java","0"
"Method","assertNull","test\networktool\security\SecurityTest.java","0"
"Method","assertNull","test\networktool\security\SecurityTest.java","0"
"Method","assertNull","test\networktool\security\SecurityTest.java","0"
"Method","multipleLogCalls_allPersisted","test\networktool\security\SecurityTest.java","0"
"Method","assertEquals","test\networktool\security\SecurityTest.java","0"
"Method","logEntry_defaultDetail_empty","test\networktool\security\SecurityTest.java","0"
"Method","assertNotNull","test\networktool\security\SecurityTest.java","0"
"Method","assertNotNull","test\networktool\security\SecurityTest.java","0"
"Method","noInit_doesNotThrow","test\networktool\security\SecurityTest.java","0"
"Method","assertDoesNotThrow","test\networktool\security\SecurityTest.java","0"
"Method","cleanup","test\networktool\storage\ScanProfileStoreExtTest.java","0"
"Method","save_withCidrs_persisted","test\networktool\storage\ScanProfileStoreExtTest.java","0"
"Method","assertEquals","test\networktool\storage\ScanProfileStoreExtTest.java","0"
"Method","assertTrue","test\networktool\storage\ScanProfileStoreExtTest.java","0"
"Method","save_withPorts_persisted","test\networktool\storage\ScanProfileStoreExtTest.java","0"
"Method","assertTrue","test\networktool\storage\ScanProfileStoreExtTest.java","0"
"Method","assertTrue","test\networktool\storage\ScanProfileStoreExtTest.java","0"
"Method","save_autoSave_true_persisted","test\networktool\storage\ScanProfileStoreExtTest.java","0"
"Method","assertTrue","test\networktool\storage\ScanProfileStoreExtTest.java","0"
"Method","assertEquals","test\networktool\storage\ScanProfileStoreExtTest.java","0"
"Method","save_hnFilter_persisted","test\networktool\storage\ScanProfileStoreExtTest.java","0"
"Method","assertEquals","test\networktool\storage\ScanProfileStoreExtTest.java","0"
"Method","delete_nonExistent_doesNotThrow","test\networktool\storage\ScanProfileStoreExtTest.java","0"
"Method","getAll_returnsUnmodifiable","test\networktool\storage\ScanProfileStoreExtTest.java","0"
"Method","updateLastRun_unknownProfile_noThrow","test\networktool\storage\ScanProfileStoreExtTest.java","0"
"Method","save_emptyProfile_defaults","test\networktool\storage\ScanProfileStoreExtTest.java","0"
"Method","assertEquals","test\networktool\storage\ScanProfileStoreExtTest.java","0"
"Method","assertEquals","test\networktool\storage\ScanProfileStoreExtTest.java","0"
"Method","assertFalse","test\networktool\storage\ScanProfileStoreExtTest.java","0"
"Method","assertTrue","test\networktool\storage\ScanProfileStoreExtTest.java","0"
"Method","assertTrue","test\networktool\storage\ScanProfileStoreExtTest.java","0"
"Method","save_withAllFields_roundtrip","test\networktool\storage\ScanProfileStoreExtTest.java","0"
"Method","assertEquals","test\networktool\storage\ScanProfileStoreExtTest.java","0"
"Method","assertEquals","test\networktool\storage\ScanProfileStoreExtTest.java","0"
"Method","assertTrue","test\networktool\storage\ScanProfileStoreExtTest.java","0"
"Method","assertEquals","test\networktool\storage\ScanProfileStoreExtTest.java","0"
"Method","assertTrue","test\networktool\storage\ScanProfileStoreExtTest.java","0"
"Method","assertTrue","test\networktool\storage\ScanProfileStoreExtTest.java","0"
"Method","setup","test\networktool\storage\StorageExtTest.java","0"
"Method","save_and_getAll","test\networktool\storage\StorageExtTest.java","0"
"Method","assertTrue","test\networktool\storage\StorageExtTest.java","0"
"Method","save_duplicate_updatesPortsOnly","test\networktool\storage\StorageExtTest.java","0"
"Method","assertEquals","test\networktool\storage\StorageExtTest.java","0"
"Method","remove_existing","test\networktool\storage\StorageExtTest.java","0"
"Method","assertFalse","test\networktool\storage\StorageExtTest.java","0"
"Method","remove_nonExistent_doesNotThrow","test\networktool\storage\StorageExtTest.java","0"
"Method","assertDoesNotThrow","test\networktool\storage\StorageExtTest.java","0"
"Method","updateNotes_persists","test\networktool\storage\StorageExtTest.java","0"
"Method","assertTrue","test\networktool\storage\StorageExtTest.java","0"
"Method","addChangeListener_notifiedOnSave","test\networktool\storage\StorageExtTest.java","0"
"Method","assertTrue","test\networktool\storage\StorageExtTest.java","0"
"Method","getAll_notNull","test\networktool\storage\StorageExtTest.java","0"
"Method","save_null_doesNotThrow","test\networktool\storage\StorageExtTest.java","0"
"Method","save_blankIp_doesNotThrow","test\networktool\storage\StorageExtTest.java","0"
"Method","persistence_survivesReinit","test\networktool\storage\StorageExtTest.java","0"
"Method","assertTrue","test\networktool\storage\StorageExtTest.java","0"
"Method","extractStr_simple","test\networktool\storage\StorageTest.java","0"
"Method","extractStr_missing_null","test\networktool\storage\StorageTest.java","0"
"Method","esc_nullReturnsEmpty","test\networktool\storage\StorageTest.java","0"
"Method","esc_escapesQuotes","test\networktool\storage\StorageTest.java","0"
"Method","esc_escapesBackslash","test\networktool\storage\StorageTest.java","0"
"Method","esc_escapesNewline","test\networktool\storage\StorageTest.java","0"
"Method","buildStringArrayJson_roundtrip","test\networktool\storage\StorageTest.java","0"
"Method","assertTrue","test\networktool\storage\StorageTest.java","0"
"Method","assertEquals","test\networktool\storage\StorageTest.java","0"
"Method","assertTrue","test\networktool\storage\StorageTest.java","0"
"Method","extractStr_withEscapes","test\networktool\storage\StorageTest.java","0"
"Method","assertNotNull","test\networktool\storage\StorageTest.java","0"
"Method","assertTrue","test\networktool\storage\StorageTest.java","0"
"Method","extractStringArray_empty","test\networktool\storage\StorageTest.java","0"
"Method","extractStringArray_missingKey","test\networktool\storage\StorageTest.java","0"
"Method","findArrayStart_found","test\networktool\storage\StorageTest.java","0"
"Method","assertTrue","test\networktool\storage\StorageTest.java","0"
"Method","findArrayStart_missing","test\networktool\storage\StorageTest.java","0"
"Method","extractObjects_twoObjects","test\networktool\storage\StorageTest.java","0"
"Method","invokeExtractStr","test\networktool\storage\StorageTest.java","0"
"Method","invokeEsc","test\networktool\storage\StorageTest.java","0"
"Method","invokeBuildStringArrayJson","test\networktool\storage\StorageTest.java","0"
"Method","invokeExtractStringArray","test\networktool\storage\StorageTest.java","0"
"Method","invokeFindArrayStart","test\networktool\storage\StorageTest.java","0"
"Method","invokeExtractObjects","test\networktool\storage\StorageTest.java","0"
"Method","setup","test\networktool\storage\StorageTest.java","0"
"Method","add_and_getAll","test\networktool\storage\StorageTest.java","0"
"Method","clear_removesAll","test\networktool\storage\StorageTest.java","0"
"Method","maxEntries_respected","test\networktool\storage\StorageTest.java","0"
"Method","newestFirst","test\networktool\storage\StorageTest.java","0"
"Method","listener_calledOnAdd","test\networktool\storage\StorageTest.java","0"
"Method","listener_calledOnClear","test\networktool\storage\StorageTest.java","0"
"Method","loopbackReachable","test\networktool\transfer\TransferTest.java","0"
"Method","testDownload_unreachable_negative","test\networktool\transfer\TransferTest.java","0"
"Method","assertTrue","test\networktool\transfer\TransferTest.java","0"
"Method","testUpload_unreachable_negative","test\networktool\transfer\TransferTest.java","0"
"Method","assertTrue","test\networktool\transfer\TransferTest.java","0"
"Method","testBoth_doesNotThrow","test\networktool\transfer\TransferTest.java","0"
"Method","assertDoesNotThrow","test\networktool\transfer\TransferTest.java","0"
"Method","sendAndReceive_roundtrip","test\networktool\transfer\TransferTest.java","0"
"Method","assumeTrue","test\networktool\transfer\TransferTest.java","0"
"Method","try","test\networktool\transfer\TransferTest.java","0"
"Method","FileServer","test\networktool\transfer\TransferTest.java","0"
"Method","FileClient","test\networktool\transfer\TransferTest.java","0"
"Method","assertTrue","test\networktool\transfer\TransferTest.java","0"
"Method","assertEquals","test\networktool\transfer\TransferTest.java","0"
"Method","fileClient_missingFile_doesNotThrow","test\networktool\transfer\TransferTest.java","0"
"Method","assertDoesNotThrow","test\networktool\transfer\TransferTest.java","0"
"Method","fileServer_start_doesNotThrow","test\networktool\transfer\TransferTest.java","0"
"Method","assertDoesNotThrow","test\networktool\transfer\TransferTest.java","0"
"Method","PollHelper","test\networktool\util\PollHelper.java","0"
"Method","waitFor","test\networktool\util\PollHelper.java","0"
"Method","waitFor","test\networktool\util\PollHelper.java","0"
"Method","waitFor","test\networktool\util\PollHelper.java","0"
"Method","waitFor","test\networktool\util\PollHelper.java","0"
"Method","waitFor","test\networktool\util\PollHelper.java","0"
"Method","isSafeIp_valid","test\networktool\util\UtilTest.java","0"
"Method","isSafeIp_invalid","test\networktool\util\UtilTest.java","0"
"Method","isSafeIp_null","test\networktool\util\UtilTest.java","0"
"Method","isSafeIp_empty","test\networktool\util\UtilTest.java","0"
"Method","isSafeIp_ipv6","test\networktool\util\UtilTest.java","0"
"Method","isSafeMac_valid","test\networktool\util\UtilTest.java","0"
"Method","isSafeMac_dashFormat","test\networktool\util\UtilTest.java","0"
"Method","isSafeMac_invalid","test\networktool\util\UtilTest.java","0"
"Method","isSafeCidr_valid","test\networktool\util\UtilTest.java","0"
"Method","isSafeCidr_invalid","test\networktool\util\UtilTest.java","0"
"Method","isSafeHostname_valid","test\networktool\util\UtilTest.java","0"
"Method","isSafeHostname_inject","test\networktool\util\UtilTest.java","0"
"Method","requireSafeIp_valid","test\networktool\util\UtilTest.java","0"
"Method","requireSafeIp_invalid","test\networktool\util\UtilTest.java","0"
"Method","escapePowerShell_quote","test\networktool\util\UtilTest.java","0"
"Method","escapePowerShell_null","test\networktool\util\UtilTest.java","0"
"Method","escapeSshArg_quote","test\networktool\util\UtilTest.java","0"
"Method","escapeSshArg_backslash","test\networktool\util\UtilTest.java","0"
"Method","isWindows_returnsBoolean","test\networktool\util\UtilTest.java","0"
"Method","validIp","test\networktool\util\UtilTest.java","0"
"Method","invalidOctet","test\networktool\util\UtilTest.java","0"
"Method","tooFewOctets","test\networktool\util\UtilTest.java","0"
"Method","nullIp","test\networktool\util\UtilTest.java","0"
"Method","validCidr","test\networktool\util\UtilTest.java","0"
"Method","invalidCidrPrefix","test\networktool\util\UtilTest.java","0"
"Method","validHostname","test\networktool\util\UtilTest.java","0"
"Method","sanitize_valid","test\networktool\util\UtilTest.java","0"
"Method","sanitize_invalid","test\networktool\util\UtilTest.java","0"
"Method","sanitize_null","test\networktool\util\UtilTest.java","0"
"Method","setup","test\networktool\util\UtilTest.java","0"
"Method","teardown","test\networktool\util\UtilTest.java","0"
"Method","notLockedInitially","test\networktool\util\UtilTest.java","0"
"Method","attemptsStartAtZero","test\networktool\util\UtilTest.java","0"
"Method","lockAfterMaxAttempts","test\networktool\util\UtilTest.java","0"
"Method","assertFalse","test\networktool\util\UtilTest.java","0"
"Method","assertTrue","test\networktool\util\UtilTest.java","0"
"Method","remainingSecondsPositiveWhenLocked","test\networktool\util\UtilTest.java","0"
"Method","assertTrue","test\networktool\util\UtilTest.java","0"
"Method","successResetsCounter","test\networktool\util\UtilTest.java","0"
"Method","assertEquals","test\networktool\util\UtilTest.java","0"
"Method","assertFalse","test\networktool\util\UtilTest.java","0"
"Method","resetClearsAll","test\networktool\util\UtilTest.java","0"
"Method","assertEquals","test\networktool\util\UtilTest.java","0"
"Method","assertFalse","test\networktool\util\UtilTest.java","0"
"Method","remainingSecondsZeroWhenNotLocked","test\networktool\util\UtilTest.java","0"
"Method","assertEquals","test\networktool\util\UtilTest.java","0"
